[2026-04-13 18:33:15,254] INFO - Servidor de soporte gRPC escuchando en puerto 50052
[2026-04-13 18:36:57,230] INFO - Ticket creado id=1 cliente=cliente-1 prioridad=media
[2026-04-13 18:36:57,231] INFO - Ticket creado id=2 cliente=cliente-2 prioridad=baja
[2026-04-13 18:36:57,231] INFO - Pantalla publica consultada: total=2 altas=0 medias=1 bajas=1
[2026-04-13 18:36:57,274] INFO - desk-1 atendio ticket id=1 prioridad=media cliente=cliente-1
[2026-04-13 18:36:57,276] INFO - desk-2 atendio ticket id=2 prioridad=baja cliente=cliente-2
[2026-04-13 18:36:57,276] INFO - Pantalla publica consultada: total=0 altas=0 medias=0 bajas=0
[2026-04-13 18:36:57,316] INFO - desk-1 solicito ticket pero no habia pendientes
[2026-04-13 18:36:57,318] INFO - desk-3 solicito ticket pero no habia pendientes
[2026-04-13 18:36:57,319] INFO - Ticket creado id=3 cliente=cliente-2 prioridad=alta
[2026-04-13 18:36:57,358] INFO - Ticket creado id=4 cliente=cliente-1 prioridad=alta
[2026-04-13 18:36:57,361] INFO - Ticket creado id=5 cliente=cliente-3 prioridad=baja
[2026-04-13 18:36:57,361] INFO - Pantalla publica consultada: total=3 altas=2 medias=0 bajas=1
[2026-04-13 18:36:57,401] INFO - Pantalla publica consultada: total=3 altas=2 medias=0 bajas=1
[2026-04-13 18:36:57,403] INFO - Ticket creado id=6 cliente=cliente-3 prioridad=baja
[2026-04-13 18:36:57,404] INFO - desk-2 atendio ticket id=3 prioridad=alta cliente=cliente-2
[2026-04-13 18:36:57,444] INFO - Ticket creado id=7 cliente=cliente-1 prioridad=media
[2026-04-13 18:36:57,446] INFO - desk-3 atendio ticket id=4 prioridad=alta cliente=cliente-1
[2026-04-13 18:36:57,446] INFO - Pantalla publica consultada: total=3 altas=0 medias=1 bajas=2
[2026-04-13 18:36:57,486] INFO - Pantalla publica consultada: total=3 altas=0 medias=1 bajas=2
[2026-04-13 18:36:57,489] INFO - desk-3 atendio ticket id=7 prioridad=media cliente=cliente-1
[2026-04-13 18:36:57,490] INFO - desk-2 atendio ticket id=5 prioridad=baja cliente=cliente-3
[2026-04-13 18:36:57,528] INFO - Pantalla publica consultada: total=1 altas=0 medias=0 bajas=1
[2026-04-13 18:36:57,531] INFO - desk-3 atendio ticket id=6 prioridad=baja cliente=cliente-3
[2026-04-13 18:36:57,532] INFO - Pantalla publica consultada: total=0 altas=0 medias=0 bajas=0
[2026-04-13 18:36:57,571] INFO - Ticket creado id=8 cliente=cliente-1 prioridad=baja
[2026-04-13 18:36:57,573] INFO - Pantalla publica consultada: total=1 altas=0 medias=0 bajas=1
[2026-04-13 18:36:57,575] INFO - Ticket creado id=9 cliente=cliente-2 prioridad=alta
[2026-04-13 18:36:57,613] INFO - desk-1 atendio ticket id=9 prioridad=alta cliente=cliente-2
[2026-04-13 18:36:57,615] INFO - Ticket creado id=10 cliente=cliente-3 prioridad=alta
[2026-04-13 18:36:57,616] INFO - Pantalla publica consultada: total=2 altas=1 medias=0 bajas=1
[2026-04-13 18:36:57,655] INFO - Ticket creado id=11 cliente=cliente-1 prioridad=alta
[2026-04-13 18:36:57,657] INFO - Ticket creado id=12 cliente=cliente-3 prioridad=media
[2026-04-13 18:36:57,658] INFO - Ticket creado id=13 cliente=cliente-2 prioridad=alta
[2026-04-13 18:36:57,697] INFO - Pantalla publica consultada: total=5 altas=3 medias=1 bajas=1
[2026-04-13 18:36:57,699] INFO - Ticket creado id=14 cliente=cliente-3 prioridad=baja
[2026-04-13 18:36:57,700] INFO - desk-2 atendio ticket id=10 prioridad=alta cliente=cliente-3
[2026-04-13 18:36:57,739] INFO - Ticket creado id=15 cliente=cliente-1 prioridad=media
[2026-04-13 18:36:57,740] INFO - desk-3 atendio ticket id=11 prioridad=alta cliente=cliente-1
[2026-04-13 18:36:57,742] INFO - Pantalla publica consultada: total=5 altas=1 medias=2 bajas=2
[2026-04-13 18:36:57,782] INFO - Pantalla publica consultada: total=5 altas=1 medias=2 bajas=2
[2026-04-13 18:36:57,783] INFO - Pantalla publica consultada: total=5 altas=1 medias=2 bajas=2
[2026-04-13 18:36:57,784] INFO - desk-2 atendio ticket id=13 prioridad=alta cliente=cliente-2
[2026-04-13 18:36:57,823] INFO - Ticket creado id=16 cliente=cliente-1 prioridad=baja
[2026-04-13 18:36:57,825] INFO - Ticket creado id=17 cliente=cliente-3 prioridad=alta
[2026-04-13 18:36:57,826] INFO - Ticket creado id=18 cliente=cliente-2 prioridad=alta
[2026-04-13 18:36:57,866] INFO - desk-1 atendio ticket id=17 prioridad=alta cliente=cliente-3
[2026-04-13 18:36:57,868] INFO - desk-3 atendio ticket id=18 prioridad=alta cliente=cliente-2
[2026-04-13 18:36:57,868] INFO - Pantalla publica consultada: total=5 altas=0 medias=2 bajas=3
[2026-04-13 18:36:57,909] INFO - Pantalla publica consultada: total=5 altas=0 medias=2 bajas=3
[2026-04-13 18:36:57,912] INFO - Ticket creado id=19 cliente=cliente-3 prioridad=media
[2026-04-13 18:36:57,913] INFO - Ticket creado id=20 cliente=cliente-2 prioridad=baja
[2026-04-13 18:36:57,952] INFO - Ticket creado id=21 cliente=cliente-1 prioridad=media
[2026-04-13 18:36:57,954] INFO - Pantalla publica consultada: total=8 altas=0 medias=4 bajas=4
[2026-04-13 18:36:57,955] INFO - Pantalla publica consultada: total=8 altas=0 medias=4 bajas=4
[2026-04-13 18:36:57,995] INFO - desk-1 atendio ticket id=12 prioridad=media cliente=cliente-3
[2026-04-13 18:36:57,997] INFO - Ticket creado id=22 cliente=cliente-3 prioridad=baja
[2026-04-13 18:36:57,998] INFO - Ticket creado id=23 cliente=cliente-2 prioridad=baja
[2026-04-13 18:36:58,038] INFO - Ticket creado id=24 cliente=cliente-1 prioridad=alta
[2026-04-13 18:36:58,041] INFO - Pantalla publica consultada: total=10 altas=1 medias=3 bajas=6
[2026-04-13 18:36:58,042] INFO - Ticket creado id=25 cliente=cliente-2 prioridad=alta
[2026-04-13 18:36:58,081] INFO - desk-1 atendio ticket id=24 prioridad=alta cliente=cliente-1
[2026-04-13 18:36:58,082] INFO - Ticket creado id=26 cliente=cliente-3 prioridad=baja
[2026-04-13 18:36:58,083] INFO - desk-2 atendio ticket id=25 prioridad=alta cliente=cliente-2
[2026-04-13 18:36:58,124] INFO - desk-1 atendio ticket id=15 prioridad=media cliente=cliente-1
[2026-04-13 18:36:58,126] INFO - Ticket creado id=27 cliente=cliente-3 prioridad=baja
[2026-04-13 18:36:58,127] INFO - Pantalla publica consultada: total=10 altas=0 medias=2 bajas=8
[2026-04-13 18:36:58,167] INFO - Ticket creado id=28 cliente=cliente-1 prioridad=alta
[2026-04-13 18:36:58,169] INFO - Ticket creado id=29 cliente=cliente-3 prioridad=baja
[2026-04-13 18:36:58,170] INFO - desk-2 atendio ticket id=28 prioridad=alta cliente=cliente-1
[2026-04-13 18:36:58,209] INFO - Pantalla publica consultada: total=11 altas=0 medias=2 bajas=9
[2026-04-13 18:36:58,211] INFO - Ticket creado id=30 cliente=cliente-3 prioridad=media
[2026-04-13 18:36:58,211] INFO - Pantalla publica consultada: total=12 altas=0 medias=3 bajas=9
[2026-04-13 18:36:58,251] INFO - Ticket creado id=31 cliente=cliente-1 prioridad=baja
[2026-04-13 18:36:58,253] INFO - Pantalla publica consultada: total=13 altas=0 medias=3 bajas=10
[2026-04-13 18:36:58,254] INFO - Ticket creado id=32 cliente=cliente-2 prioridad=alta
[2026-04-13 18:36:58,294] INFO - Ticket creado id=33 cliente=cliente-1 prioridad=media
[2026-04-13 18:36:58,296] INFO - Ticket creado id=34 cliente=cliente-3 prioridad=media
[2026-04-13 18:36:58,297] INFO - desk-2 atendio ticket id=32 prioridad=alta cliente=cliente-2
[2026-04-13 18:36:58,338] INFO - desk-1 atendio ticket id=19 prioridad=media cliente=cliente-3
[2026-04-13 18:36:58,342] INFO - Pantalla publica consultada: total=14 altas=0 medias=4 bajas=10
[2026-04-13 18:36:58,343] INFO - desk-3 atendio ticket id=21 prioridad=media cliente=cliente-1
[2026-04-13 18:36:58,382] INFO - Ticket creado id=35 cliente=cliente-1 prioridad=baja
[2026-04-13 18:36:58,386] INFO - Ticket creado id=36 cliente=cliente-2 prioridad=baja
[2026-04-13 18:36:58,387] INFO - Ticket creado id=37 cliente=cliente-3 prioridad=baja
[2026-04-13 18:36:58,424] INFO - desk-1 atendio ticket id=30 prioridad=media cliente=cliente-3
[2026-04-13 18:36:58,429] INFO - Pantalla publica consultada: total=15 altas=0 medias=2 bajas=13
[2026-04-13 18:36:58,429] INFO - desk-3 atendio ticket id=33 prioridad=media cliente=cliente-1
[2026-04-13 18:36:58,466] INFO - Pantalla publica consultada: total=14 altas=0 medias=1 bajas=13
[2026-04-13 18:36:58,471] INFO - Ticket creado id=38 cliente=cliente-2 prioridad=alta
[2026-04-13 18:36:58,473] INFO - desk-3 atendio ticket id=38 prioridad=alta cliente=cliente-2
[2026-04-13 18:36:58,508] INFO - desk-1 atendio ticket id=34 prioridad=media cliente=cliente-3
[2026-04-13 18:36:58,513] INFO - Ticket creado id=39 cliente=cliente-2 prioridad=alta
[2026-04-13 18:36:58,515] INFO - Ticket creado id=40 cliente=cliente-3 prioridad=baja
[2026-04-13 18:36:58,551] INFO - desk-1 atendio ticket id=39 prioridad=alta cliente=cliente-2
[2026-04-13 18:36:58,554] INFO - desk-2 atendio ticket id=8 prioridad=baja cliente=cliente-1
[2026-04-13 18:36:58,556] INFO - Ticket creado id=41 cliente=cliente-3 prioridad=baja
[2026-04-13 18:36:58,592] INFO - Pantalla publica consultada: total=14 altas=0 medias=0 bajas=14
[2026-04-13 18:36:58,597] INFO - desk-2 atendio ticket id=14 prioridad=baja cliente=cliente-3
[2026-04-13 18:36:58,598] INFO - Ticket creado id=42 cliente=cliente-3 prioridad=baja
[2026-04-13 18:36:58,635] INFO - desk-1 atendio ticket id=16 prioridad=baja cliente=cliente-1
[2026-04-13 18:36:58,639] INFO - Ticket creado id=43 cliente=cliente-2 prioridad=alta
[2026-04-13 18:36:58,640] INFO - Ticket creado id=44 cliente=cliente-3 prioridad=media
[2026-04-13 18:36:58,678] INFO - Ticket creado id=45 cliente=cliente-1 prioridad=baja
[2026-04-13 18:36:58,680] INFO - Pantalla publica consultada: total=16 altas=1 medias=1 bajas=14
[2026-04-13 18:36:58,682] INFO - desk-3 atendio ticket id=43 prioridad=alta cliente=cliente-2
[2026-04-13 18:36:58,721] INFO - Pantalla publica consultada: total=15 altas=0 medias=1 bajas=14
[2026-04-13 18:36:58,722] INFO - Ticket creado id=46 cliente=cliente-2 prioridad=alta
[2026-04-13 18:36:58,724] INFO - Ticket creado id=47 cliente=cliente-3 prioridad=baja
[2026-04-13 18:36:58,763] INFO - Pantalla publica consultada: total=17 altas=1 medias=1 bajas=15
[2026-04-13 18:36:58,764] INFO - Ticket creado id=48 cliente=cliente-2 prioridad=media
[2026-04-13 18:36:58,766] INFO - Ticket creado id=49 cliente=cliente-3 prioridad=media
[2026-04-13 18:36:58,806] INFO - desk-1 atendio ticket id=46 prioridad=alta cliente=cliente-2
[2026-04-13 18:36:58,808] INFO - Ticket creado id=50 cliente=cliente-2 prioridad=alta
[2026-04-13 18:36:58,809] INFO - Ticket creado id=51 cliente=cliente-3 prioridad=media
[2026-04-13 18:36:58,848] INFO - Ticket creado id=52 cliente=cliente-1 prioridad=baja
[2026-04-13 18:36:58,850] INFO - desk-2 atendio ticket id=50 prioridad=alta cliente=cliente-2
[2026-04-13 18:36:58,851] INFO - Pantalla publica consultada: total=20 altas=0 medias=4 bajas=16
[2026-04-13 18:36:58,891] INFO - Ticket creado id=53 cliente=cliente-1 prioridad=baja
[2026-04-13 18:36:58,893] INFO - Ticket creado id=54 cliente=cliente-3 prioridad=baja
[2026-04-13 18:36:58,894] INFO - Ticket creado id=55 cliente=cliente-2 prioridad=baja
[2026-04-13 18:36:58,933] INFO - Ticket creado id=56 cliente=cliente-1 prioridad=media
[2026-04-13 18:36:58,935] INFO - desk-3 atendio ticket id=44 prioridad=media cliente=cliente-3
[2026-04-13 18:36:58,937] INFO - Ticket creado id=57 cliente=cliente-2 prioridad=baja
[2026-04-13 18:36:58,976] INFO - Ticket creado id=58 cliente=cliente-1 prioridad=media
[2026-04-13 18:36:58,978] INFO - desk-3 atendio ticket id=48 prioridad=media cliente=cliente-2
[2026-04-13 18:36:58,979] INFO - desk-2 atendio ticket id=49 prioridad=media cliente=cliente-3
[2026-04-13 18:36:59,019] INFO - Ticket creado id=59 cliente=cliente-1 prioridad=media
[2026-04-13 18:36:59,021] INFO - Ticket creado id=60 cliente=cliente-3 prioridad=media
[2026-04-13 18:36:59,023] INFO - Ticket creado id=61 cliente=cliente-2 prioridad=baja
[2026-04-13 18:36:59,061] INFO - Pantalla publica consultada: total=26 altas=0 medias=5 bajas=21
[2026-04-13 18:36:59,065] INFO - Ticket creado id=62 cliente=cliente-3 prioridad=media
[2026-04-13 18:36:59,066] INFO - desk-2 atendio ticket id=51 prioridad=media cliente=cliente-3
[2026-04-13 18:36:59,104] INFO - Ticket creado id=63 cliente=cliente-1 prioridad=media
[2026-04-13 18:36:59,106] INFO - Pantalla publica consultada: total=27 altas=0 medias=6 bajas=21
[2026-04-13 18:36:59,108] INFO - Ticket creado id=64 cliente=cliente-2 prioridad=baja
[2026-04-13 18:36:59,147] INFO - desk-1 atendio ticket id=56 prioridad=media cliente=cliente-1
[2026-04-13 18:36:59,149] INFO - desk-3 atendio ticket id=58 prioridad=media cliente=cliente-1
[2026-04-13 18:36:59,150] INFO - Pantalla publica consultada: total=26 altas=0 medias=4 bajas=22
[2026-04-13 18:36:59,189] INFO - Pantalla publica consultada: total=26 altas=0 medias=4 bajas=22
[2026-04-13 18:36:59,190] INFO - Pantalla publica consultada: total=26 altas=0 medias=4 bajas=22
[2026-04-13 18:36:59,192] INFO - Ticket creado id=65 cliente=cliente-2 prioridad=baja
[2026-04-13 18:36:59,231] INFO - desk-1 atendio ticket id=59 prioridad=media cliente=cliente-1
[2026-04-13 18:36:59,232] INFO - Ticket creado id=66 cliente=cliente-3 prioridad=alta
[2026-04-13 18:36:59,234] INFO - Ticket creado id=67 cliente=cliente-2 prioridad=media
[2026-04-13 18:36:59,274] INFO - Ticket creado id=68 cliente=cliente-1 prioridad=media
[2026-04-13 18:36:59,276] INFO - Ticket creado id=69 cliente=cliente-3 prioridad=media
[2026-04-13 18:36:59,277] INFO - Ticket creado id=70 cliente=cliente-2 prioridad=alta
[2026-04-13 18:36:59,317] INFO - Ticket creado id=71 cliente=cliente-1 prioridad=alta
[2026-04-13 18:36:59,319] INFO - Ticket creado id=72 cliente=cliente-3 prioridad=alta
[2026-04-13 18:36:59,320] INFO - Ticket creado id=73 cliente=cliente-2 prioridad=media
[2026-04-13 18:36:59,359] INFO - Ticket creado id=74 cliente=cliente-1 prioridad=baja
[2026-04-13 18:36:59,362] INFO - Ticket creado id=75 cliente=cliente-3 prioridad=alta
[2026-04-13 18:36:59,362] INFO - Ticket creado id=76 cliente=cliente-2 prioridad=baja
[2026-04-13 18:36:59,402] INFO - desk-1 atendio ticket id=66 prioridad=alta cliente=cliente-3
[2026-04-13 18:36:59,404] INFO - Pantalla publica consultada: total=36 altas=4 medias=7 bajas=25
[2026-04-13 18:36:59,405] INFO - Ticket creado id=77 cliente=cliente-2 prioridad=media
[2026-04-13 18:36:59,446] INFO - Ticket creado id=78 cliente=cliente-1 prioridad=baja
[2026-04-13 18:36:59,448] INFO - Pantalla publica consultada: total=38 altas=4 medias=8 bajas=26
[2026-04-13 18:36:59,449] INFO - desk-2 atendio ticket id=70 prioridad=alta cliente=cliente-2
[2026-04-13 18:36:59,490] INFO - Ticket creado id=79 cliente=cliente-1 prioridad=baja
[2026-04-13 18:36:59,492] INFO - desk-3 atendio ticket id=71 prioridad=alta cliente=cliente-1
[2026-04-13 18:36:59,492] INFO - Pantalla publica consultada: total=37 altas=2 medias=8 bajas=27
[2026-04-13 18:36:59,532] INFO - desk-1 atendio ticket id=72 prioridad=alta cliente=cliente-3
[2026-04-13 18:36:59,534] INFO - desk-3 atendio ticket id=75 prioridad=alta cliente=cliente-3
[2026-04-13 18:36:59,535] INFO - desk-2 atendio ticket id=60 prioridad=media cliente=cliente-3
[2026-04-13 18:36:59,575] INFO - desk-1 atendio ticket id=62 prioridad=media cliente=cliente-3
[2026-04-13 18:36:59,577] INFO - desk-3 atendio ticket id=63 prioridad=media cliente=cliente-1
[2026-04-13 18:36:59,577] INFO - Pantalla publica consultada: total=32 altas=0 medias=5 bajas=27
[2026-04-13 18:36:59,617] INFO - Ticket creado id=80 cliente=cliente-1 prioridad=baja
[2026-04-13 18:36:59,620] INFO - desk-2 atendio ticket id=67 prioridad=media cliente=cliente-2
[2026-04-13 18:36:59,621] INFO - desk-3 atendio ticket id=68 prioridad=media cliente=cliente-1
[2026-04-13 18:36:59,660] INFO - Ticket creado id=81 cliente=cliente-1 prioridad=alta
[2026-04-13 18:36:59,662] INFO - Pantalla publica consultada: total=32 altas=1 medias=3 bajas=28
[2026-04-13 18:36:59,663] INFO - Pantalla publica consultada: total=32 altas=1 medias=3 bajas=28
[2026-04-13 18:36:59,702] INFO - Ticket creado id=82 cliente=cliente-1 prioridad=media
[2026-04-13 18:36:59,705] INFO - Ticket creado id=83 cliente=cliente-3 prioridad=alta
[2026-04-13 18:36:59,706] INFO - desk-2 atendio ticket id=81 prioridad=alta cliente=cliente-1
[2026-04-13 18:36:59,745] INFO - Ticket creado id=84 cliente=cliente-1 prioridad=baja
[2026-04-13 18:36:59,748] INFO - Ticket creado id=85 cliente=cliente-3 prioridad=media
[2026-04-13 18:36:59,749] INFO - Ticket creado id=86 cliente=cliente-2 prioridad=alta
[2026-04-13 18:36:59,787] INFO - desk-1 atendio ticket id=83 prioridad=alta cliente=cliente-3
[2026-04-13 18:36:59,791] INFO - Ticket creado id=87 cliente=cliente-3 prioridad=alta
[2026-04-13 18:36:59,793] INFO - Ticket creado id=88 cliente=cliente-2 prioridad=alta
[2026-04-13 18:36:59,830] INFO - Ticket creado id=89 cliente=cliente-1 prioridad=baja
[2026-04-13 18:36:59,833] INFO - desk-3 atendio ticket id=86 prioridad=alta cliente=cliente-2
[2026-04-13 18:36:59,835] INFO - Ticket creado id=90 cliente=cliente-2 prioridad=baja
[2026-04-13 18:36:59,873] INFO - Ticket creado id=91 cliente=cliente-1 prioridad=media
[2026-04-13 18:36:59,875] INFO - Ticket creado id=92 cliente=cliente-3 prioridad=media
[2026-04-13 18:36:59,877] INFO - Pantalla publica consultada: total=40 altas=2 medias=7 bajas=31
[2026-04-13 18:36:59,915] INFO - Pantalla publica consultada: total=40 altas=2 medias=7 bajas=31
[2026-04-13 18:36:59,918] INFO - desk-3 atendio ticket id=87 prioridad=alta cliente=cliente-3
[2026-04-13 18:36:59,919] INFO - Pantalla publica consultada: total=39 altas=1 medias=7 bajas=31
[2026-04-13 18:36:59,957] INFO - Pantalla publica consultada: total=39 altas=1 medias=7 bajas=31
[2026-04-13 18:36:59,961] INFO - Ticket creado id=93 cliente=cliente-3 prioridad=alta
[2026-04-13 18:36:59,963] INFO - Ticket creado id=94 cliente=cliente-2 prioridad=media
[2026-04-13 18:36:59,999] INFO - Pantalla publica consultada: total=41 altas=2 medias=8 bajas=31
[2026-04-13 18:37:00,002] INFO - Pantalla publica consultada: total=41 altas=2 medias=8 bajas=31
[2026-04-13 18:37:00,005] INFO - Ticket creado id=95 cliente=cliente-2 prioridad=alta
[2026-04-13 18:37:00,041] INFO - Ticket creado id=96 cliente=cliente-1 prioridad=media
[2026-04-13 18:37:00,044] INFO - Pantalla publica consultada: total=43 altas=3 medias=9 bajas=31
[2026-04-13 18:37:00,047] INFO - Ticket creado id=97 cliente=cliente-2 prioridad=alta
[2026-04-13 18:37:00,085] INFO - Ticket creado id=98 cliente=cliente-1 prioridad=alta
[2026-04-13 18:37:00,086] INFO - Ticket creado id=99 cliente=cliente-3 prioridad=baja
[2026-04-13 18:37:00,089] INFO - Pantalla publica consultada: total=46 altas=5 medias=9 bajas=32
[2026-04-13 18:37:00,127] INFO - desk-1 atendio ticket id=88 prioridad=alta cliente=cliente-2
[2026-04-13 18:37:00,129] INFO - Pantalla publica consultada: total=45 altas=4 medias=9 bajas=32
[2026-04-13 18:37:00,131] INFO - Ticket creado id=100 cliente=cliente-2 prioridad=media
[2026-04-13 18:37:00,171] INFO - desk-1 atendio ticket id=93 prioridad=alta cliente=cliente-3
[2026-04-13 18:37:00,173] INFO - desk-3 atendio ticket id=95 prioridad=alta cliente=cliente-2
[2026-04-13 18:37:00,174] INFO - Ticket creado id=101 cliente=cliente-2 prioridad=alta
[2026-04-13 18:37:00,214] INFO - Ticket creado id=102 cliente=cliente-1 prioridad=media
[2026-04-13 18:37:00,216] INFO - desk-3 atendio ticket id=97 prioridad=alta cliente=cliente-2
[2026-04-13 18:37:00,218] INFO - Ticket creado id=103 cliente=cliente-2 prioridad=baja
[2026-04-13 18:37:00,258] INFO - Ticket creado id=104 cliente=cliente-1 prioridad=media
[2026-04-13 18:37:00,260] INFO - Ticket creado id=105 cliente=cliente-3 prioridad=baja
[2026-04-13 18:37:00,261] INFO - desk-2 atendio ticket id=98 prioridad=alta cliente=cliente-1
[2026-04-13 18:37:00,301] INFO - Ticket creado id=106 cliente=cliente-1 prioridad=alta
[2026-04-13 18:37:00,304] INFO - Ticket creado id=107 cliente=cliente-3 prioridad=alta
[2026-04-13 18:37:00,304] INFO - Pantalla publica consultada: total=49 altas=3 medias=12 bajas=34
[2026-04-13 18:37:00,346] INFO - Ticket creado id=108 cliente=cliente-1 prioridad=alta
[2026-04-13 18:37:00,348] INFO - desk-3 atendio ticket id=101 prioridad=alta cliente=cliente-2
[2026-04-13 18:37:00,349] INFO - Pantalla publica consultada: total=49 altas=3 medias=12 bajas=34
[2026-04-13 18:37:00,388] INFO - desk-1 atendio ticket id=106 prioridad=alta cliente=cliente-1
[2026-04-13 18:37:00,391] INFO - Ticket creado id=109 cliente=cliente-3 prioridad=alta
[2026-04-13 18:37:00,393] INFO - desk-2 atendio ticket id=107 prioridad=alta cliente=cliente-3
[2026-04-13 18:37:00,431] INFO - Pantalla publica consultada: total=48 altas=2 medias=12 bajas=34
[2026-04-13 18:37:00,434] INFO - Pantalla publica consultada: total=48 altas=2 medias=12 bajas=34
[2026-04-13 18:37:00,436] INFO - desk-2 atendio ticket id=108 prioridad=alta cliente=cliente-1
[2026-04-13 18:37:00,474] INFO - Ticket creado id=110 cliente=cliente-1 prioridad=media
[2026-04-13 18:37:00,475] INFO - Pantalla publica consultada: total=48 altas=1 medias=13 bajas=34
[2026-04-13 18:37:00,478] INFO - Pantalla publica consultada: total=48 altas=1 medias=13 bajas=34
[2026-04-13 18:37:00,516] INFO - desk-1 atendio ticket id=109 prioridad=alta cliente=cliente-3
[2026-04-13 18:37:00,517] INFO - Pantalla publica consultada: total=47 altas=0 medias=13 bajas=34
[2026-04-13 18:37:00,520] INFO - desk-2 atendio ticket id=69 prioridad=media cliente=cliente-3
[2026-04-13 18:37:00,559] INFO - Ticket creado id=111 cliente=cliente-1 prioridad=baja
[2026-04-13 18:37:00,560] INFO - Ticket creado id=112 cliente=cliente-3 prioridad=media
[2026-04-13 18:37:00,562] INFO - desk-2 atendio ticket id=73 prioridad=media cliente=cliente-2
[2026-04-13 18:37:00,605] INFO - Ticket creado id=113 cliente=cliente-1 prioridad=media
[2026-04-13 18:37:00,608] INFO - Ticket creado id=114 cliente=cliente-3 prioridad=baja
[2026-04-13 18:37:00,609] INFO - desk-2 atendio ticket id=77 prioridad=media cliente=cliente-2
[2026-04-13 18:37:00,647] INFO - Pantalla publica consultada: total=48 altas=0 medias=12 bajas=36
[2026-04-13 18:37:00,650] INFO - desk-3 atendio ticket id=82 prioridad=media cliente=cliente-1
[2026-04-13 18:37:00,652] INFO - Ticket creado id=115 cliente=cliente-2 prioridad=media
[2026-04-13 18:37:00,690] INFO - Ticket creado id=116 cliente=cliente-1 prioridad=media
[2026-04-13 18:37:00,693] INFO - Ticket creado id=117 cliente=cliente-3 prioridad=baja
[2026-04-13 18:37:00,694] INFO - desk-2 atendio ticket id=85 prioridad=media cliente=cliente-3
[2026-04-13 18:37:00,733] INFO - desk-1 atendio ticket id=91 prioridad=media cliente=cliente-1
[2026-04-13 18:37:00,735] INFO - Pantalla publica consultada: total=48 altas=0 medias=11 bajas=37
[2026-04-13 18:37:00,737] INFO - desk-2 atendio ticket id=92 prioridad=media cliente=cliente-3
[2026-04-13 18:37:00,776] INFO - desk-1 atendio ticket id=94 prioridad=media cliente=cliente-2
[2026-04-13 18:37:00,778] INFO - desk-3 atendio ticket id=96 prioridad=media cliente=cliente-1
[2026-04-13 18:37:00,779] INFO - desk-2 atendio ticket id=100 prioridad=media cliente=cliente-2
[2026-04-13 18:37:00,818] INFO - Pantalla publica consultada: total=44 altas=0 medias=7 bajas=37
[2026-04-13 18:37:00,820] INFO - Pantalla publica consultada: total=44 altas=0 medias=7 bajas=37
[2026-04-13 18:37:00,821] INFO - Pantalla publica consultada: total=44 altas=0 medias=7 bajas=37
[2026-04-13 18:37:00,861] INFO - Pantalla publica consultada: total=44 altas=0 medias=7 bajas=37
[2026-04-13 18:37:00,862] INFO - Pantalla publica consultada: total=44 altas=0 medias=7 bajas=37
[2026-04-13 18:37:00,863] INFO - Pantalla publica consultada: total=44 altas=0 medias=7 bajas=37
[2026-04-13 18:37:00,903] INFO - Pantalla publica consultada: total=44 altas=0 medias=7 bajas=37
[2026-04-13 18:37:00,904] INFO - Ticket creado id=118 cliente=cliente-3 prioridad=baja
[2026-04-13 18:37:00,908] INFO - desk-2 atendio ticket id=102 prioridad=media cliente=cliente-1
[2026-04-13 18:37:00,945] INFO - Pantalla publica consultada: total=44 altas=0 medias=6 bajas=38
[2026-04-13 18:37:00,947] INFO - desk-3 atendio ticket id=104 prioridad=media cliente=cliente-1
[2026-04-13 18:37:00,950] INFO - Pantalla publica consultada: total=43 altas=0 medias=5 bajas=38
[2026-04-13 18:37:00,987] INFO - Pantalla publica consultada: total=43 altas=0 medias=5 bajas=38
[2026-04-13 18:37:00,990] INFO - desk-3 atendio ticket id=110 prioridad=media cliente=cliente-1
[2026-04-13 18:37:00,991] INFO - Pantalla publica consultada: total=42 altas=0 medias=4 bajas=38
[2026-04-13 18:37:01,030] INFO - Pantalla publica consultada: total=42 altas=0 medias=4 bajas=38
[2026-04-13 18:37:01,031] INFO - Pantalla publica consultada: total=42 altas=0 medias=4 bajas=38
[2026-04-13 18:37:01,034] INFO - Ticket creado id=119 cliente=cliente-2 prioridad=media
[2026-04-13 18:37:01,072] INFO - Pantalla publica consultada: total=43 altas=0 medias=5 bajas=38
[2026-04-13 18:37:01,073] INFO - Pantalla publica consultada: total=43 altas=0 medias=5 bajas=38
[2026-04-13 18:37:01,076] INFO - Pantalla publica consultada: total=43 altas=0 medias=5 bajas=38
[2026-04-13 18:37:01,116] INFO - Ticket creado id=120 cliente=cliente-1 prioridad=baja
[2026-04-13 18:37:01,119] INFO - Ticket creado id=121 cliente=cliente-3 prioridad=alta
[2026-04-13 18:37:01,122] INFO - Ticket creado id=122 cliente=cliente-2 prioridad=alta
[2026-04-13 18:37:01,159] INFO - Ticket creado id=123 cliente=cliente-1 prioridad=alta
[2026-04-13 18:37:01,162] INFO - Ticket creado id=124 cliente=cliente-3 prioridad=media
[2026-04-13 18:37:01,165] INFO - desk-2 atendio ticket id=121 prioridad=alta cliente=cliente-3
[2026-04-13 18:37:01,202] INFO - Ticket creado id=125 cliente=cliente-1 prioridad=baja
[2026-04-13 18:37:01,203] INFO - Pantalla publica consultada: total=48 altas=2 medias=6 bajas=40
[2026-04-13 18:37:01,207] INFO - desk-2 atendio ticket id=122 prioridad=alta cliente=cliente-2
[2026-04-13 18:37:01,245] INFO - desk-1 atendio ticket id=123 prioridad=alta cliente=cliente-1
[2026-04-13 18:37:01,247] INFO - desk-3 atendio ticket id=112 prioridad=media cliente=cliente-3
[2026-04-13 18:37:01,250] INFO - Ticket creado id=126 cliente=cliente-2 prioridad=media
[2026-04-13 18:37:01,287] INFO - Pantalla publica consultada: total=46 altas=0 medias=6 bajas=40
[2026-04-13 18:37:01,289] INFO - Ticket creado id=127 cliente=cliente-3 prioridad=media
[2026-04-13 18:37:01,293] INFO - Ticket creado id=128 cliente=cliente-2 prioridad=alta
[2026-04-13 18:37:01,331] INFO - desk-1 atendio ticket id=128 prioridad=alta cliente=cliente-2
[2026-04-13 18:37:01,331] INFO - Pantalla publica consultada: total=47 altas=0 medias=7 bajas=40
[2026-04-13 18:37:01,335] INFO - Ticket creado id=129 cliente=cliente-2 prioridad=alta
[2026-04-13 18:37:01,374] INFO - Ticket creado id=130 cliente=cliente-1 prioridad=baja
[2026-04-13 18:37:01,375] INFO - desk-3 atendio ticket id=129 prioridad=alta cliente=cliente-2
[2026-04-13 18:37:01,377] INFO - Ticket creado id=131 cliente=cliente-2 prioridad=baja
[2026-04-13 18:37:01,417] INFO - Ticket creado id=132 cliente=cliente-1 prioridad=media
[2026-04-13 18:37:01,419] INFO - desk-3 atendio ticket id=113 prioridad=media cliente=cliente-1
[2026-04-13 18:37:01,420] INFO - Ticket creado id=133 cliente=cliente-2 prioridad=baja
[2026-04-13 18:37:01,460] INFO - desk-1 atendio ticket id=115 prioridad=media cliente=cliente-2
[2026-04-13 18:37:01,461] INFO - Pantalla publica consultada: total=49 altas=0 medias=6 bajas=43
[2026-04-13 18:37:01,462] INFO - Ticket creado id=134 cliente=cliente-2 prioridad=media
[2026-04-13 18:37:01,503] INFO - Ticket creado id=135 cliente=cliente-1 prioridad=alta
[2026-04-13 18:37:01,505] INFO - Ticket creado id=136 cliente=cliente-3 prioridad=media
[2026-04-13 18:37:01,505] INFO - Pantalla publica consultada: total=52 altas=1 medias=8 bajas=43
[2026-04-13 18:37:01,545] INFO - Pantalla publica consultada: total=52 altas=1 medias=8 bajas=43
[2026-04-13 18:37:01,547] INFO - Ticket creado id=137 cliente=cliente-3 prioridad=media
[2026-04-13 18:37:01,548] INFO - Pantalla publica consultada: total=53 altas=1 medias=9 bajas=43
[2026-04-13 18:37:01,589] INFO - Ticket creado id=138 cliente=cliente-1 prioridad=media
[2026-04-13 18:37:01,591] INFO - desk-3 atendio ticket id=135 prioridad=alta cliente=cliente-1
[2026-04-13 18:37:01,593] INFO - Ticket creado id=139 cliente=cliente-2 prioridad=media
[2026-04-13 18:37:01,632] INFO - Ticket creado id=140 cliente=cliente-1 prioridad=media
[2026-04-13 18:37:01,633] INFO - Pantalla publica consultada: total=55 altas=0 medias=12 bajas=43
[2026-04-13 18:37:01,634] INFO - Pantalla publica consultada: total=55 altas=0 medias=12 bajas=43
[2026-04-13 18:37:01,674] INFO - Ticket creado id=141 cliente=cliente-1 prioridad=media
[2026-04-13 18:37:01,676] INFO - Ticket creado id=142 cliente=cliente-3 prioridad=alta
[2026-04-13 18:37:01,677] INFO - Ticket creado id=143 cliente=cliente-2 prioridad=baja
[2026-04-13 18:37:01,717] INFO - Ticket creado id=144 cliente=cliente-1 prioridad=baja
[2026-04-13 18:37:01,719] INFO - desk-3 atendio ticket id=142 prioridad=alta cliente=cliente-3
[2026-04-13 18:37:01,721] INFO - Ticket creado id=145 cliente=cliente-2 prioridad=media
[2026-04-13 18:37:01,761] INFO - desk-1 atendio ticket id=116 prioridad=media cliente=cliente-1
[2026-04-13 18:37:01,763] INFO - desk-3 atendio ticket id=119 prioridad=media cliente=cliente-2
[2026-04-13 18:37:01,765] INFO - Ticket creado id=146 cliente=cliente-2 prioridad=alta
[2026-04-13 18:37:01,805] INFO - desk-1 atendio ticket id=146 prioridad=alta cliente=cliente-2
[2026-04-13 18:37:01,807] INFO - Ticket creado id=147 cliente=cliente-3 prioridad=baja
[2026-04-13 18:37:01,808] INFO - Pantalla publica consultada: total=58 altas=0 medias=12 bajas=46
[2026-04-13 18:37:01,849] INFO - Pantalla publica consultada: total=58 altas=0 medias=12 bajas=46
[2026-04-13 18:37:01,851] INFO - Ticket creado id=148 cliente=cliente-3 prioridad=alta
[2026-04-13 18:37:01,853] INFO - Ticket creado id=149 cliente=cliente-2 prioridad=alta
[2026-04-13 18:37:01,892] INFO - Ticket creado id=150 cliente=cliente-1 prioridad=baja
[2026-04-13 18:37:01,893] INFO - Pantalla publica consultada: total=61 altas=2 medias=12 bajas=47
[2026-04-13 18:37:01,894] INFO - Pantalla publica consultada: total=61 altas=2 medias=12 bajas=47
[2026-04-13 18:37:01,935] INFO - Ticket creado id=151 cliente=cliente-1 prioridad=alta
[2026-04-13 18:37:01,937] INFO - Ticket creado id=152 cliente=cliente-3 prioridad=alta
[2026-04-13 18:37:01,938] INFO - desk-2 atendio ticket id=148 prioridad=alta cliente=cliente-3
[2026-04-13 18:37:01,977] INFO - Pantalla publica consultada: total=62 altas=3 medias=12 bajas=47
[2026-04-13 18:37:01,980] INFO - Ticket creado id=153 cliente=cliente-3 prioridad=media
[2026-04-13 18:37:01,982] INFO - Ticket creado id=154 cliente=cliente-2 prioridad=baja
[2026-04-13 18:37:02,019] INFO - Pantalla publica consultada: total=64 altas=3 medias=13 bajas=48
[2026-04-13 18:37:02,023] INFO - Pantalla publica consultada: total=64 altas=3 medias=13 bajas=48
[2026-04-13 18:37:02,025] INFO - desk-2 atendio ticket id=149 prioridad=alta cliente=cliente-2
[2026-04-13 18:37:02,062] INFO - Ticket creado id=155 cliente=cliente-1 prioridad=media
[2026-04-13 18:37:02,065] INFO - Ticket creado id=156 cliente=cliente-3 prioridad=media
[2026-04-13 18:37:02,069] INFO - Ticket creado id=157 cliente=cliente-2 prioridad=alta
[2026-04-13 18:37:02,105] INFO - desk-1 atendio ticket id=151 prioridad=alta cliente=cliente-1
[2026-04-13 18:37:02,108] INFO - Ticket creado id=158 cliente=cliente-3 prioridad=media
[2026-04-13 18:37:02,111] INFO - Ticket creado id=159 cliente=cliente-2 prioridad=media
[2026-04-13 18:37:02,147] INFO - desk-1 atendio ticket id=152 prioridad=alta cliente=cliente-3
[2026-04-13 18:37:02,149] INFO - Pantalla publica consultada: total=66 altas=1 medias=17 bajas=48
[2026-04-13 18:37:02,154] INFO - desk-2 atendio ticket id=157 prioridad=alta cliente=cliente-2
[2026-04-13 18:37:02,191] INFO - Ticket creado id=160 cliente=cliente-1 prioridad=baja
[2026-04-13 18:37:02,193] INFO - Ticket creado id=161 cliente=cliente-3 prioridad=baja
[2026-04-13 18:37:02,196] INFO - Ticket creado id=162 cliente=cliente-2 prioridad=alta
[2026-04-13 18:37:02,234] INFO - Ticket creado id=163 cliente=cliente-1 prioridad=alta
[2026-04-13 18:37:02,236] INFO - Ticket creado id=164 cliente=cliente-3 prioridad=baja
[2026-04-13 18:37:02,238] INFO - desk-2 atendio ticket id=162 prioridad=alta cliente=cliente-2
[2026-04-13 18:37:02,277] INFO - desk-1 atendio ticket id=163 prioridad=alta cliente=cliente-1
[2026-04-13 18:37:02,279] INFO - desk-3 atendio ticket id=124 prioridad=media cliente=cliente-3
[2026-04-13 18:37:02,281] INFO - desk-2 atendio ticket id=126 prioridad=media cliente=cliente-2
[2026-04-13 18:37:02,320] INFO - desk-1 atendio ticket id=127 prioridad=media cliente=cliente-3
[2026-04-13 18:37:02,322] INFO - Ticket creado id=165 cliente=cliente-3 prioridad=baja
[2026-04-13 18:37:02,324] INFO - desk-2 atendio ticket id=132 prioridad=media cliente=cliente-1
[2026-04-13 18:37:02,364] INFO - desk-1 atendio ticket id=134 prioridad=media cliente=cliente-2
[2026-04-13 18:37:02,367] INFO - desk-3 atendio ticket id=136 prioridad=media cliente=cliente-3
[2026-04-13 18:37:02,367] INFO - Pantalla publica consultada: total=63 altas=0 medias=11 bajas=52
[2026-04-13 18:37:02,407] INFO - Ticket creado id=166 cliente=cliente-1 prioridad=media
[2026-04-13 18:37:02,410] INFO - desk-3 atendio ticket id=137 prioridad=media cliente=cliente-3
[2026-04-13 18:37:02,411] INFO - Pantalla publica consultada: total=63 altas=0 medias=11 bajas=52
[2026-04-13 18:37:02,449] INFO - Ticket creado id=167 cliente=cliente-1 prioridad=alta
[2026-04-13 18:37:02,454] INFO - Ticket creado id=168 cliente=cliente-3 prioridad=baja
[2026-04-13 18:37:02,457] INFO - Ticket creado id=169 cliente=cliente-2 prioridad=baja
[2026-04-13 18:37:02,492] INFO - Ticket creado id=170 cliente=cliente-1 prioridad=alta
[2026-04-13 18:37:02,497] INFO - Ticket creado id=171 cliente=cliente-3 prioridad=alta
[2026-04-13 18:37:02,499] INFO - Ticket creado id=172 cliente=cliente-2 prioridad=media
[2026-04-13 18:37:02,535] INFO - Pantalla publica consultada: total=69 altas=3 medias=12 bajas=54
[2026-04-13 18:37:02,539] INFO - Pantalla publica consultada: total=69 altas=3 medias=12 bajas=54
[2026-04-13 18:37:02,542] INFO - Ticket creado id=173 cliente=cliente-2 prioridad=alta
[2026-04-13 18:37:02,577] INFO - Pantalla publica consultada: total=70 altas=4 medias=12 bajas=54
[2026-04-13 18:37:02,582] INFO - desk-3 atendio ticket id=167 prioridad=alta cliente=cliente-1
[2026-04-13 18:37:02,584] INFO - Ticket creado id=174 cliente=cliente-2 prioridad=alta
[2026-04-13 18:37:02,620] INFO - Ticket creado id=175 cliente=cliente-1 prioridad=baja
[2026-04-13 18:37:02,625] INFO - Ticket creado id=176 cliente=cliente-3 prioridad=baja
[2026-04-13 18:37:02,626] INFO - Pantalla publica consultada: total=72 altas=4 medias=12 bajas=56
[2026-04-13 18:37:02,663] INFO - Ticket creado id=177 cliente=cliente-1 prioridad=baja
[2026-04-13 18:37:02,667] INFO - desk-3 atendio ticket id=170 prioridad=alta cliente=cliente-1
[2026-04-13 18:37:02,670] INFO - Ticket creado id=178 cliente=cliente-2 prioridad=baja
[2026-04-13 18:37:02,706] INFO - Ticket creado id=179 cliente=cliente-1 prioridad=media
[2026-04-13 18:37:02,711] INFO - desk-3 atendio ticket id=171 prioridad=alta cliente=cliente-3
[2026-04-13 18:37:02,713] INFO - desk-2 atendio ticket id=173 prioridad=alta cliente=cliente-2
[2026-04-13 18:37:02,749] INFO - Ticket creado id=180 cliente=cliente-1 prioridad=baja
[2026-04-13 18:37:02,754] INFO - Ticket creado id=181 cliente=cliente-3 prioridad=media
[2026-04-13 18:37:02,757] INFO - Ticket creado id=182 cliente=cliente-2 prioridad=media
[2026-04-13 18:37:02,792] INFO - desk-1 atendio ticket id=174 prioridad=alta cliente=cliente-2
[2026-04-13 18:37:02,797] INFO - Ticket creado id=183 cliente=cliente-3 prioridad=alta
[2026-04-13 18:37:02,799] INFO - Ticket creado id=184 cliente=cliente-2 prioridad=media
[2026-04-13 18:37:02,834] INFO - Pantalla publica consultada: total=76 altas=1 medias=16 bajas=59
[2026-04-13 18:37:02,840] INFO - Ticket creado id=185 cliente=cliente-3 prioridad=media
[2026-04-13 18:37:02,842] INFO - desk-2 atendio ticket id=183 prioridad=alta cliente=cliente-3
[2026-04-13 18:37:02,876] INFO - Pantalla publica consultada: total=76 altas=0 medias=17 bajas=59
[2026-04-13 18:37:02,884] INFO - Ticket creado id=186 cliente=cliente-3 prioridad=alta
[2026-04-13 18:37:02,885] INFO - Pantalla publica consultada: total=77 altas=1 medias=17 bajas=59
[2026-04-13 18:37:02,920] INFO - Ticket creado id=187 cliente=cliente-1 prioridad=alta
[2026-04-13 18:37:02,927] INFO - Pantalla publica consultada: total=78 altas=2 medias=17 bajas=59
[2026-04-13 18:37:02,929] INFO - Ticket creado id=188 cliente=cliente-2 prioridad=media
[2026-04-13 18:37:02,963] INFO - Ticket creado id=189 cliente=cliente-1 prioridad=baja
[2026-04-13 18:37:02,972] INFO - desk-3 atendio ticket id=186 prioridad=alta cliente=cliente-3
[2026-04-13 18:37:02,974] INFO - desk-2 atendio ticket id=187 prioridad=alta cliente=cliente-1
[2026-04-13 18:37:03,006] INFO - desk-1 atendio ticket id=138 prioridad=media cliente=cliente-1
[2026-04-13 18:37:03,015] INFO - Ticket creado id=190 cliente=cliente-3 prioridad=media
[2026-04-13 18:37:03,017] INFO - desk-2 atendio ticket id=139 prioridad=media cliente=cliente-2
[2026-04-13 18:37:03,049] INFO - Ticket creado id=191 cliente=cliente-1 prioridad=alta
[2026-04-13 18:37:03,059] INFO - Ticket creado id=192 cliente=cliente-3 prioridad=baja
[2026-04-13 18:37:03,060] INFO - Ticket creado id=193 cliente=cliente-2 prioridad=media
[2026-04-13 18:37:03,093] INFO - Ticket creado id=194 cliente=cliente-1 prioridad=media
[2026-04-13 18:37:03,101] INFO - desk-3 atendio ticket id=191 prioridad=alta cliente=cliente-1
[2026-04-13 18:37:03,103] INFO - desk-2 atendio ticket id=140 prioridad=media cliente=cliente-1
[2026-04-13 18:37:03,136] INFO - Ticket creado id=195 cliente=cliente-1 prioridad=media
[2026-04-13 18:37:03,146] INFO - desk-3 atendio ticket id=141 prioridad=media cliente=cliente-1
[2026-04-13 18:37:03,148] INFO - Ticket creado id=196 cliente=cliente-2 prioridad=alta
[2026-04-13 18:37:03,178] INFO - Pantalla publica consultada: total=80 altas=1 medias=18 bajas=61
[2026-04-13 18:37:03,188] INFO - Pantalla publica consultada: total=80 altas=1 medias=18 bajas=61
[2026-04-13 18:37:03,190] INFO - desk-2 atendio ticket id=196 prioridad=alta cliente=cliente-2
[2026-04-13 18:37:03,221] INFO - Ticket creado id=197 cliente=cliente-1 prioridad=media
[2026-04-13 18:37:03,230] INFO - Ticket creado id=198 cliente=cliente-3 prioridad=baja
[2026-04-13 18:37:03,233] INFO - Ticket creado id=199 cliente=cliente-2 prioridad=alta
[2026-04-13 18:37:03,264] INFO - Pantalla publica consultada: total=82 altas=1 medias=19 bajas=62
[2026-04-13 18:37:03,273] INFO - Ticket creado id=200 cliente=cliente-3 prioridad=alta
[2026-04-13 18:37:03,275] INFO - Ticket creado id=201 cliente=cliente-2 prioridad=baja
[2026-04-13 18:37:03,306] INFO - Pantalla publica consultada: total=84 altas=2 medias=19 bajas=63
[2026-04-13 18:37:03,316] INFO - desk-3 atendio ticket id=199 prioridad=alta cliente=cliente-2
[2026-04-13 18:37:03,318] INFO - Ticket creado id=202 cliente=cliente-2 prioridad=alta
[2026-04-13 18:37:03,349] INFO - Pantalla publica consultada: total=84 altas=2 medias=19 bajas=63
[2026-04-13 18:37:03,359] INFO - Ticket creado id=203 cliente=cliente-3 prioridad=baja
[2026-04-13 18:37:03,361] INFO - Ticket creado id=204 cliente=cliente-2 prioridad=media
[2026-04-13 18:37:03,392] INFO - Ticket creado id=205 cliente=cliente-1 prioridad=media
[2026-04-13 18:37:03,402] INFO - desk-3 atendio ticket id=200 prioridad=alta cliente=cliente-3
[2026-04-13 18:37:03,404] INFO - Ticket creado id=206 cliente=cliente-2 prioridad=media
[2026-04-13 18:37:03,436] INFO - Ticket creado id=207 cliente=cliente-1 prioridad=baja
[2026-04-13 18:37:03,445] INFO - Ticket creado id=208 cliente=cliente-3 prioridad=alta
[2026-04-13 18:37:03,448] INFO - desk-2 atendio ticket id=202 prioridad=alta cliente=cliente-2
[2026-04-13 18:37:03,479] INFO - Ticket creado id=209 cliente=cliente-1 prioridad=alta
[2026-04-13 18:37:03,488] INFO - Ticket creado id=210 cliente=cliente-3 prioridad=alta
[2026-04-13 18:37:03,490] INFO - desk-2 atendio ticket id=208 prioridad=alta cliente=cliente-3
[2026-04-13 18:37:03,521] INFO - Pantalla publica consultada: total=89 altas=2 medias=22 bajas=65
[2026-04-13 18:37:03,531] INFO - desk-3 atendio ticket id=209 prioridad=alta cliente=cliente-1
[2026-04-13 18:37:03,533] INFO - desk-2 atendio ticket id=210 prioridad=alta cliente=cliente-3
[2026-04-13 18:37:03,564] INFO - desk-1 atendio ticket id=145 prioridad=media cliente=cliente-2
[2026-04-13 18:37:03,573] INFO - Pantalla publica consultada: total=86 altas=0 medias=21 bajas=65
[2026-04-13 18:37:03,576] INFO - Ticket creado id=211 cliente=cliente-2 prioridad=baja
[2026-04-13 18:37:03,608] INFO - Ticket creado id=212 cliente=cliente-1 prioridad=media
[2026-04-13 18:37:03,616] INFO - desk-3 atendio ticket id=153 prioridad=media cliente=cliente-3
[2026-04-13 18:37:03,619] INFO - Ticket creado id=213 cliente=cliente-2 prioridad=media
[2026-04-13 18:37:03,652] INFO - Ticket creado id=214 cliente=cliente-1 prioridad=media
[2026-04-13 18:37:03,658] INFO - Pantalla publica consultada: total=89 altas=0 medias=23 bajas=66
[2026-04-13 18:37:03,662] INFO - Ticket creado id=215 cliente=cliente-2 prioridad=media
[2026-04-13 18:37:03,694] INFO - Pantalla publica consultada: total=90 altas=0 medias=24 bajas=66
[2026-04-13 18:37:03,701] INFO - Ticket creado id=216 cliente=cliente-3 prioridad=alta
[2026-04-13 18:37:03,703] INFO - Pantalla publica consultada: total=91 altas=1 medias=24 bajas=66
[2026-04-13 18:37:03,736] INFO - Pantalla publica consultada: total=91 altas=1 medias=24 bajas=66
[2026-04-13 18:37:03,743] INFO - Ticket creado id=217 cliente=cliente-3 prioridad=alta
[2026-04-13 18:37:03,746] INFO - desk-2 atendio ticket id=216 prioridad=alta cliente=cliente-3
[2026-04-13 18:37:03,779] INFO - desk-1 atendio ticket id=217 prioridad=alta cliente=cliente-3
[2026-04-13 18:37:03,786] INFO - Ticket creado id=218 cliente=cliente-3 prioridad=alta
[2026-04-13 18:37:03,789] INFO - Ticket creado id=219 cliente=cliente-2 prioridad=baja
[2026-04-13 18:37:03,823] INFO - desk-1 atendio ticket id=218 prioridad=alta cliente=cliente-3
[2026-04-13 18:37:03,829] INFO - Ticket creado id=220 cliente=cliente-3 prioridad=alta
[2026-04-13 18:37:03,832] INFO - Ticket creado id=221 cliente=cliente-2 prioridad=alta
[2026-04-13 18:37:03,866] INFO - Ticket creado id=222 cliente=cliente-1 prioridad=baja
[2026-04-13 18:37:03,872] INFO - desk-3 atendio ticket id=220 prioridad=alta cliente=cliente-3
[2026-04-13 18:37:03,874] INFO - desk-2 atendio ticket id=221 prioridad=alta cliente=cliente-2
[2026-04-13 18:37:03,909] INFO - Ticket creado id=223 cliente=cliente-1 prioridad=baja
[2026-04-13 18:37:03,915] INFO - Ticket creado id=224 cliente=cliente-3 prioridad=baja
[2026-04-13 18:37:03,916] INFO - Pantalla publica consultada: total=94 altas=0 medias=24 bajas=70
[2026-04-13 18:37:03,952] INFO - Ticket creado id=225 cliente=cliente-1 prioridad=alta
[2026-04-13 18:37:03,959] INFO - Ticket creado id=226 cliente=cliente-3 prioridad=baja
[2026-04-13 18:37:03,959] INFO - Pantalla publica consultada: total=96 altas=1 medias=24 bajas=71
[2026-04-13 18:37:03,995] INFO - Ticket creado id=227 cliente=cliente-1 prioridad=baja
[2026-04-13 18:37:04,002] INFO - Ticket creado id=228 cliente=cliente-3 prioridad=baja
[2026-04-13 18:37:04,004] INFO - Ticket creado id=229 cliente=cliente-2 prioridad=alta
[2026-04-13 18:37:04,037] INFO - Pantalla publica consultada: total=99 altas=2 medias=24 bajas=73
[2026-04-13 18:37:04,044] INFO - Pantalla publica consultada: total=99 altas=2 medias=24 bajas=73
[2026-04-13 18:37:04,047] INFO - Ticket creado id=230 cliente=cliente-2 prioridad=alta
[2026-04-13 18:37:04,081] INFO - desk-1 atendio ticket id=225 prioridad=alta cliente=cliente-1
[2026-04-13 18:37:04,087] INFO - Ticket creado id=231 cliente=cliente-3 prioridad=baja
[2026-04-13 18:37:04,088] INFO - Pantalla publica consultada: total=100 altas=2 medias=24 bajas=74
[2026-04-13 18:37:04,123] INFO - Pantalla publica consultada: total=100 altas=2 medias=24 bajas=74
[2026-04-13 18:37:04,131] INFO - desk-3 atendio ticket id=229 prioridad=alta cliente=cliente-2
[2026-04-13 18:37:04,132] INFO - Pantalla publica consultada: total=99 altas=1 medias=24 bajas=74
[2026-04-13 18:37:04,166] INFO - desk-1 atendio ticket id=230 prioridad=alta cliente=cliente-2
[2026-04-13 18:37:04,175] INFO - Ticket creado id=232 cliente=cliente-3 prioridad=media
[2026-04-13 18:37:04,175] INFO - Pantalla publica consultada: total=99 altas=0 medias=25 bajas=74
[2026-04-13 18:37:04,209] INFO - desk-1 atendio ticket id=155 prioridad=media cliente=cliente-1
[2026-04-13 18:37:04,218] INFO - Pantalla publica consultada: total=98 altas=0 medias=24 bajas=74
[2026-04-13 18:37:04,221] INFO - Ticket creado id=233 cliente=cliente-2 prioridad=baja
[2026-04-13 18:37:04,252] INFO - Pantalla publica consultada: total=99 altas=0 medias=24 bajas=75
[2026-04-13 18:37:04,261] INFO - Ticket creado id=234 cliente=cliente-3 prioridad=media
[2026-04-13 18:37:04,263] INFO - Ticket creado id=235 cliente=cliente-2 prioridad=baja
[2026-04-13 18:37:04,295] INFO - Ticket creado id=236 cliente=cliente-1 prioridad=alta
[2026-04-13 18:37:04,305] INFO - desk-3 atendio ticket id=236 prioridad=alta cliente=cliente-1
[2026-04-13 18:37:04,307] INFO - Ticket creado id=237 cliente=cliente-2 prioridad=alta
[2026-04-13 18:37:04,337] INFO - Pantalla publica consultada: total=102 altas=1 medias=25 bajas=76
[2026-04-13 18:37:04,350] INFO - Ticket creado id=238 cliente=cliente-3 prioridad=alta
[2026-04-13 18:37:04,352] INFO - desk-2 atendio ticket id=237 prioridad=alta cliente=cliente-2
[2026-04-13 18:37:04,381] INFO - Ticket creado id=239 cliente=cliente-1 prioridad=media
[2026-04-13 18:37:04,392] INFO - Pantalla publica consultada: total=103 altas=1 medias=26 bajas=76
[2026-04-13 18:37:04,395] INFO - desk-2 atendio ticket id=238 prioridad=alta cliente=cliente-3
[2026-04-13 18:37:04,424] INFO - Ticket creado id=240 cliente=cliente-1 prioridad=alta
[2026-04-13 18:37:04,435] INFO - Ticket creado id=241 cliente=cliente-3 prioridad=media
[2026-04-13 18:37:04,438] INFO - desk-2 atendio ticket id=240 prioridad=alta cliente=cliente-1
[2026-04-13 18:37:04,467] INFO - Ticket creado id=242 cliente=cliente-1 prioridad=baja
[2026-04-13 18:37:04,479] INFO - Ticket creado id=243 cliente=cliente-3 prioridad=baja
[2026-04-13 18:37:04,480] INFO - Pantalla publica consultada: total=105 altas=0 medias=27 bajas=78
[2026-04-13 18:37:04,511] INFO - desk-1 atendio ticket id=156 prioridad=media cliente=cliente-3
[2026-04-13 18:37:04,522] INFO - Ticket creado id=244 cliente=cliente-3 prioridad=baja
[2026-04-13 18:37:04,524] INFO - desk-2 atendio ticket id=158 prioridad=media cliente=cliente-3
[2026-04-13 18:37:04,554] INFO - Ticket creado id=245 cliente=cliente-1 prioridad=baja
[2026-04-13 18:37:04,564] INFO - Pantalla publica consultada: total=105 altas=0 medias=25 bajas=80
[2026-04-13 18:37:04,567] INFO - desk-2 atendio ticket id=159 prioridad=media cliente=cliente-2
[2026-04-13 18:37:04,597] INFO - desk-1 atendio ticket id=166 prioridad=media cliente=cliente-1
[2026-04-13 18:37:04,607] INFO - Ticket creado id=246 cliente=cliente-3 prioridad=baja
[2026-04-13 18:37:04,610] INFO - Ticket creado id=247 cliente=cliente-2 prioridad=baja
[2026-04-13 18:37:04,640] INFO - Ticket creado id=248 cliente=cliente-1 prioridad=media
[2026-04-13 18:37:04,651] INFO - desk-3 atendio ticket id=172 prioridad=media cliente=cliente-2
[2026-04-13 18:37:04,653] INFO - Ticket creado id=249 cliente=cliente-2 prioridad=media
[2026-04-13 18:37:04,683] INFO - Ticket creado id=250 cliente=cliente-1 prioridad=baja
[2026-04-13 18:37:04,693] INFO - Ticket creado id=251 cliente=cliente-3 prioridad=alta
[2026-04-13 18:37:04,696] INFO - Ticket creado id=252 cliente=cliente-2 prioridad=alta
[2026-04-13 18:37:04,727] INFO - desk-1 atendio ticket id=251 prioridad=alta cliente=cliente-3
[2026-04-13 18:37:04,735] INFO - Pantalla publica consultada: total=108 altas=1 medias=24 bajas=83
[2026-04-13 18:37:04,739] INFO - Ticket creado id=253 cliente=cliente-2 prioridad=alta
[2026-04-13 18:37:04,770] INFO - Pantalla publica consultada: total=109 altas=2 medias=24 bajas=83
[2026-04-13 18:37:04,779] INFO - Ticket creado id=254 cliente=cliente-3 prioridad=alta
[2026-04-13 18:37:04,782] INFO - Ticket creado id=255 cliente=cliente-2 prioridad=media
[2026-04-13 18:37:04,813] INFO - Ticket creado id=256 cliente=cliente-1 prioridad=media
[2026-04-13 18:37:04,823] INFO - Ticket creado id=257 cliente=cliente-3 prioridad=baja
[2026-04-13 18:37:04,825] INFO - Ticket creado id=258 cliente=cliente-2 prioridad=baja
[2026-04-13 18:37:04,856] INFO - Ticket creado id=259 cliente=cliente-1 prioridad=media
[2026-04-13 18:37:04,866] INFO - Ticket creado id=260 cliente=cliente-3 prioridad=alta
[2026-04-13 18:37:04,868] INFO - desk-2 atendio ticket id=252 prioridad=alta cliente=cliente-2
[2026-04-13 18:37:04,899] INFO - Ticket creado id=261 cliente=cliente-1 prioridad=baja
[2026-04-13 18:37:04,910] INFO - Ticket creado id=262 cliente=cliente-3 prioridad=baja
[2026-04-13 18:37:04,912] INFO - Ticket creado id=263 cliente=cliente-2 prioridad=media
[2026-04-13 18:37:04,943] INFO - desk-1 atendio ticket id=253 prioridad=alta cliente=cliente-2
[2026-04-13 18:37:04,953] INFO - Ticket creado id=264 cliente=cliente-3 prioridad=alta
[2026-04-13 18:37:04,955] INFO - desk-2 atendio ticket id=254 prioridad=alta cliente=cliente-3
[2026-04-13 18:37:04,985] INFO - Pantalla publica consultada: total=117 altas=2 medias=28 bajas=87
[2026-04-13 18:37:04,997] INFO - desk-3 atendio ticket id=260 prioridad=alta cliente=cliente-3
[2026-04-13 18:37:04,998] INFO - Pantalla publica consultada: total=116 altas=1 medias=28 bajas=87
[2026-04-13 18:37:05,028] INFO - Ticket creado id=265 cliente=cliente-1 prioridad=baja
[2026-04-13 18:37:05,041] INFO - desk-3 atendio ticket id=264 prioridad=alta cliente=cliente-3
[2026-04-13 18:37:05,044] INFO - Ticket creado id=266 cliente=cliente-2 prioridad=media
[2026-04-13 18:37:05,070] INFO - Pantalla publica consultada: total=117 altas=0 medias=29 bajas=88
[2026-04-13 18:37:05,083] INFO - Pantalla publica consultada: total=117 altas=0 medias=29 bajas=88
[2026-04-13 18:37:05,087] INFO - Ticket creado id=267 cliente=cliente-2 prioridad=baja
[2026-04-13 18:37:05,114] INFO - Ticket creado id=268 cliente=cliente-1 prioridad=media
[2026-04-13 18:37:05,125] INFO - Pantalla publica consultada: total=119 altas=0 medias=30 bajas=89
[2026-04-13 18:37:05,130] INFO - desk-2 atendio ticket id=179 prioridad=media cliente=cliente-1
[2026-04-13 18:37:05,158] INFO - Ticket creado id=269 cliente=cliente-1 prioridad=baja
[2026-04-13 18:37:05,168] INFO - Ticket creado id=270 cliente=cliente-3 prioridad=alta
[2026-04-13 18:37:05,172] INFO - desk-2 atendio ticket id=270 prioridad=alta cliente=cliente-3
[2026-04-13 18:37:05,201] INFO - Ticket creado id=271 cliente=cliente-1 prioridad=media
[2026-04-13 18:37:05,212] INFO - Ticket creado id=272 cliente=cliente-3 prioridad=baja
[2026-04-13 18:37:05,216] INFO - desk-2 atendio ticket id=181 prioridad=media cliente=cliente-3
[2026-04-13 18:37:05,245] INFO - Ticket creado id=273 cliente=cliente-1 prioridad=baja
[2026-04-13 18:37:05,256] INFO - desk-3 atendio ticket id=182 prioridad=media cliente=cliente-2
[2026-04-13 18:37:05,259] INFO - Ticket creado id=274 cliente=cliente-2 prioridad=media
[2026-04-13 18:37:05,289] INFO - Ticket creado id=275 cliente=cliente-1 prioridad=media
[2026-04-13 18:37:05,298] INFO - Pantalla publica consultada: total=122 altas=0 medias=30 bajas=92
[2026-04-13 18:37:05,302] INFO - Ticket creado id=276 cliente=cliente-2 prioridad=baja
[2026-04-13 18:37:05,332] INFO - Ticket creado id=277 cliente=cliente-1 prioridad=media
[2026-04-13 18:37:05,340] INFO - Pantalla publica consultada: total=124 altas=0 medias=31 bajas=93
[2026-04-13 18:37:05,346] INFO - desk-2 atendio ticket id=184 prioridad=media cliente=cliente-2
[2026-04-13 18:37:05,375] INFO - Pantalla publica consultada: total=123 altas=0 medias=30 bajas=93
[2026-04-13 18:37:05,382] INFO - Pantalla publica consultada: total=123 altas=0 medias=30 bajas=93
[2026-04-13 18:37:05,389] INFO - desk-2 atendio ticket id=185 prioridad=media cliente=cliente-3
[2026-04-13 18:37:05,417] INFO - Pantalla publica consultada: total=122 altas=0 medias=29 bajas=93
[2026-04-13 18:37:05,426] INFO - Ticket creado id=278 cliente=cliente-3 prioridad=baja
[2026-04-13 18:37:05,434] INFO - Ticket creado id=279 cliente=cliente-2 prioridad=alta
[2026-04-13 18:37:05,460] INFO - desk-1 atendio ticket id=279 prioridad=alta cliente=cliente-2
[2026-04-13 18:37:05,469] INFO - Ticket creado id=280 cliente=cliente-3 prioridad=media
[2026-04-13 18:37:05,479] INFO - desk-2 atendio ticket id=188 prioridad=media cliente=cliente-2
[2026-04-13 18:37:05,503] INFO - Pantalla publica consultada: total=123 altas=0 medias=29 bajas=94
[2026-04-13 18:37:05,512] INFO - desk-3 atendio ticket id=190 prioridad=media cliente=cliente-3
[2026-04-13 18:37:05,523] INFO - Ticket creado id=281 cliente=cliente-2 prioridad=alta
[2026-04-13 18:37:05,547] INFO - Ticket creado id=282 cliente=cliente-1 prioridad=media
[2026-04-13 18:37:05,556] INFO - Ticket creado id=283 cliente=cliente-3 prioridad=alta
[2026-04-13 18:37:05,565] INFO - Pantalla publica consultada: total=125 altas=2 medias=29 bajas=94
[2026-04-13 18:37:05,591] INFO - Ticket creado id=284 cliente=cliente-1 prioridad=baja
[2026-04-13 18:37:05,600] INFO - desk-3 atendio ticket id=281 prioridad=alta cliente=cliente-2
[2026-04-13 18:37:05,608] INFO - Pantalla publica consultada: total=125 altas=1 medias=29 bajas=95
[2026-04-13 18:37:05,635] INFO - Ticket creado id=285 cliente=cliente-1 prioridad=media
[2026-04-13 18:37:05,644] INFO - desk-3 atendio ticket id=283 prioridad=alta cliente=cliente-3
[2026-04-13 18:37:05,651] INFO - desk-2 atendio ticket id=193 prioridad=media cliente=cliente-2
[2026-04-13 18:37:05,678] INFO - Ticket creado id=286 cliente=cliente-1 prioridad=alta
[2026-04-13 18:37:05,687] INFO - Ticket creado id=287 cliente=cliente-3 prioridad=baja
[2026-04-13 18:37:05,693] INFO - Pantalla publica consultada: total=126 altas=1 medias=29 bajas=96
[2026-04-13 18:37:05,722] INFO - Ticket creado id=288 cliente=cliente-1 prioridad=alta
[2026-04-13 18:37:05,731] INFO - Ticket creado id=289 cliente=cliente-3 prioridad=media
[2026-04-13 18:37:05,736] INFO - Ticket creado id=290 cliente=cliente-2 prioridad=alta
[2026-04-13 18:37:05,765] INFO - Ticket creado id=291 cliente=cliente-1 prioridad=media
[2026-04-13 18:37:05,774] INFO - Ticket creado id=292 cliente=cliente-3 prioridad=baja
[2026-04-13 18:37:05,779] INFO - Ticket creado id=293 cliente=cliente-2 prioridad=baja
[2026-04-13 18:37:05,808] INFO - Ticket creado id=294 cliente=cliente-1 prioridad=alta
[2026-04-13 18:37:05,817] INFO - Ticket creado id=295 cliente=cliente-3 prioridad=media
[2026-04-13 18:37:05,821] INFO - Pantalla publica consultada: total=134 altas=4 medias=32 bajas=98
[2026-04-13 18:37:05,851] INFO - Ticket creado id=296 cliente=cliente-1 prioridad=media
[2026-04-13 18:37:05,860] INFO - Ticket creado id=297 cliente=cliente-3 prioridad=baja
[2026-04-13 18:37:05,865] INFO - Ticket creado id=298 cliente=cliente-2 prioridad=media
[2026-04-13 18:37:05,893] INFO - Pantalla publica consultada: total=137 altas=4 medias=34 bajas=99
[2026-04-13 18:37:05,904] INFO - Ticket creado id=299 cliente=cliente-3 prioridad=baja
[2026-04-13 18:37:05,906] INFO - Pantalla publica consultada: total=138 altas=4 medias=34 bajas=100
[2026-04-13 18:37:05,937] INFO - Ticket creado id=300 cliente=cliente-1 prioridad=alta
[2026-04-13 18:37:05,947] INFO - Ticket creado id=301 cliente=cliente-3 prioridad=media
[2026-04-13 18:37:05,950] INFO - Ticket creado id=302 cliente=cliente-2 prioridad=media
[2026-04-13 18:37:05,981] INFO - Ticket creado id=303 cliente=cliente-1 prioridad=baja
[2026-04-13 18:37:05,991] INFO - desk-3 atendio ticket id=286 prioridad=alta cliente=cliente-1
[2026-04-13 18:37:05,995] INFO - Ticket creado id=304 cliente=cliente-2 prioridad=alta
[2026-04-13 18:37:06,025] INFO - Ticket creado id=305 cliente=cliente-1 prioridad=alta
[2026-04-13 18:37:06,036] INFO - Ticket creado id=306 cliente=cliente-3 prioridad=media
[2026-04-13 18:37:06,039] INFO - desk-2 atendio ticket id=288 prioridad=alta cliente=cliente-1
[2026-04-13 18:37:06,067] INFO - Pantalla publica consultada: total=143 altas=5 medias=37 bajas=101
[2026-04-13 18:37:06,080] INFO - Ticket creado id=307 cliente=cliente-3 prioridad=alta
[2026-04-13 18:37:06,081] INFO - Pantalla publica consultada: total=144 altas=6 medias=37 bajas=101
[2026-04-13 18:37:06,111] INFO - Ticket creado id=308 cliente=cliente-1 prioridad=media
[2026-04-13 18:37:06,125] INFO - Ticket creado id=309 cliente=cliente-3 prioridad=alta
[2026-04-13 18:37:06,126] INFO - Pantalla publica consultada: total=146 altas=7 medias=38 bajas=101
[2026-04-13 18:37:06,155] INFO - Ticket creado id=310 cliente=cliente-1 prioridad=baja
[2026-04-13 18:37:06,170] INFO - Ticket creado id=311 cliente=cliente-3 prioridad=media
[2026-04-13 18:37:06,173] INFO - Ticket creado id=312 cliente=cliente-2 prioridad=baja
[2026-04-13 18:37:06,198] INFO - Ticket creado id=313 cliente=cliente-1 prioridad=baja
[2026-04-13 18:37:06,212] INFO - Pantalla publica consultada: total=150 altas=7 medias=39 bajas=104
[2026-04-13 18:37:06,217] INFO - Ticket creado id=314 cliente=cliente-2 prioridad=media
[2026-04-13 18:37:06,241] INFO - Ticket creado id=315 cliente=cliente-1 prioridad=media
[2026-04-13 18:37:06,254] INFO - Pantalla publica consultada: total=152 altas=7 medias=41 bajas=104
[2026-04-13 18:37:06,260] INFO - desk-2 atendio ticket id=290 prioridad=alta cliente=cliente-2
[2026-04-13 18:37:06,283] INFO - Pantalla publica consultada: total=151 altas=6 medias=41 bajas=104
[2026-04-13 18:37:06,296] INFO - Pantalla publica consultada: total=151 altas=6 medias=41 bajas=104
[2026-04-13 18:37:06,303] INFO - Ticket creado id=316 cliente=cliente-2 prioridad=baja
[2026-04-13 18:37:06,326] INFO - Ticket creado id=317 cliente=cliente-1 prioridad=media
[2026-04-13 18:37:06,339] INFO - desk-3 atendio ticket id=294 prioridad=alta cliente=cliente-1
[2026-04-13 18:37:06,345] INFO - Pantalla publica consultada: total=152 altas=5 medias=42 bajas=105
[2026-04-13 18:37:06,368] INFO - Pantalla publica consultada: total=152 altas=5 medias=42 bajas=105
[2026-04-13 18:37:06,383] INFO - Ticket creado id=318 cliente=cliente-3 prioridad=baja
[2026-04-13 18:37:06,389] INFO - Ticket creado id=319 cliente=cliente-2 prioridad=baja
[2026-04-13 18:37:06,411] INFO - Pantalla publica consultada: total=154 altas=5 medias=42 bajas=107
[2026-04-13 18:37:06,427] INFO - Ticket creado id=320 cliente=cliente-3 prioridad=baja
[2026-04-13 18:37:06,432] INFO - Ticket creado id=321 cliente=cliente-2 prioridad=media
[2026-04-13 18:37:06,454] INFO - Ticket creado id=322 cliente=cliente-1 prioridad=baja
[2026-04-13 18:37:06,470] INFO - desk-3 atendio ticket id=300 prioridad=alta cliente=cliente-1
[2026-04-13 18:37:06,476] INFO - desk-2 atendio ticket id=304 prioridad=alta cliente=cliente-2
[2026-04-13 18:37:06,498] INFO - desk-1 atendio ticket id=305 prioridad=alta cliente=cliente-1
[2026-04-13 18:37:06,514] INFO - desk-3 atendio ticket id=307 prioridad=alta cliente=cliente-3
[2026-04-13 18:37:06,519] INFO - Ticket creado id=323 cliente=cliente-2 prioridad=media
[2026-04-13 18:37:06,540] INFO - Pantalla publica consultada: total=154 altas=1 medias=44 bajas=109
[2026-04-13 18:37:06,559] INFO - desk-3 atendio ticket id=309 prioridad=alta cliente=cliente-3
[2026-04-13 18:37:06,563] INFO - desk-2 atendio ticket id=194 prioridad=media cliente=cliente-1
[2026-04-13 18:37:06,584] INFO - Ticket creado id=324 cliente=cliente-1 prioridad=baja
[2026-04-13 18:37:06,602] INFO - Ticket creado id=325 cliente=cliente-3 prioridad=media
[2026-04-13 18:37:06,605] INFO - Pantalla publica consultada: total=154 altas=0 medias=44 bajas=110
[2026-04-13 18:37:06,629] INFO - Ticket creado id=326 cliente=cliente-1 prioridad=baja
[2026-04-13 18:37:06,646] INFO - desk-3 atendio ticket id=195 prioridad=media cliente=cliente-1
[2026-04-13 18:37:06,647] INFO - Pantalla publica consultada: total=154 altas=0 medias=43 bajas=111
[2026-04-13 18:37:06,672] INFO - Ticket creado id=327 cliente=cliente-1 prioridad=media
[2026-04-13 18:37:06,690] INFO - desk-3 atendio ticket id=197 prioridad=media cliente=cliente-1
[2026-04-13 18:37:06,693] INFO - Ticket creado id=328 cliente=cliente-2 prioridad=baja
[2026-04-13 18:37:06,716] INFO - desk-1 atendio ticket id=204 prioridad=media cliente=cliente-2
[2026-04-13 18:37:06,733] INFO - Pantalla publica consultada: total=154 altas=0 medias=42 bajas=112
[2026-04-13 18:37:06,735] INFO - Pantalla publica consultada: total=154 altas=0 medias=42 bajas=112
[2026-04-13 18:37:06,760] INFO - Ticket creado id=329 cliente=cliente-1 prioridad=media
[2026-04-13 18:37:06,775] INFO - Pantalla publica consultada: total=155 altas=0 medias=43 bajas=112
[2026-04-13 18:37:06,778] INFO - Ticket creado id=330 cliente=cliente-2 prioridad=baja
[2026-04-13 18:37:06,803] INFO - Ticket creado id=331 cliente=cliente-1 prioridad=alta
[2026-04-13 18:37:06,818] INFO - desk-3 atendio ticket id=331 prioridad=alta cliente=cliente-1
[2026-04-13 18:37:06,822] INFO - Ticket creado id=332 cliente=cliente-2 prioridad=media
[2026-04-13 18:37:06,847] INFO - Ticket creado id=333 cliente=cliente-1 prioridad=alta
[2026-04-13 18:37:06,861] INFO - Ticket creado id=334 cliente=cliente-3 prioridad=alta
[2026-04-13 18:37:06,865] INFO - Ticket creado id=335 cliente=cliente-2 prioridad=baja
[2026-04-13 18:37:06,889] INFO - Pantalla publica consultada: total=160 altas=2 medias=44 bajas=114
[2026-04-13 18:37:06,905] INFO - Ticket creado id=336 cliente=cliente-3 prioridad=alta
[2026-04-13 18:37:06,909] INFO - Ticket creado id=337 cliente=cliente-2 prioridad=baja
[2026-04-13 18:37:06,933] INFO - Ticket creado id=338 cliente=cliente-1 prioridad=alta
[2026-04-13 18:37:06,949] INFO - desk-3 atendio ticket id=333 prioridad=alta cliente=cliente-1
[2026-04-13 18:37:06,953] INFO - Ticket creado id=339 cliente=cliente-2 prioridad=alta
[2026-04-13 18:37:06,976] INFO - desk-1 atendio ticket id=334 prioridad=alta cliente=cliente-3
[2026-04-13 18:37:06,990] INFO - Pantalla publica consultada: total=162 altas=3 medias=44 bajas=115
[2026-04-13 18:37:06,996] INFO - desk-2 atendio ticket id=336 prioridad=alta cliente=cliente-3
[2026-04-13 18:37:07,018] INFO - Pantalla publica consultada: total=161 altas=2 medias=44 bajas=115
[2026-04-13 18:37:07,034] INFO - Ticket creado id=340 cliente=cliente-3 prioridad=media
[2026-04-13 18:37:07,038] INFO - Pantalla publica consultada: total=162 altas=2 medias=45 bajas=115
[2026-04-13 18:37:07,062] INFO - Ticket creado id=341 cliente=cliente-1 prioridad=alta
[2026-04-13 18:37:07,077] INFO - Ticket creado id=342 cliente=cliente-3 prioridad=media
[2026-04-13 18:37:07,082] INFO - desk-2 atendio ticket id=338 prioridad=alta cliente=cliente-1
[2026-04-13 18:37:07,104] INFO - Pantalla publica consultada: total=163 altas=2 medias=46 bajas=115
[2026-04-13 18:37:07,121] INFO - desk-3 atendio ticket id=339 prioridad=alta cliente=cliente-2
[2026-04-13 18:37:07,125] INFO - Ticket creado id=343 cliente=cliente-2 prioridad=baja
[2026-04-13 18:37:07,147] INFO - Ticket creado id=344 cliente=cliente-1 prioridad=baja
[2026-04-13 18:37:07,165] INFO - Ticket creado id=345 cliente=cliente-3 prioridad=alta
[2026-04-13 18:37:07,169] INFO - Ticket creado id=346 cliente=cliente-2 prioridad=alta
[2026-04-13 18:37:07,191] INFO - Ticket creado id=347 cliente=cliente-1 prioridad=media
[2026-04-13 18:37:07,209] INFO - Ticket creado id=348 cliente=cliente-3 prioridad=alta
[2026-04-13 18:37:07,212] INFO - Ticket creado id=349 cliente=cliente-2 prioridad=alta
[2026-04-13 18:37:07,234] INFO - desk-1 atendio ticket id=341 prioridad=alta cliente=cliente-1
[2026-04-13 18:37:07,250] INFO - Pantalla publica consultada: total=168 altas=4 medias=47 bajas=117
[2026-04-13 18:37:07,255] INFO - desk-2 atendio ticket id=345 prioridad=alta cliente=cliente-3
[2026-04-13 18:37:07,278] INFO - Ticket creado id=350 cliente=cliente-1 prioridad=media
[2026-04-13 18:37:07,294] INFO - desk-3 atendio ticket id=346 prioridad=alta cliente=cliente-2
[2026-04-13 18:37:07,296] INFO - Pantalla publica consultada: total=167 altas=2 medias=48 bajas=117
[2026-04-13 18:37:07,321] INFO - Ticket creado id=351 cliente=cliente-1 prioridad=baja
[2026-04-13 18:37:07,337] INFO - Pantalla publica consultada: total=168 altas=2 medias=48 bajas=118
[2026-04-13 18:37:07,338] INFO - Pantalla publica consultada: total=168 altas=2 medias=48 bajas=118
[2026-04-13 18:37:07,364] INFO - Ticket creado id=352 cliente=cliente-1 prioridad=baja
[2026-04-13 18:37:07,382] INFO - desk-3 atendio ticket id=348 prioridad=alta cliente=cliente-3
[2026-04-13 18:37:07,385] INFO - desk-2 atendio ticket id=349 prioridad=alta cliente=cliente-2
[2026-04-13 18:37:07,408] INFO - desk-1 atendio ticket id=205 prioridad=media cliente=cliente-1
[2026-04-13 18:37:07,426] INFO - Ticket creado id=353 cliente=cliente-3 prioridad=baja
[2026-04-13 18:37:07,427] INFO - Pantalla publica consultada: total=167 altas=0 medias=47 bajas=120
[2026-04-13 18:37:07,452] INFO - desk-1 atendio ticket id=206 prioridad=media cliente=cliente-2
[2026-04-13 18:37:07,470] INFO - Ticket creado id=354 cliente=cliente-3 prioridad=media
[2026-04-13 18:37:07,472] INFO - Pantalla publica consultada: total=167 altas=0 medias=47 bajas=120
[2026-04-13 18:37:07,495] INFO - desk-1 atendio ticket id=212 prioridad=media cliente=cliente-1
[2026-04-13 18:37:07,515] INFO - desk-3 atendio ticket id=213 prioridad=media cliente=cliente-2
[2026-04-13 18:37:07,518] INFO - desk-2 atendio ticket id=214 prioridad=media cliente=cliente-1
[2026-04-13 18:37:07,539] INFO - Ticket creado id=355 cliente=cliente-1 prioridad=baja
[2026-04-13 18:37:07,558] INFO - Pantalla publica consultada: total=165 altas=0 medias=44 bajas=121
[2026-04-13 18:37:07,561] INFO - desk-2 atendio ticket id=215 prioridad=media cliente=cliente-2
[2026-04-13 18:37:07,583] INFO - desk-1 atendio ticket id=232 prioridad=media cliente=cliente-3
[2026-04-13 18:37:07,602] INFO - Ticket creado id=356 cliente=cliente-3 prioridad=alta
[2026-04-13 18:37:07,605] INFO - Ticket creado id=357 cliente=cliente-2 prioridad=alta
[2026-04-13 18:37:07,625] INFO - Pantalla publica consultada: total=165 altas=2 medias=42 bajas=121
[2026-04-13 18:37:07,645] INFO - Pantalla publica consultada: total=165 altas=2 medias=42 bajas=121
[2026-04-13 18:37:07,649] INFO - Ticket creado id=358 cliente=cliente-2 prioridad=baja
[2026-04-13 18:37:07,669] INFO - Ticket creado id=359 cliente=cliente-1 prioridad=media
[2026-04-13 18:37:07,689] INFO - Ticket creado id=360 cliente=cliente-3 prioridad=baja
[2026-04-13 18:37:07,693] INFO - Ticket creado id=361 cliente=cliente-2 prioridad=baja
[2026-04-13 18:37:07,712] INFO - Pantalla publica consultada: total=169 altas=2 medias=43 bajas=124
[2026-04-13 18:37:07,733] INFO - Ticket creado id=362 cliente=cliente-3 prioridad=media
[2026-04-13 18:37:07,737] INFO - desk-2 atendio ticket id=356 prioridad=alta cliente=cliente-3
[2026-04-13 18:37:07,756] INFO - Ticket creado id=363 cliente=cliente-1 prioridad=baja
[2026-04-13 18:37:07,777] INFO - Ticket creado id=364 cliente=cliente-3 prioridad=alta
[2026-04-13 18:37:07,781] INFO - Ticket creado id=365 cliente=cliente-2 prioridad=alta
[2026-04-13 18:37:07,800] INFO - desk-1 atendio ticket id=357 prioridad=alta cliente=cliente-2
[2026-04-13 18:37:07,822] INFO - desk-3 atendio ticket id=364 prioridad=alta cliente=cliente-3
[2026-04-13 18:37:07,826] INFO - Ticket creado id=366 cliente=cliente-2 prioridad=alta
[2026-04-13 18:37:07,842] INFO - Pantalla publica consultada: total=171 altas=2 medias=44 bajas=125
[2026-04-13 18:37:07,866] INFO - desk-3 atendio ticket id=365 prioridad=alta cliente=cliente-2
[2026-04-13 18:37:07,869] INFO - Ticket creado id=367 cliente=cliente-2 prioridad=baja
[2026-04-13 18:37:07,887] INFO - desk-1 atendio ticket id=366 prioridad=alta cliente=cliente-2
[2026-04-13 18:37:07,910] INFO - Ticket creado id=368 cliente=cliente-3 prioridad=baja
[2026-04-13 18:37:07,914] INFO - desk-2 atendio ticket id=234 prioridad=media cliente=cliente-3
[2026-04-13 18:37:07,932] INFO - desk-1 atendio ticket id=239 prioridad=media cliente=cliente-1
[2026-04-13 18:37:07,954] INFO - Ticket creado id=369 cliente=cliente-3 prioridad=baja
[2026-04-13 18:37:07,958] INFO - Ticket creado id=370 cliente=cliente-2 prioridad=alta
[2026-04-13 18:37:07,976] INFO - desk-1 atendio ticket id=370 prioridad=alta cliente=cliente-2
[2026-04-13 18:37:07,997] INFO - Pantalla publica consultada: total=170 altas=0 medias=42 bajas=128
[2026-04-13 18:37:08,002] INFO - Ticket creado id=371 cliente=cliente-2 prioridad=media
[2026-04-13 18:37:08,020] INFO - Ticket creado id=372 cliente=cliente-1 prioridad=media
[2026-04-13 18:37:08,040] INFO - Ticket creado id=373 cliente=cliente-3 prioridad=alta
[2026-04-13 18:37:08,045] INFO - Ticket creado id=374 cliente=cliente-2 prioridad=baja
[2026-04-13 18:37:08,064] INFO - desk-1 atendio ticket id=373 prioridad=alta cliente=cliente-3
[2026-04-13 18:37:08,082] INFO - Pantalla publica consultada: total=173 altas=0 medias=44 bajas=129
[2026-04-13 18:37:08,089] INFO - Ticket creado id=375 cliente=cliente-2 prioridad=alta
[2026-04-13 18:37:08,107] INFO - Ticket creado id=376 cliente=cliente-1 prioridad=media
[2026-04-13 18:37:08,126] INFO - Ticket creado id=377 cliente=cliente-3 prioridad=media
[2026-04-13 18:37:08,131] INFO - Pantalla publica consultada: total=176 altas=1 medias=46 bajas=129
[2026-04-13 18:37:08,149] INFO - Pantalla publica consultada: total=176 altas=1 medias=46 bajas=129
[2026-04-13 18:37:08,170] INFO - Ticket creado id=378 cliente=cliente-3 prioridad=alta
[2026-04-13 18:37:08,175] INFO - Ticket creado id=379 cliente=cliente-2 prioridad=alta
[2026-04-13 18:37:08,193] INFO - desk-1 atendio ticket id=375 prioridad=alta cliente=cliente-2
[2026-04-13 18:37:08,214] INFO - desk-3 atendio ticket id=378 prioridad=alta cliente=cliente-3
[2026-04-13 18:37:08,218] INFO - desk-2 atendio ticket id=379 prioridad=alta cliente=cliente-2
[2026-04-13 18:37:08,237] INFO - Ticket creado id=380 cliente=cliente-1 prioridad=media
[2026-04-13 18:37:08,258] INFO - Ticket creado id=381 cliente=cliente-3 prioridad=baja
[2026-04-13 18:37:08,262] INFO - desk-2 atendio ticket id=241 prioridad=media cliente=cliente-3
[2026-04-13 18:37:08,281] INFO - desk-1 atendio ticket id=248 prioridad=media cliente=cliente-1
[2026-04-13 18:37:08,302] INFO - Ticket creado id=382 cliente=cliente-3 prioridad=media
[2026-04-13 18:37:08,306] INFO - Ticket creado id=383 cliente=cliente-2 prioridad=baja
[2026-04-13 18:37:08,323] INFO - Pantalla publica consultada: total=177 altas=0 medias=46 bajas=131
[2026-04-13 18:37:08,346] INFO - desk-3 atendio ticket id=249 prioridad=media cliente=cliente-2
[2026-04-13 18:37:08,347] INFO - Pantalla publica consultada: total=176 altas=0 medias=45 bajas=131
[2026-04-13 18:37:08,367] INFO - Ticket creado id=384 cliente=cliente-1 prioridad=media
[2026-04-13 18:37:08,390] INFO - desk-3 atendio ticket id=255 prioridad=media cliente=cliente-2
[2026-04-13 18:37:08,394] INFO - Ticket creado id=385 cliente=cliente-2 prioridad=baja
[2026-04-13 18:37:08,410] INFO - Ticket creado id=386 cliente=cliente-1 prioridad=media
[2026-04-13 18:37:08,435] INFO - Ticket creado id=387 cliente=cliente-3 prioridad=media
[2026-04-13 18:37:08,436] INFO - Pantalla publica consultada: total=179 altas=0 medias=47 bajas=132
[2026-04-13 18:37:08,454] INFO - Ticket creado id=388 cliente=cliente-1 prioridad=alta
[2026-04-13 18:37:08,479] INFO - desk-3 atendio ticket id=388 prioridad=alta cliente=cliente-1
[2026-04-13 18:37:08,482] INFO - Ticket creado id=389 cliente=cliente-2 prioridad=media
[2026-04-13 18:37:08,498] INFO - Ticket creado id=390 cliente=cliente-1 prioridad=baja
[2026-04-13 18:37:08,523] INFO - desk-3 atendio ticket id=256 prioridad=media cliente=cliente-1
[2026-04-13 18:37:08,525] INFO - Pantalla publica consultada: total=180 altas=0 medias=47 bajas=133
[2026-04-13 18:37:08,541] INFO - Pantalla publica consultada: total=180 altas=0 medias=47 bajas=133
[2026-04-13 18:37:08,569] INFO - Ticket creado id=391 cliente=cliente-3 prioridad=media
[2026-04-13 18:37:08,571] INFO - Ticket creado id=392 cliente=cliente-2 prioridad=alta
[2026-04-13 18:37:08,585] INFO - Ticket creado id=393 cliente=cliente-1 prioridad=baja
[2026-04-13 18:37:08,613] INFO - Ticket creado id=394 cliente=cliente-3 prioridad=alta
[2026-04-13 18:37:08,617] INFO - Ticket creado id=395 cliente=cliente-2 prioridad=alta
[2026-04-13 18:37:08,629] INFO - Ticket creado id=396 cliente=cliente-1 prioridad=media
[2026-04-13 18:37:08,658] INFO - desk-3 atendio ticket id=392 prioridad=alta cliente=cliente-2
[2026-04-13 18:37:08,662] INFO - Ticket creado id=397 cliente=cliente-2 prioridad=media
[2026-04-13 18:37:08,673] INFO - Ticket creado id=398 cliente=cliente-1 prioridad=baja
[2026-04-13 18:37:08,701] INFO - Pantalla publica consultada: total=187 altas=2 medias=50 bajas=135
[2026-04-13 18:37:08,705] INFO - Ticket creado id=399 cliente=cliente-2 prioridad=alta
[2026-04-13 18:37:08,717] INFO - desk-1 atendio ticket id=394 prioridad=alta cliente=cliente-3
[2026-04-13 18:37:08,745] INFO - Ticket creado id=400 cliente=cliente-3 prioridad=alta
[2026-04-13 18:37:08,749] INFO - Ticket creado id=401 cliente=cliente-2 prioridad=baja
[2026-04-13 18:37:08,759] INFO - Pantalla publica consultada: total=189 altas=3 medias=50 bajas=136
[2026-04-13 18:37:08,789] INFO - Ticket creado id=402 cliente=cliente-3 prioridad=media
[2026-04-13 18:37:08,792] INFO - Ticket creado id=403 cliente=cliente-2 prioridad=baja
[2026-04-13 18:37:08,804] INFO - Ticket creado id=404 cliente=cliente-1 prioridad=baja
[2026-04-13 18:37:08,833] INFO - desk-3 atendio ticket id=395 prioridad=alta cliente=cliente-2
[2026-04-13 18:37:08,836] INFO - desk-2 atendio ticket id=399 prioridad=alta cliente=cliente-2
[2026-04-13 18:37:08,846] INFO - Pantalla publica consultada: total=190 altas=1 medias=51 bajas=138
[2026-04-13 18:37:08,877] INFO - Ticket creado id=405 cliente=cliente-3 prioridad=baja
[2026-04-13 18:37:08,881] INFO - desk-2 atendio ticket id=400 prioridad=alta cliente=cliente-3
[2026-04-13 18:37:08,891] INFO - Ticket creado id=406 cliente=cliente-1 prioridad=media
[2026-04-13 18:37:08,920] INFO - Pantalla publica consultada: total=191 altas=0 medias=52 bajas=139
[2026-04-13 18:37:08,925] INFO - Ticket creado id=407 cliente=cliente-2 prioridad=media
[2026-04-13 18:37:08,934] INFO - desk-1 atendio ticket id=259 prioridad=media cliente=cliente-1
[2026-04-13 18:37:08,964] INFO - Ticket creado id=408 cliente=cliente-3 prioridad=media
[2026-04-13 18:37:08,968] INFO - desk-2 atendio ticket id=263 prioridad=media cliente=cliente-2
[2026-04-13 18:37:08,979] INFO - desk-1 atendio ticket id=266 prioridad=media cliente=cliente-2
[2026-04-13 18:37:09,008] INFO - Ticket creado id=409 cliente=cliente-3 prioridad=media
[2026-04-13 18:37:09,012] INFO - Ticket creado id=410 cliente=cliente-2 prioridad=media
[2026-04-13 18:37:09,022] INFO - Ticket creado id=411 cliente=cliente-1 prioridad=baja
[2026-04-13 18:37:09,052] INFO - Ticket creado id=412 cliente=cliente-3 prioridad=media
[2026-04-13 18:37:09,053] INFO - Pantalla publica consultada: total=194 altas=0 medias=54 bajas=140
[2026-04-13 18:37:09,064] INFO - Pantalla publica consultada: total=194 altas=0 medias=54 bajas=140
[2026-04-13 18:37:09,097] INFO - Ticket creado id=413 cliente=cliente-3 prioridad=baja
[2026-04-13 18:37:09,100] INFO - Ticket creado id=414 cliente=cliente-2 prioridad=baja
[2026-04-13 18:37:09,108] INFO - Ticket creado id=415 cliente=cliente-1 prioridad=alta
[2026-04-13 18:37:09,139] INFO - Pantalla publica consultada: total=197 altas=1 medias=54 bajas=142
[2026-04-13 18:37:09,143] INFO - Ticket creado id=416 cliente=cliente-2 prioridad=alta
[2026-04-13 18:37:09,150] INFO - Pantalla publica consultada: total=198 altas=2 medias=54 bajas=142
[2026-04-13 18:37:09,183] INFO - desk-3 atendio ticket id=415 prioridad=alta cliente=cliente-1
[2026-04-13 18:37:09,187] INFO - desk-2 atendio ticket id=416 prioridad=alta cliente=cliente-2
[2026-04-13 18:37:09,193] INFO - Ticket creado id=417 cliente=cliente-1 prioridad=media
[2026-04-13 18:37:09,225] INFO - Pantalla publica consultada: total=197 altas=0 medias=55 bajas=142
[2026-04-13 18:37:09,231] INFO - Ticket creado id=418 cliente=cliente-2 prioridad=alta
[2026-04-13 18:37:09,237] INFO - desk-1 atendio ticket id=418 prioridad=alta cliente=cliente-2
[2026-04-13 18:37:09,267] INFO - Pantalla publica consultada: total=197 altas=0 medias=55 bajas=142
[2026-04-13 18:37:09,275] INFO - Ticket creado id=419 cliente=cliente-2 prioridad=alta
[2026-04-13 18:37:09,281] INFO - desk-1 atendio ticket id=419 prioridad=alta cliente=cliente-2
[2026-04-13 18:37:09,309] INFO - Pantalla publica consultada: total=197 altas=0 medias=55 bajas=142
[2026-04-13 18:37:09,317] INFO - Pantalla publica consultada: total=197 altas=0 medias=55 bajas=142
[2026-04-13 18:37:09,326] INFO - Ticket creado id=420 cliente=cliente-1 prioridad=alta
[2026-04-13 18:37:09,354] INFO - desk-3 atendio ticket id=420 prioridad=alta cliente=cliente-1
[2026-04-13 18:37:09,361] INFO - Ticket creado id=421 cliente=cliente-2 prioridad=baja
[2026-04-13 18:37:09,370] INFO - desk-1 atendio ticket id=268 prioridad=media cliente=cliente-1
[2026-04-13 18:37:09,398] INFO - Ticket creado id=422 cliente=cliente-3 prioridad=baja
[2026-04-13 18:37:09,406] INFO - desk-2 atendio ticket id=271 prioridad=media cliente=cliente-1
[2026-04-13 18:37:09,415] INFO - Ticket creado id=423 cliente=cliente-1 prioridad=media
[2026-04-13 18:37:09,442] INFO - desk-3 atendio ticket id=274 prioridad=media cliente=cliente-2
[2026-04-13 18:37:09,450] INFO - Ticket creado id=424 cliente=cliente-2 prioridad=alta
[2026-04-13 18:37:09,460] INFO - Ticket creado id=425 cliente=cliente-1 prioridad=media
[2026-04-13 18:37:09,487] INFO - Ticket creado id=426 cliente=cliente-3 prioridad=media
[2026-04-13 18:37:09,495] INFO - desk-2 atendio ticket id=424 prioridad=alta cliente=cliente-2
[2026-04-13 18:37:09,503] INFO - Pantalla publica consultada: total=199 altas=0 medias=55 bajas=144
[2026-04-13 18:37:09,529] INFO - Pantalla publica consultada: total=199 altas=0 medias=55 bajas=144
[2026-04-13 18:37:09,538] INFO - desk-2 atendio ticket id=275 prioridad=media cliente=cliente-1
[2026-04-13 18:37:09,547] INFO - desk-1 atendio ticket id=277 prioridad=media cliente=cliente-1
[2026-04-13 18:37:09,573] INFO - Ticket creado id=427 cliente=cliente-3 prioridad=media
[2026-04-13 18:37:09,582] INFO - Ticket creado id=428 cliente=cliente-2 prioridad=baja
[2026-04-13 18:37:09,591] INFO - Ticket creado id=429 cliente=cliente-1 prioridad=media
[2026-04-13 18:37:09,617] INFO - desk-3 atendio ticket id=280 prioridad=media cliente=cliente-3
[2026-04-13 18:37:09,626] INFO - Ticket creado id=430 cliente=cliente-2 prioridad=baja
[2026-04-13 18:37:09,636] INFO - Ticket creado id=431 cliente=cliente-1 prioridad=alta
[2026-04-13 18:37:09,659] INFO - Pantalla publica consultada: total=201 altas=1 medias=54 bajas=146
[2026-04-13 18:37:09,671] INFO - Ticket creado id=432 cliente=cliente-2 prioridad=baja
[2026-04-13 18:37:09,680] INFO - Ticket creado id=433 cliente=cliente-1 prioridad=alta
[2026-04-13 18:37:09,701] INFO - Pantalla publica consultada: total=203 altas=2 medias=54 bajas=147
[2026-04-13 18:37:09,713] INFO - Pantalla publica consultada: total=203 altas=2 medias=54 bajas=147
[2026-04-13 18:37:09,724] INFO - desk-1 atendio ticket id=431 prioridad=alta cliente=cliente-1
[2026-04-13 18:37:09,746] INFO - desk-3 atendio ticket id=433 prioridad=alta cliente=cliente-1
[2026-04-13 18:37:09,757] INFO - Ticket creado id=434 cliente=cliente-2 prioridad=baja
[2026-04-13 18:37:09,768] INFO - desk-1 atendio ticket id=282 prioridad=media cliente=cliente-1
[2026-04-13 18:37:09,790] INFO - Ticket creado id=435 cliente=cliente-3 prioridad=alta
[2026-04-13 18:37:09,801] INFO - desk-2 atendio ticket id=435 prioridad=alta cliente=cliente-3
[2026-04-13 18:37:09,813] INFO - desk-1 atendio ticket id=285 prioridad=media cliente=cliente-1
[2026-04-13 18:37:09,835] INFO - Ticket creado id=436 cliente=cliente-3 prioridad=alta
[2026-04-13 18:37:09,846] INFO - Ticket creado id=437 cliente=cliente-2 prioridad=media
[2026-04-13 18:37:09,858] INFO - Ticket creado id=438 cliente=cliente-1 prioridad=alta
[2026-04-13 18:37:09,877] INFO - Pantalla publica consultada: total=203 altas=2 medias=53 bajas=148
[2026-04-13 18:37:09,888] INFO - Pantalla publica consultada: total=203 altas=2 medias=53 bajas=148
[2026-04-13 18:37:09,902] INFO - Ticket creado id=439 cliente=cliente-1 prioridad=media
[2026-04-13 18:37:09,922] INFO - Ticket creado id=440 cliente=cliente-3 prioridad=media
[2026-04-13 18:37:09,934] INFO - Ticket creado id=441 cliente=cliente-2 prioridad=alta
[2026-04-13 18:37:09,943] INFO - Pantalla publica consultada: total=206 altas=3 medias=55 bajas=148
[2026-04-13 18:37:09,966] INFO - Ticket creado id=442 cliente=cliente-3 prioridad=baja
[2026-04-13 18:37:09,975] INFO - Pantalla publica consultada: total=207 altas=3 medias=55 bajas=149
[2026-04-13 18:37:09,987] INFO - desk-1 atendio ticket id=436 prioridad=alta cliente=cliente-3
[2026-04-13 18:37:10,007] INFO - Pantalla publica consultada: total=206 altas=2 medias=55 bajas=149
[2026-04-13 18:37:10,021] INFO - Ticket creado id=443 cliente=cliente-2 prioridad=baja
[2026-04-13 18:37:10,031] INFO - Ticket creado id=444 cliente=cliente-1 prioridad=media
[2026-04-13 18:37:10,052] INFO - Ticket creado id=445 cliente=cliente-3 prioridad=alta
[2026-04-13 18:37:10,066] INFO - Ticket creado id=446 cliente=cliente-2 prioridad=media
[2026-04-13 18:37:10,075] INFO - Ticket creado id=447 cliente=cliente-1 prioridad=baja
[2026-04-13 18:37:10,094] INFO - Pantalla publica consultada: total=211 altas=3 medias=57 bajas=151
[2026-04-13 18:37:10,111] INFO - desk-2 atendio ticket id=438 prioridad=alta cliente=cliente-1
[2026-04-13 18:37:10,120] INFO - Ticket creado id=448 cliente=cliente-1 prioridad=baja
[2026-04-13 18:37:10,139] INFO - desk-3 atendio ticket id=441 prioridad=alta cliente=cliente-2
[2026-04-13 18:37:10,156] INFO - Ticket creado id=449 cliente=cliente-2 prioridad=alta
[2026-04-13 18:37:10,164] INFO - Ticket creado id=450 cliente=cliente-1 prioridad=baja
[2026-04-13 18:37:10,183] INFO - Ticket creado id=451 cliente=cliente-3 prioridad=alta
[2026-04-13 18:37:10,201] INFO - desk-2 atendio ticket id=445 prioridad=alta cliente=cliente-3
[2026-04-13 18:37:10,206] INFO - Pantalla publica consultada: total=212 altas=2 medias=57 bajas=153
[2026-04-13 18:37:10,228] INFO - Ticket creado id=452 cliente=cliente-3 prioridad=alta
[2026-04-13 18:37:10,245] INFO - Ticket creado id=453 cliente=cliente-2 prioridad=media
[2026-04-13 18:37:10,250] INFO - desk-1 atendio ticket id=449 prioridad=alta cliente=cliente-2
[2026-04-13 18:37:10,272] INFO - Ticket creado id=454 cliente=cliente-3 prioridad=alta
[2026-04-13 18:37:10,290] INFO - Ticket creado id=455 cliente=cliente-2 prioridad=media
[2026-04-13 18:37:10,294] INFO - Ticket creado id=456 cliente=cliente-1 prioridad=media
[2026-04-13 18:37:10,316] INFO - Ticket creado id=457 cliente=cliente-3 prioridad=alta
[2026-04-13 18:37:10,335] INFO - Ticket creado id=458 cliente=cliente-2 prioridad=alta
[2026-04-13 18:37:10,338] INFO - desk-1 atendio ticket id=451 prioridad=alta cliente=cliente-3
[2026-04-13 18:37:10,360] INFO - desk-3 atendio ticket id=452 prioridad=alta cliente=cliente-3
[2026-04-13 18:37:10,380] INFO - Ticket creado id=459 cliente=cliente-2 prioridad=media
[2026-04-13 18:37:10,381] INFO - Pantalla publica consultada: total=217 altas=3 medias=61 bajas=153
[2026-04-13 18:37:10,405] INFO - Ticket creado id=460 cliente=cliente-3 prioridad=baja
[2026-04-13 18:37:10,425] INFO - desk-2 atendio ticket id=454 prioridad=alta cliente=cliente-3
[2026-04-13 18:37:10,428] INFO - desk-1 atendio ticket id=457 prioridad=alta cliente=cliente-3
[2026-04-13 18:37:10,449] INFO - desk-3 atendio ticket id=458 prioridad=alta cliente=cliente-2
[2026-04-13 18:37:10,471] INFO - desk-2 atendio ticket id=289 prioridad=media cliente=cliente-3
[2026-04-13 18:37:10,474] INFO - Ticket creado id=461 cliente=cliente-1 prioridad=media
[2026-04-13 18:37:10,495] INFO - desk-3 atendio ticket id=291 prioridad=media cliente=cliente-1
[2026-04-13 18:37:10,515] INFO - Ticket creado id=462 cliente=cliente-2 prioridad=media
[2026-04-13 18:37:10,518] INFO - desk-1 atendio ticket id=295 prioridad=media cliente=cliente-3
[2026-04-13 18:37:10,539] INFO - desk-3 atendio ticket id=296 prioridad=media cliente=cliente-1
[2026-04-13 18:37:10,561] INFO - Ticket creado id=463 cliente=cliente-2 prioridad=baja
[2026-04-13 18:37:10,565] INFO - Ticket creado id=464 cliente=cliente-1 prioridad=baja
[2026-04-13 18:37:10,584] INFO - desk-3 atendio ticket id=298 prioridad=media cliente=cliente-2
[2026-04-13 18:37:10,606] INFO - Ticket creado id=465 cliente=cliente-2 prioridad=alta
[2026-04-13 18:37:10,610] INFO - Ticket creado id=466 cliente=cliente-1 prioridad=alta
[2026-04-13 18:37:10,629] INFO - desk-3 atendio ticket id=465 prioridad=alta cliente=cliente-2
[2026-04-13 18:37:10,651] INFO - desk-2 atendio ticket id=466 prioridad=alta cliente=cliente-1
[2026-04-13 18:37:10,654] INFO - Ticket creado id=467 cliente=cliente-1 prioridad=baja
[2026-04-13 18:37:10,673] INFO - desk-3 atendio ticket id=301 prioridad=media cliente=cliente-3
[2026-04-13 18:37:10,695] INFO - desk-2 atendio ticket id=302 prioridad=media cliente=cliente-2
[2026-04-13 18:37:10,697] INFO - Pantalla publica consultada: total=213 altas=0 medias=56 bajas=157
[2026-04-13 18:37:10,718] INFO - Ticket creado id=468 cliente=cliente-3 prioridad=baja
[2026-04-13 18:37:10,742] INFO - desk-2 atendio ticket id=306 prioridad=media cliente=cliente-3
[2026-04-13 18:37:10,745] INFO - Ticket creado id=469 cliente=cliente-1 prioridad=alta
[2026-04-13 18:37:10,760] INFO - Pantalla publica consultada: total=214 altas=1 medias=55 bajas=158
[2026-04-13 18:37:10,787] INFO - Ticket creado id=470 cliente=cliente-2 prioridad=alta
[2026-04-13 18:37:10,790] INFO - Ticket creado id=471 cliente=cliente-1 prioridad=baja
[2026-04-13 18:37:10,805] INFO - desk-3 atendio ticket id=469 prioridad=alta cliente=cliente-1
[2026-04-13 18:37:10,829] INFO - Pantalla publica consultada: total=215 altas=1 medias=55 bajas=159
[2026-04-13 18:37:10,835] INFO - desk-1 atendio ticket id=470 prioridad=alta cliente=cliente-2
[2026-04-13 18:37:10,849] INFO - Ticket creado id=472 cliente=cliente-3 prioridad=alta
[2026-04-13 18:37:10,873] INFO - desk-2 atendio ticket id=472 prioridad=alta cliente=cliente-3
[2026-04-13 18:37:10,879] INFO - Ticket creado id=473 cliente=cliente-1 prioridad=baja
[2026-04-13 18:37:10,891] INFO - Pantalla publica consultada: total=215 altas=0 medias=55 bajas=160
[2026-04-13 18:37:10,918] INFO - Ticket creado id=474 cliente=cliente-2 prioridad=alta
[2026-04-13 18:37:10,921] INFO - Pantalla publica consultada: total=216 altas=1 medias=55 bajas=160
[2026-04-13 18:37:10,936] INFO - desk-3 atendio ticket id=474 prioridad=alta cliente=cliente-2
[2026-04-13 18:37:10,963] INFO - Ticket creado id=475 cliente=cliente-2 prioridad=media
[2026-04-13 18:37:10,966] INFO - desk-1 atendio ticket id=308 prioridad=media cliente=cliente-1
[2026-04-13 18:37:10,981] INFO - Ticket creado id=476 cliente=cliente-3 prioridad=alta
[2026-04-13 18:37:11,008] INFO - Ticket creado id=477 cliente=cliente-2 prioridad=media
[2026-04-13 18:37:11,012] INFO - Ticket creado id=478 cliente=cliente-1 prioridad=baja
[2026-04-13 18:37:11,025] INFO - Ticket creado id=479 cliente=cliente-3 prioridad=baja
[2026-04-13 18:37:11,054] INFO - Ticket creado id=480 cliente=cliente-2 prioridad=media
[2026-04-13 18:37:11,055] INFO - Pantalla publica consultada: total=220 altas=1 medias=57 bajas=162
[2026-04-13 18:37:11,070] INFO - Ticket creado id=481 cliente=cliente-3 prioridad=media
[2026-04-13 18:37:11,101] INFO - Ticket creado id=482 cliente=cliente-1 prioridad=alta
[2026-04-13 18:37:11,105] INFO - desk-2 atendio ticket id=476 prioridad=alta cliente=cliente-3
[2026-04-13 18:37:11,112] INFO - Pantalla publica consultada: total=220 altas=0 medias=58 bajas=162
[2026-04-13 18:37:11,144] INFO - Pantalla publica consultada: total=220 altas=0 medias=58 bajas=162
[2026-04-13 18:37:11,150] INFO - Ticket creado id=482 cliente=cliente-2 prioridad=alta
[2026-04-13 18:37:11,157] INFO - Ticket creado id=483 cliente=cliente-3 prioridad=baja
[2026-04-13 18:37:11,189] INFO - Ticket creado id=484 cliente=cliente-1 prioridad=media
[2026-04-13 18:37:11,195] INFO - Ticket creado id=485 cliente=cliente-2 prioridad=baja
[2026-04-13 18:37:11,200] INFO - Pantalla publica consultada: total=224 altas=1 medias=59 bajas=164
[2026-04-13 18:37:11,233] INFO - Ticket creado id=486 cliente=cliente-1 prioridad=baja
[2026-04-13 18:37:11,237] INFO - Pantalla publica consultada: total=225 altas=1 medias=59 bajas=165
[2026-04-13 18:37:11,244] INFO - desk-3 atendio ticket id=482 prioridad=alta cliente=cliente-2
[2026-04-13 18:37:11,276] INFO - Pantalla publica consultada: total=224 altas=0 medias=59 bajas=165
[2026-04-13 18:37:11,282] INFO - Ticket creado id=487 cliente=cliente-2 prioridad=alta
[2026-04-13 18:37:11,290] INFO - desk-3 atendio ticket id=487 prioridad=alta cliente=cliente-2
[2026-04-13 18:37:11,320] INFO - Ticket creado id=488 cliente=cliente-1 prioridad=media
[2026-04-13 18:37:11,326] INFO - Ticket creado id=489 cliente=cliente-2 prioridad=alta
[2026-04-13 18:37:11,334] INFO - desk-3 atendio ticket id=489 prioridad=alta cliente=cliente-2
[2026-04-13 18:37:11,364] INFO - desk-1 atendio ticket id=311 prioridad=media cliente=cliente-3
[2026-04-13 18:37:11,368] INFO - Pantalla publica consultada: total=224 altas=0 medias=59 bajas=165
[2026-04-13 18:37:11,377] INFO - Pantalla publica consultada: total=224 altas=0 medias=59 bajas=165
[2026-04-13 18:37:11,409] INFO - desk-1 atendio ticket id=314 prioridad=media cliente=cliente-2
[2026-04-13 18:37:11,412] INFO - Ticket creado id=490 cliente=cliente-2 prioridad=media
[2026-04-13 18:37:11,421] INFO - Ticket creado id=491 cliente=cliente-3 prioridad=baja
[2026-04-13 18:37:11,451] INFO - Pantalla publica consultada: total=225 altas=0 medias=59 bajas=166
[2026-04-13 18:37:11,454] INFO - Pantalla publica consultada: total=225 altas=0 medias=59 bajas=166
[2026-04-13 18:37:11,465] INFO - desk-3 atendio ticket id=315 prioridad=media cliente=cliente-1
[2026-04-13 18:37:11,496] INFO - Ticket creado id=492 cliente=cliente-1 prioridad=baja
[2026-04-13 18:37:11,499] INFO - desk-2 atendio ticket id=317 prioridad=media cliente=cliente-1
[2026-04-13 18:37:11,509] INFO - Ticket creado id=493 cliente=cliente-3 prioridad=baja
[2026-04-13 18:37:11,539] INFO - Pantalla publica consultada: total=225 altas=0 medias=57 bajas=168
[2026-04-13 18:37:11,544] INFO - Ticket creado id=494 cliente=cliente-2 prioridad=media
[2026-04-13 18:37:11,551] INFO - Pantalla publica consultada: total=226 altas=0 medias=58 bajas=168
[2026-04-13 18:37:11,581] INFO - Pantalla publica consultada: total=226 altas=0 medias=58 bajas=168
[2026-04-13 18:37:11,589] INFO - Ticket creado id=495 cliente=cliente-2 prioridad=baja
[2026-04-13 18:37:11,593] INFO - Pantalla publica consultada: total=227 altas=0 medias=58 bajas=169
[2026-04-13 18:37:11,627] INFO - desk-1 atendio ticket id=321 prioridad=media cliente=cliente-2
[2026-04-13 18:37:11,635] INFO - Ticket creado id=496 cliente=cliente-2 prioridad=alta
[2026-04-13 18:37:11,639] INFO - Ticket creado id=497 cliente=cliente-3 prioridad=media
[2026-04-13 18:37:11,673] INFO - desk-1 atendio ticket id=496 prioridad=alta cliente=cliente-2
[2026-04-13 18:37:11,679] INFO - Ticket creado id=498 cliente=cliente-2 prioridad=media
[2026-04-13 18:37:11,684] INFO - Ticket creado id=499 cliente=cliente-3 prioridad=alta
[2026-04-13 18:37:11,718] INFO - desk-1 atendio ticket id=499 prioridad=alta cliente=cliente-3
[2026-04-13 18:37:11,724] INFO - desk-2 atendio ticket id=323 prioridad=media cliente=cliente-2
[2026-04-13 18:37:11,728] INFO - Ticket creado id=500 cliente=cliente-3 prioridad=baja
[2026-04-13 18:37:11,763] INFO - desk-1 atendio ticket id=325 prioridad=media cliente=cliente-3
[2026-04-13 18:37:11,768] INFO - Ticket creado id=501 cliente=cliente-2 prioridad=baja
[2026-04-13 18:37:11,772] INFO - Ticket creado id=502 cliente=cliente-3 prioridad=baja
[2026-04-13 18:37:11,805] INFO - Pantalla publica consultada: total=229 altas=0 medias=57 bajas=172
[2026-04-13 18:37:11,814] INFO - desk-2 atendio ticket id=327 prioridad=media cliente=cliente-1
[2026-04-13 18:37:11,818] INFO - Ticket creado id=503 cliente=cliente-3 prioridad=media
[2026-04-13 18:37:11,850] INFO - Ticket creado id=504 cliente=cliente-1 prioridad=media
[2026-04-13 18:37:11,858] INFO - Ticket creado id=505 cliente=cliente-2 prioridad=baja
[2026-04-13 18:37:11,860] INFO - Pantalla publica consultada: total=231 altas=0 medias=58 bajas=173
[2026-04-13 18:37:11,895] INFO - desk-1 atendio ticket id=329 prioridad=media cliente=cliente-1
[2026-04-13 18:37:11,903] INFO - Ticket creado id=506 cliente=cliente-2 prioridad=media
[2026-04-13 18:37:11,907] INFO - Ticket creado id=507 cliente=cliente-3 prioridad=alta
[2026-04-13 18:37:11,939] INFO - Ticket creado id=508 cliente=cliente-1 prioridad=alta
[2026-04-13 18:37:11,948] INFO - Ticket creado id=509 cliente=cliente-2 prioridad=baja
[2026-04-13 18:37:11,949] INFO - Pantalla publica consultada: total=234 altas=2 medias=58 bajas=174
[2026-04-13 18:37:11,981] INFO - Pantalla publica consultada: total=234 altas=2 medias=58 bajas=174
[2026-04-13 18:37:11,993] INFO - Ticket creado id=510 cliente=cliente-2 prioridad=alta
[2026-04-13 18:37:11,998] INFO - Ticket creado id=511 cliente=cliente-3 prioridad=media
[2026-04-13 18:37:12,024] INFO - Pantalla publica consultada: total=236 altas=3 medias=59 bajas=174
[2026-04-13 18:37:12,038] INFO - Ticket creado id=512 cliente=cliente-2 prioridad=media
[2026-04-13 18:37:12,042] INFO - desk-3 atendio ticket id=507 prioridad=alta cliente=cliente-3
[2026-04-13 18:37:12,069] INFO - Ticket creado id=513 cliente=cliente-1 prioridad=baja
[2026-04-13 18:37:12,083] INFO - desk-2 atendio ticket id=508 prioridad=alta cliente=cliente-1
[2026-04-13 18:37:12,086] INFO - Ticket creado id=514 cliente=cliente-3 prioridad=alta
[2026-04-13 18:37:12,113] INFO - desk-1 atendio ticket id=510 prioridad=alta cliente=cliente-2
[2026-04-13 18:37:12,127] INFO - Ticket creado id=515 cliente=cliente-2 prioridad=alta
[2026-04-13 18:37:12,131] INFO - desk-3 atendio ticket id=514 prioridad=alta cliente=cliente-3
[2026-04-13 18:37:12,158] INFO - desk-1 atendio ticket id=515 prioridad=alta cliente=cliente-2
[2026-04-13 18:37:12,169] INFO - Pantalla publica consultada: total=235 altas=0 medias=60 bajas=175
[2026-04-13 18:37:12,173] INFO - Pantalla publica consultada: total=235 altas=0 medias=60 bajas=175
[2026-04-13 18:37:12,201] INFO - Pantalla publica consultada: total=235 altas=0 medias=60 bajas=175
[2026-04-13 18:37:12,214] INFO - desk-2 atendio ticket id=332 prioridad=media cliente=cliente-2
[2026-04-13 18:37:12,215] INFO - Pantalla publica consultada: total=234 altas=0 medias=59 bajas=175
[2026-04-13 18:37:12,246] INFO - Ticket creado id=516 cliente=cliente-1 prioridad=media
[2026-04-13 18:37:12,260] INFO - desk-3 atendio ticket id=340 prioridad=media cliente=cliente-3
[2026-04-13 18:37:12,263] INFO - Ticket creado id=517 cliente=cliente-2 prioridad=alta
[2026-04-13 18:37:12,291] INFO - Ticket creado id=518 cliente=cliente-1 prioridad=media
[2026-04-13 18:37:12,302] INFO - Pantalla publica consultada: total=236 altas=1 medias=60 bajas=175
[2026-04-13 18:37:12,308] INFO - desk-2 atendio ticket id=517 prioridad=alta cliente=cliente-2
[2026-04-13 18:37:12,335] INFO - Ticket creado id=519 cliente=cliente-1 prioridad=baja
[2026-04-13 18:37:12,346] INFO - Ticket creado id=520 cliente=cliente-3 prioridad=alta
[2026-04-13 18:37:12,352] INFO - Ticket creado id=521 cliente=cliente-2 prioridad=media
[2026-04-13 18:37:12,380] INFO - desk-1 atendio ticket id=520 prioridad=alta cliente=cliente-3
[2026-04-13 18:37:12,391] INFO - Ticket creado id=522 cliente=cliente-3 prioridad=alta
[2026-04-13 18:37:12,397] INFO - desk-2 atendio ticket id=522 prioridad=alta cliente=cliente-3
[2026-04-13 18:37:12,425] INFO - desk-1 atendio ticket id=342 prioridad=media cliente=cliente-3
[2026-04-13 18:37:12,433] INFO - Pantalla publica consultada: total=236 altas=0 medias=60 bajas=176
[2026-04-13 18:37:12,441] INFO - desk-2 atendio ticket id=347 prioridad=media cliente=cliente-1
[2026-04-13 18:37:12,470] INFO - Ticket creado id=523 cliente=cliente-1 prioridad=baja
[2026-04-13 18:37:12,478] INFO - Ticket creado id=524 cliente=cliente-3 prioridad=baja
[2026-04-13 18:37:12,487] INFO - Ticket creado id=525 cliente=cliente-2 prioridad=baja
[2026-04-13 18:37:12,515] INFO - Ticket creado id=526 cliente=cliente-1 prioridad=baja
[2026-04-13 18:37:12,522] INFO - Ticket creado id=527 cliente=cliente-3 prioridad=media
[2026-04-13 18:37:12,531] INFO - Ticket creado id=528 cliente=cliente-2 prioridad=media
[2026-04-13 18:37:12,560] INFO - desk-1 atendio ticket id=350 prioridad=media cliente=cliente-1
[2026-04-13 18:37:12,567] INFO - Ticket creado id=529 cliente=cliente-3 prioridad=media
[2026-04-13 18:37:12,576] INFO - Ticket creado id=530 cliente=cliente-2 prioridad=alta
[2026-04-13 18:37:12,602] INFO - Pantalla publica consultada: total=242 altas=1 medias=61 bajas=180
[2026-04-13 18:37:12,611] INFO - Ticket creado id=531 cliente=cliente-3 prioridad=alta
[2026-04-13 18:37:12,622] INFO - Ticket creado id=532 cliente=cliente-2 prioridad=media
[2026-04-13 18:37:12,644] INFO - Pantalla publica consultada: total=244 altas=2 medias=62 bajas=180
[2026-04-13 18:37:12,656] INFO - Ticket creado id=533 cliente=cliente-3 prioridad=alta
[2026-04-13 18:37:12,667] INFO - Ticket creado id=534 cliente=cliente-2 prioridad=baja
[2026-04-13 18:37:12,690] INFO - desk-1 atendio ticket id=530 prioridad=alta cliente=cliente-2
[2026-04-13 18:37:12,699] INFO - Pantalla publica consultada: total=245 altas=2 medias=62 bajas=181
[2026-04-13 18:37:12,712] INFO - Ticket creado id=535 cliente=cliente-2 prioridad=media
[2026-04-13 18:37:12,732] INFO - Pantalla publica consultada: total=246 altas=2 medias=63 bajas=181
[2026-04-13 18:37:12,744] INFO - Ticket creado id=536 cliente=cliente-3 prioridad=media
[2026-04-13 18:37:12,754] INFO - Pantalla publica consultada: total=247 altas=2 medias=64 bajas=181
[2026-04-13 18:37:12,774] INFO - Pantalla publica consultada: total=247 altas=2 medias=64 bajas=181
[2026-04-13 18:37:12,786] INFO - Pantalla publica consultada: total=247 altas=2 medias=64 bajas=181
[2026-04-13 18:37:12,799] INFO - Ticket creado id=537 cliente=cliente-2 prioridad=baja
[2026-04-13 18:37:12,819] INFO - desk-1 atendio ticket id=531 prioridad=alta cliente=cliente-3
[2026-04-13 18:37:12,830] INFO - Ticket creado id=538 cliente=cliente-3 prioridad=baja
[2026-04-13 18:37:12,841] INFO - Pantalla publica consultada: total=248 altas=1 medias=64 bajas=183
[2026-04-13 18:37:12,864] INFO - Ticket creado id=539 cliente=cliente-1 prioridad=media
[2026-04-13 18:37:12,875] INFO - Ticket creado id=540 cliente=cliente-3 prioridad=alta
[2026-04-13 18:37:12,885] INFO - desk-2 atendio ticket id=533 prioridad=alta cliente=cliente-3
[2026-04-13 18:37:12,909] INFO - Ticket creado id=541 cliente=cliente-1 prioridad=baja
[2026-04-13 18:37:12,917] INFO - Pantalla publica consultada: total=250 altas=1 medias=65 bajas=184
[2026-04-13 18:37:12,927] INFO - Pantalla publica consultada: total=250 altas=1 medias=65 bajas=184
[2026-04-13 18:37:12,955] INFO - Ticket creado id=542 cliente=cliente-1 prioridad=baja
[2026-04-13 18:37:12,962] INFO - Ticket creado id=543 cliente=cliente-3 prioridad=alta
[2026-04-13 18:37:12,973] INFO - Ticket creado id=544 cliente=cliente-2 prioridad=media
[2026-04-13 18:37:13,000] INFO - desk-1 atendio ticket id=540 prioridad=alta cliente=cliente-3
[2026-04-13 18:37:13,006] INFO - Ticket creado id=545 cliente=cliente-3 prioridad=baja
[2026-04-13 18:37:13,017] INFO - Ticket creado id=546 cliente=cliente-2 prioridad=baja
[2026-04-13 18:37:13,045] INFO - Ticket creado id=547 cliente=cliente-1 prioridad=media
[2026-04-13 18:37:13,051] INFO - desk-3 atendio ticket id=543 prioridad=alta cliente=cliente-3
[2026-04-13 18:37:13,062] INFO - Ticket creado id=548 cliente=cliente-2 prioridad=alta
[2026-04-13 18:37:13,089] INFO - Ticket creado id=549 cliente=cliente-1 prioridad=baja
[2026-04-13 18:37:13,095] INFO - Ticket creado id=550 cliente=cliente-3 prioridad=media
[2026-04-13 18:37:13,107] INFO - Ticket creado id=551 cliente=cliente-2 prioridad=media
[2026-04-13 18:37:13,134] INFO - desk-1 atendio ticket id=548 prioridad=alta cliente=cliente-2
[2026-04-13 18:37:13,140] INFO - Ticket creado id=552 cliente=cliente-3 prioridad=baja
[2026-04-13 18:37:13,153] INFO - Ticket creado id=553 cliente=cliente-2 prioridad=media
[2026-04-13 18:37:13,177] INFO - Pantalla publica consultada: total=259 altas=0 medias=70 bajas=189
[2026-04-13 18:37:13,185] INFO - Ticket creado id=554 cliente=cliente-3 prioridad=baja
[2026-04-13 18:37:13,199] INFO - Ticket creado id=555 cliente=cliente-2 prioridad=baja
[2026-04-13 18:37:13,219] INFO - Pantalla publica consultada: total=261 altas=0 medias=70 bajas=191
[2026-04-13 18:37:13,231] INFO - Ticket creado id=556 cliente=cliente-3 prioridad=baja
[2026-04-13 18:37:13,245] INFO - desk-2 atendio ticket id=354 prioridad=media cliente=cliente-3
[2026-04-13 18:37:13,264] INFO - Ticket creado id=557 cliente=cliente-1 prioridad=media
[2026-04-13 18:37:13,273] INFO - Pantalla publica consultada: total=262 altas=0 medias=70 bajas=192
[2026-04-13 18:37:13,287] INFO - Pantalla publica consultada: total=262 altas=0 medias=70 bajas=192
[2026-04-13 18:37:13,309] INFO - desk-1 atendio ticket id=359 prioridad=media cliente=cliente-1
[2026-04-13 18:37:13,318] INFO - desk-3 atendio ticket id=362 prioridad=media cliente=cliente-3
[2026-04-13 18:37:13,333] INFO - Ticket creado id=558 cliente=cliente-2 prioridad=media
[2026-04-13 18:37:13,351] INFO - Pantalla publica consultada: total=261 altas=0 medias=69 bajas=192
[2026-04-13 18:37:13,363] INFO - Ticket creado id=559 cliente=cliente-3 prioridad=media
[2026-04-13 18:37:13,378] INFO - Ticket creado id=560 cliente=cliente-2 prioridad=alta
[2026-04-13 18:37:13,396] INFO - Ticket creado id=561 cliente=cliente-1 prioridad=baja
[2026-04-13 18:37:13,408] INFO - desk-3 atendio ticket id=560 prioridad=alta cliente=cliente-2
[2026-04-13 18:37:13,420] INFO - Pantalla publica consultada: total=263 altas=0 medias=70 bajas=193
[2026-04-13 18:37:13,441] INFO - Ticket creado id=562 cliente=cliente-1 prioridad=media
[2026-04-13 18:37:13,453] INFO - Ticket creado id=563 cliente=cliente-3 prioridad=media
[2026-04-13 18:37:13,462] INFO - Pantalla publica consultada: total=265 altas=0 medias=72 bajas=193
[2026-04-13 18:37:13,484] INFO - Pantalla publica consultada: total=265 altas=0 medias=72 bajas=193
[2026-04-13 18:37:13,498] INFO - Ticket creado id=564 cliente=cliente-3 prioridad=baja
[2026-04-13 18:37:13,507] INFO - Ticket creado id=565 cliente=cliente-2 prioridad=alta
[2026-04-13 18:37:13,529] INFO - desk-1 atendio ticket id=565 prioridad=alta cliente=cliente-2
[2026-04-13 18:37:13,540] INFO - Pantalla publica consultada: total=266 altas=0 medias=72 bajas=194
[2026-04-13 18:37:13,552] INFO - desk-2 atendio ticket id=371 prioridad=media cliente=cliente-2
[2026-04-13 18:37:13,574] INFO - Ticket creado id=566 cliente=cliente-1 prioridad=alta
[2026-04-13 18:37:13,585] INFO - Ticket creado id=567 cliente=cliente-3 prioridad=alta
[2026-04-13 18:37:13,597] INFO - Ticket creado id=568 cliente=cliente-2 prioridad=baja
[2026-04-13 18:37:13,619] INFO - desk-1 atendio ticket id=566 prioridad=alta cliente=cliente-1
[2026-04-13 18:37:13,630] INFO - desk-3 atendio ticket id=567 prioridad=alta cliente=cliente-3
[2026-04-13 18:37:13,642] INFO - Ticket creado id=569 cliente=cliente-2 prioridad=baja
[2026-04-13 18:37:13,664] INFO - Ticket creado id=570 cliente=cliente-1 prioridad=baja
[2026-04-13 18:37:13,675] INFO - desk-3 atendio ticket id=372 prioridad=media cliente=cliente-1
[2026-04-13 18:37:13,687] INFO - Ticket creado id=571 cliente=cliente-2 prioridad=alta
[2026-04-13 18:37:13,709] INFO - desk-1 atendio ticket id=571 prioridad=alta cliente=cliente-2
[2026-04-13 18:37:13,720] INFO - Ticket creado id=572 cliente=cliente-3 prioridad=baja
[2026-04-13 18:37:13,732] INFO - desk-2 atendio ticket id=376 prioridad=media cliente=cliente-1
[2026-04-13 18:37:13,755] INFO - Ticket creado id=573 cliente=cliente-1 prioridad=media
[2026-04-13 18:37:13,765] INFO - desk-3 atendio ticket id=377 prioridad=media cliente=cliente-3
[2026-04-13 18:37:13,777] INFO - desk-2 atendio ticket id=380 prioridad=media cliente=cliente-1
[2026-04-13 18:37:13,800] INFO - desk-1 atendio ticket id=382 prioridad=media cliente=cliente-3
[2026-04-13 18:37:13,810] INFO - Ticket creado id=574 cliente=cliente-3 prioridad=alta
[2026-04-13 18:37:13,822] INFO - Ticket creado id=575 cliente=cliente-2 prioridad=media
[2026-04-13 18:37:13,844] INFO - desk-1 atendio ticket id=574 prioridad=alta cliente=cliente-3
[2026-04-13 18:37:13,855] INFO - Ticket creado id=576 cliente=cliente-3 prioridad=alta
[2026-04-13 18:37:13,864] INFO - Pantalla publica consultada: total=267 altas=1 medias=68 bajas=198
[2026-04-13 18:37:13,890] INFO - desk-1 atendio ticket id=576 prioridad=alta cliente=cliente-3
[2026-04-13 18:37:13,897] INFO - Pantalla publica consultada: total=266 altas=0 medias=68 bajas=198
[2026-04-13 18:37:13,909] INFO - Ticket creado id=577 cliente=cliente-2 prioridad=baja
[2026-04-13 18:37:13,935] INFO - Ticket creado id=578 cliente=cliente-1 prioridad=baja
[2026-04-13 18:37:13,942] INFO - desk-3 atendio ticket id=384 prioridad=media cliente=cliente-1
[2026-04-13 18:37:13,952] INFO - Pantalla publica consultada: total=267 altas=0 medias=67 bajas=200
[2026-04-13 18:37:13,977] INFO - Pantalla publica consultada: total=267 altas=0 medias=67 bajas=200
[2026-04-13 18:37:13,986] INFO - Ticket creado id=579 cliente=cliente-3 prioridad=alta
[2026-04-13 18:37:13,997] INFO - Ticket creado id=580 cliente=cliente-2 prioridad=alta
[2026-04-13 18:37:14,022] INFO - Ticket creado id=581 cliente=cliente-1 prioridad=baja
[2026-04-13 18:37:14,031] INFO - desk-3 atendio ticket id=579 prioridad=alta cliente=cliente-3
[2026-04-13 18:37:14,039] INFO - Pantalla publica consultada: total=269 altas=1 medias=67 bajas=201
[2026-04-13 18:37:14,067] INFO - desk-1 atendio ticket id=580 prioridad=alta cliente=cliente-2
[2026-04-13 18:37:14,076] INFO - desk-3 atendio ticket id=386 prioridad=media cliente=cliente-1
[2026-04-13 18:37:14,084] INFO - Ticket creado id=582 cliente=cliente-2 prioridad=baja
[2026-04-13 18:37:14,112] INFO - desk-1 atendio ticket id=387 prioridad=media cliente=cliente-3
[2026-04-13 18:37:14,121] INFO - Ticket creado id=583 cliente=cliente-3 prioridad=baja
[2026-04-13 18:37:14,129] INFO - Ticket creado id=584 cliente=cliente-2 prioridad=baja
[2026-04-13 18:37:14,157] INFO - Ticket creado id=585 cliente=cliente-1 prioridad=media
[2026-04-13 18:37:14,163] INFO - Pantalla publica consultada: total=270 altas=0 medias=66 bajas=204
[2026-04-13 18:37:14,174] INFO - Ticket creado id=586 cliente=cliente-2 prioridad=alta
[2026-04-13 18:37:14,202] INFO - Ticket creado id=587 cliente=cliente-1 prioridad=alta
[2026-04-13 18:37:14,205] INFO - Pantalla publica consultada: total=272 altas=2 medias=66 bajas=204
[2026-04-13 18:37:14,220] INFO - desk-2 atendio ticket id=586 prioridad=alta cliente=cliente-2
[2026-04-13 18:37:14,248] INFO - Ticket creado id=588 cliente=cliente-1 prioridad=media
[2026-04-13 18:37:14,252] INFO - Ticket creado id=589 cliente=cliente-3 prioridad=alta
[2026-04-13 18:37:14,266] INFO - Ticket creado id=590 cliente=cliente-2 prioridad=alta
[2026-04-13 18:37:14,294] INFO - Ticket creado id=591 cliente=cliente-1 prioridad=media
[2026-04-13 18:37:14,297] INFO - Ticket creado id=592 cliente=cliente-3 prioridad=alta
[2026-04-13 18:37:14,311] INFO - Ticket creado id=593 cliente=cliente-2 prioridad=media
[2026-04-13 18:37:14,336] INFO - Pantalla publica consultada: total=277 altas=4 medias=69 bajas=204
[2026-04-13 18:37:14,342] INFO - desk-3 atendio ticket id=587 prioridad=alta cliente=cliente-1
[2026-04-13 18:37:14,357] INFO - Ticket creado id=594 cliente=cliente-2 prioridad=media
[2026-04-13 18:37:14,381] INFO - Ticket creado id=595 cliente=cliente-1 prioridad=alta
[2026-04-13 18:37:14,388] INFO - Ticket creado id=596 cliente=cliente-3 prioridad=alta
[2026-04-13 18:37:14,402] INFO - desk-2 atendio ticket id=589 prioridad=alta cliente=cliente-3
[2026-04-13 18:37:14,427] INFO - Ticket creado id=597 cliente=cliente-1 prioridad=alta
[2026-04-13 18:37:14,432] INFO - Ticket creado id=598 cliente=cliente-3 prioridad=baja
[2026-04-13 18:37:14,446] INFO - desk-2 atendio ticket id=590 prioridad=alta cliente=cliente-2
[2026-04-13 18:37:14,475] INFO - Ticket creado id=599 cliente=cliente-1 prioridad=media
[2026-04-13 18:37:14,476] INFO - Pantalla publica consultada: total=280 altas=4 medias=71 bajas=205
[2026-04-13 18:37:14,488] INFO - Pantalla publica consultada: total=280 altas=4 medias=71 bajas=205
[2026-04-13 18:37:14,520] INFO - desk-1 atendio ticket id=592 prioridad=alta cliente=cliente-3
[2026-04-13 18:37:14,524] INFO - Ticket creado id=600 cliente=cliente-3 prioridad=alta
[2026-04-13 18:37:14,532] INFO - desk-2 atendio ticket id=595 prioridad=alta cliente=cliente-1
[2026-04-13 18:37:14,565] INFO - desk-1 atendio ticket id=596 prioridad=alta cliente=cliente-3
[2026-04-13 18:37:14,569] INFO - Ticket creado id=601 cliente=cliente-3 prioridad=baja
[2026-04-13 18:37:14,577] INFO - Ticket creado id=602 cliente=cliente-2 prioridad=media
[2026-04-13 18:37:14,611] INFO - Ticket creado id=603 cliente=cliente-1 prioridad=baja
[2026-04-13 18:37:14,614] INFO - Ticket creado id=604 cliente=cliente-3 prioridad=media
[2026-04-13 18:37:14,621] INFO - Ticket creado id=605 cliente=cliente-2 prioridad=alta
[2026-04-13 18:37:14,656] INFO - Ticket creado id=606 cliente=cliente-1 prioridad=media
[2026-04-13 18:37:14,660] INFO - desk-3 atendio ticket id=597 prioridad=alta cliente=cliente-1
[2026-04-13 18:37:14,664] INFO - Pantalla publica consultada: total=283 altas=2 medias=74 bajas=207
[2026-04-13 18:37:14,699] INFO - Pantalla publica consultada: total=283 altas=2 medias=74 bajas=207
[2026-04-13 18:37:14,706] INFO - Ticket creado id=607 cliente=cliente-3 prioridad=media
[2026-04-13 18:37:14,709] INFO - desk-2 atendio ticket id=600 prioridad=alta cliente=cliente-3
[2026-04-13 18:37:14,745] INFO - Ticket creado id=608 cliente=cliente-1 prioridad=media
[2026-04-13 18:37:14,752] INFO - Ticket creado id=609 cliente=cliente-3 prioridad=alta
[2026-04-13 18:37:14,760] INFO - Ticket creado id=610 cliente=cliente-2 prioridad=media
[2026-04-13 18:37:14,792] INFO - desk-1 atendio ticket id=605 prioridad=alta cliente=cliente-2
[2026-04-13 18:37:14,799] INFO - desk-3 atendio ticket id=609 prioridad=alta cliente=cliente-3
[2026-04-13 18:37:14,807] INFO - Ticket creado id=611 cliente=cliente-2 prioridad=baja
[2026-04-13 18:37:14,838] INFO - desk-1 atendio ticket id=389 prioridad=media cliente=cliente-2
[2026-04-13 18:37:14,844] INFO - Ticket creado id=612 cliente=cliente-3 prioridad=baja
[2026-04-13 18:37:14,849] INFO - Pantalla publica consultada: total=285 altas=0 medias=76 bajas=209
[2026-04-13 18:37:14,883] INFO - Ticket creado id=613 cliente=cliente-1 prioridad=baja
[2026-04-13 18:37:14,890] INFO - Ticket creado id=614 cliente=cliente-3 prioridad=alta
[2026-04-13 18:37:14,895] INFO - desk-2 atendio ticket id=614 prioridad=alta cliente=cliente-3
[2026-04-13 18:37:14,925] INFO - Pantalla publica consultada: total=286 altas=0 medias=76 bajas=210
[2026-04-13 18:37:14,936] INFO - Ticket creado id=615 cliente=cliente-3 prioridad=media
[2026-04-13 18:37:14,940] INFO - Ticket creado id=616 cliente=cliente-2 prioridad=baja
[2026-04-13 18:37:14,971] INFO - desk-1 atendio ticket id=391 prioridad=media cliente=cliente-3
[2026-04-13 18:37:14,983] INFO - desk-3 atendio ticket id=396 prioridad=media cliente=cliente-1
[2026-04-13 18:37:14,988] INFO - Ticket creado id=617 cliente=cliente-2 prioridad=alta
[2026-04-13 18:37:15,017] INFO - Ticket creado id=618 cliente=cliente-1 prioridad=media
[2026-04-13 18:37:15,029] INFO - desk-3 atendio ticket id=617 prioridad=alta cliente=cliente-2
[2026-04-13 18:37:15,034] INFO - Ticket creado id=619 cliente=cliente-2 prioridad=alta
[2026-04-13 18:37:15,062] INFO - Ticket creado id=620 cliente=cliente-1 prioridad=media
[2026-04-13 18:37:15,074] INFO - desk-3 atendio ticket id=619 prioridad=alta cliente=cliente-2
[2026-04-13 18:37:15,079] INFO - Ticket creado id=621 cliente=cliente-2 prioridad=baja
[2026-04-13 18:37:15,107] INFO - Ticket creado id=622 cliente=cliente-1 prioridad=alta
[2026-04-13 18:37:15,120] INFO - Ticket creado id=623 cliente=cliente-3 prioridad=media
[2026-04-13 18:37:15,124] INFO - Ticket creado id=624 cliente=cliente-2 prioridad=alta
[2026-04-13 18:37:15,151] INFO - Ticket creado id=625 cliente=cliente-1 prioridad=alta
[2026-04-13 18:37:15,165] INFO - Ticket creado id=626 cliente=cliente-3 prioridad=alta
[2026-04-13 18:37:15,166] INFO - Pantalla publica consultada: total=294 altas=4 medias=78 bajas=212
[2026-04-13 18:37:15,197] INFO - Ticket creado id=627 cliente=cliente-1 prioridad=alta
[2026-04-13 18:37:15,211] INFO - Ticket creado id=628 cliente=cliente-3 prioridad=media
[2026-04-13 18:37:15,212] INFO - Pantalla publica consultada: total=296 altas=5 medias=79 bajas=212
[2026-04-13 18:37:15,242] INFO - Ticket creado id=629 cliente=cliente-1 prioridad=alta
[2026-04-13 18:37:15,253] INFO - Pantalla publica consultada: total=297 altas=6 medias=79 bajas=212
[2026-04-13 18:37:15,258] INFO - Ticket creado id=630 cliente=cliente-2 prioridad=media
[2026-04-13 18:37:15,288] INFO - Ticket creado id=631 cliente=cliente-1 prioridad=baja
[2026-04-13 18:37:15,296] INFO - Pantalla publica consultada: total=299 altas=6 medias=80 bajas=213
[2026-04-13 18:37:15,304] INFO - desk-2 atendio ticket id=622 prioridad=alta cliente=cliente-1
[2026-04-13 18:37:15,334] INFO - Ticket creado id=632 cliente=cliente-1 prioridad=alta
[2026-04-13 18:37:15,341] INFO - desk-3 atendio ticket id=624 prioridad=alta cliente=cliente-2
[2026-04-13 18:37:15,349] INFO - desk-2 atendio ticket id=625 prioridad=alta cliente=cliente-1
[2026-04-13 18:37:15,379] INFO - desk-1 atendio ticket id=626 prioridad=alta cliente=cliente-3
[2026-04-13 18:37:15,386] INFO - Ticket creado id=633 cliente=cliente-3 prioridad=baja
[2026-04-13 18:37:15,392] INFO - Pantalla publica consultada: total=297 altas=3 medias=80 bajas=214
[2026-04-13 18:37:15,424] INFO - desk-1 atendio ticket id=627 prioridad=alta cliente=cliente-1
[2026-04-13 18:37:15,430] INFO - desk-3 atendio ticket id=629 prioridad=alta cliente=cliente-1
[2026-04-13 18:37:15,437] INFO - desk-2 atendio ticket id=632 prioridad=alta cliente=cliente-1
[2026-04-13 18:37:15,469] INFO - Ticket creado id=634 cliente=cliente-1 prioridad=baja
[2026-04-13 18:37:15,475] INFO - Ticket creado id=635 cliente=cliente-3 prioridad=media
[2026-04-13 18:37:15,481] INFO - Ticket creado id=636 cliente=cliente-2 prioridad=media
[2026-04-13 18:37:15,511] INFO - Pantalla publica consultada: total=297 altas=0 medias=82 bajas=215
[2026-04-13 18:37:15,517] INFO - Pantalla publica consultada: total=297 altas=0 medias=82 bajas=215
[2026-04-13 18:37:15,526] INFO - Ticket creado id=637 cliente=cliente-2 prioridad=baja
[2026-04-13 18:37:15,554] INFO - Pantalla publica consultada: total=298 altas=0 medias=82 bajas=216
[2026-04-13 18:37:15,562] INFO - Ticket creado id=638 cliente=cliente-3 prioridad=alta
[2026-04-13 18:37:15,571] INFO - desk-2 atendio ticket id=638 prioridad=alta cliente=cliente-3
[2026-04-13 18:37:15,599] INFO - Ticket creado id=639 cliente=cliente-1 prioridad=alta
[2026-04-13 18:37:15,603] INFO - Pantalla publica consultada: total=299 altas=1 medias=82 bajas=216
[2026-04-13 18:37:15,618] INFO - desk-2 atendio ticket id=639 prioridad=alta cliente=cliente-1
[2026-04-13 18:37:15,645] INFO - Ticket creado id=640 cliente=cliente-1 prioridad=media
[2026-04-13 18:37:15,649] INFO - Ticket creado id=641 cliente=cliente-3 prioridad=baja
[2026-04-13 18:37:15,665] INFO - Ticket creado id=642 cliente=cliente-2 prioridad=media
[2026-04-13 18:37:15,692] INFO - Ticket creado id=643 cliente=cliente-1 prioridad=alta
[2026-04-13 18:37:15,697] INFO - Ticket creado id=644 cliente=cliente-3 prioridad=alta
[2026-04-13 18:37:15,708] INFO - Pantalla publica consultada: total=303 altas=2 medias=84 bajas=217
[2026-04-13 18:37:15,736] INFO - Pantalla publica consultada: total=303 altas=2 medias=84 bajas=217
[2026-04-13 18:37:15,744] INFO - Ticket creado id=645 cliente=cliente-3 prioridad=media
[2026-04-13 18:37:15,750] INFO - Pantalla publica consultada: total=304 altas=2 medias=85 bajas=217
[2026-04-13 18:37:15,781] INFO - Ticket creado id=646 cliente=cliente-1 prioridad=alta
[2026-04-13 18:37:15,788] INFO - desk-3 atendio ticket id=643 prioridad=alta cliente=cliente-1
[2026-04-13 18:37:15,795] INFO - Ticket creado id=647 cliente=cliente-2 prioridad=media
[2026-04-13 18:37:15,823] INFO - Pantalla publica consultada: total=305 altas=2 medias=86 bajas=217
[2026-04-13 18:37:15,833] INFO - Ticket creado id=648 cliente=cliente-3 prioridad=alta
[2026-04-13 18:37:15,841] INFO - Ticket creado id=649 cliente=cliente-2 prioridad=alta
[2026-04-13 18:37:15,869] INFO - Ticket creado id=650 cliente=cliente-1 prioridad=media
[2026-04-13 18:37:15,879] INFO - desk-3 atendio ticket id=644 prioridad=alta cliente=cliente-3
[2026-04-13 18:37:15,884] INFO - Pantalla publica consultada: total=307 altas=3 medias=87 bajas=217
[2026-04-13 18:37:15,914] INFO - Ticket creado id=651 cliente=cliente-1 prioridad=media
[2026-04-13 18:37:15,921] INFO - Pantalla publica consultada: total=308 altas=3 medias=88 bajas=217
[2026-04-13 18:37:15,930] INFO - desk-2 atendio ticket id=646 prioridad=alta cliente=cliente-1
[2026-04-13 18:37:15,959] INFO - desk-1 atendio ticket id=648 prioridad=alta cliente=cliente-3
[2026-04-13 18:37:15,966] INFO - Ticket creado id=652 cliente=cliente-3 prioridad=alta
[2026-04-13 18:37:15,975] INFO - Ticket creado id=653 cliente=cliente-2 prioridad=alta
[2026-04-13 18:37:16,001] INFO - Pantalla publica consultada: total=308 altas=3 medias=88 bajas=217
[2026-04-13 18:37:16,012] INFO - Ticket creado id=654 cliente=cliente-3 prioridad=baja
[2026-04-13 18:37:16,021] INFO - desk-2 atendio ticket id=649 prioridad=alta cliente=cliente-2
[2026-04-13 18:37:16,046] INFO - Ticket creado id=655 cliente=cliente-1 prioridad=media
[2026-04-13 18:37:16,057] INFO - Ticket creado id=656 cliente=cliente-3 prioridad=media
[2026-04-13 18:37:16,066] INFO - desk-2 atendio ticket id=652 prioridad=alta cliente=cliente-3
[2026-04-13 18:37:16,092] INFO - desk-1 atendio ticket id=653 prioridad=alta cliente=cliente-2
[2026-04-13 18:37:16,102] INFO - Ticket creado id=657 cliente=cliente-3 prioridad=alta
[2026-04-13 18:37:16,112] INFO - Ticket creado id=658 cliente=cliente-2 prioridad=baja
[2026-04-13 18:37:16,137] INFO - Ticket creado id=659 cliente=cliente-1 prioridad=alta
[2026-04-13 18:37:16,147] INFO - Ticket creado id=660 cliente=cliente-3 prioridad=media
[2026-04-13 18:37:16,157] INFO - Ticket creado id=661 cliente=cliente-2 prioridad=alta
[2026-04-13 18:37:16,182] INFO - Ticket creado id=662 cliente=cliente-1 prioridad=alta
[2026-04-13 18:37:16,192] INFO - desk-3 atendio ticket id=657 prioridad=alta cliente=cliente-3
[2026-04-13 18:37:16,203] INFO - Ticket creado id=663 cliente=cliente-2 prioridad=baja
[2026-04-13 18:37:16,229] INFO - desk-1 atendio ticket id=659 prioridad=alta cliente=cliente-1
[2026-04-13 18:37:16,238] INFO - Ticket creado id=664 cliente=cliente-3 prioridad=media
[2026-04-13 18:37:16,249] INFO - Ticket creado id=665 cliente=cliente-2 prioridad=media
[2026-04-13 18:37:16,271] INFO - Pantalla publica consultada: total=315 altas=2 medias=93 bajas=220
[2026-04-13 18:37:16,285] INFO - desk-3 atendio ticket id=661 prioridad=alta cliente=cliente-2
[2026-04-13 18:37:16,295] INFO - Ticket creado id=666 cliente=cliente-2 prioridad=alta
[2026-04-13 18:37:16,317] INFO - Ticket creado id=667 cliente=cliente-1 prioridad=baja
[2026-04-13 18:37:16,331] INFO - Ticket creado id=668 cliente=cliente-3 prioridad=baja
[2026-04-13 18:37:16,341] INFO - desk-2 atendio ticket id=662 prioridad=alta cliente=cliente-1
[2026-04-13 18:37:16,362] INFO - Ticket creado id=669 cliente=cliente-1 prioridad=media
[2026-04-13 18:37:16,377] INFO - Ticket creado id=670 cliente=cliente-3 prioridad=alta
[2026-04-13 18:37:16,387] INFO - Ticket creado id=671 cliente=cliente-2 prioridad=alta
[2026-04-13 18:37:16,405] INFO - Pantalla publica consultada: total=319 altas=3 medias=94 bajas=222
[2026-04-13 18:37:16,422] INFO - desk-3 atendio ticket id=666 prioridad=alta cliente=cliente-2
[2026-04-13 18:37:16,432] INFO - desk-2 atendio ticket id=670 prioridad=alta cliente=cliente-3
[2026-04-13 18:37:16,447] INFO - Pantalla publica consultada: total=317 altas=1 medias=94 bajas=222
[2026-04-13 18:37:16,469] INFO - Ticket creado id=672 cliente=cliente-3 prioridad=baja
[2026-04-13 18:37:16,478] INFO - Ticket creado id=673 cliente=cliente-2 prioridad=alta
[2026-04-13 18:37:16,495] INFO - Ticket creado id=674 cliente=cliente-1 prioridad=alta
[2026-04-13 18:37:16,515] INFO - desk-3 atendio ticket id=671 prioridad=alta cliente=cliente-2
[2026-04-13 18:37:16,523] INFO - Ticket creado id=675 cliente=cliente-2 prioridad=media
[2026-04-13 18:37:16,537] INFO - Pantalla publica consultada: total=320 altas=2 medias=95 bajas=223
[2026-04-13 18:37:16,561] INFO - Ticket creado id=676 cliente=cliente-3 prioridad=baja
[2026-04-13 18:37:16,568] INFO - desk-2 atendio ticket id=673 prioridad=alta cliente=cliente-2
[2026-04-13 18:37:16,583] INFO - desk-1 atendio ticket id=674 prioridad=alta cliente=cliente-1
[2026-04-13 18:37:16,608] INFO - Ticket creado id=677 cliente=cliente-3 prioridad=media
[2026-04-13 18:37:16,611] INFO - Pantalla publica consultada: total=320 altas=0 medias=96 bajas=224
[2026-04-13 18:37:16,630] INFO - Ticket creado id=678 cliente=cliente-1 prioridad=baja
[2026-04-13 18:37:16,655] INFO - desk-3 atendio ticket id=397 prioridad=media cliente=cliente-2
[2026-04-13 18:37:16,656] INFO - Pantalla publica consultada: total=320 altas=0 medias=95 bajas=225
[2026-04-13 18:37:16,677] INFO - desk-1 atendio ticket id=402 prioridad=media cliente=cliente-3
[2026-04-13 18:37:16,700] INFO - Ticket creado id=679 cliente=cliente-3 prioridad=media
[2026-04-13 18:37:16,701] INFO - Pantalla publica consultada: total=320 altas=0 medias=95 bajas=225
[2026-04-13 18:37:16,722] INFO - desk-1 atendio ticket id=406 prioridad=media cliente=cliente-1
[2026-04-13 18:37:16,747] INFO - desk-3 atendio ticket id=407 prioridad=media cliente=cliente-2
[2026-04-13 18:37:16,751] INFO - Ticket creado id=680 cliente=cliente-2 prioridad=alta
[2026-04-13 18:37:16,765] INFO - Pantalla publica consultada: total=319 altas=1 medias=93 bajas=225
[2026-04-13 18:37:16,791] INFO - Pantalla publica consultada: total=319 altas=1 medias=93 bajas=225
[2026-04-13 18:37:16,797] INFO - Ticket creado id=681 cliente=cliente-2 prioridad=baja
[2026-04-13 18:37:16,811] INFO - desk-1 atendio ticket id=680 prioridad=alta cliente=cliente-2
[2026-04-13 18:37:16,838] INFO - Ticket creado id=682 cliente=cliente-3 prioridad=alta
[2026-04-13 18:37:16,844] INFO - desk-2 atendio ticket id=682 prioridad=alta cliente=cliente-3
[2026-04-13 18:37:16,857] INFO - Ticket creado id=683 cliente=cliente-1 prioridad=media
[2026-04-13 18:37:16,883] INFO - desk-3 atendio ticket id=408 prioridad=media cliente=cliente-3
[2026-04-13 18:37:16,889] INFO - Ticket creado id=684 cliente=cliente-2 prioridad=alta
[2026-04-13 18:37:16,902] INFO - Ticket creado id=685 cliente=cliente-1 prioridad=baja
[2026-04-13 18:37:16,929] INFO - desk-3 atendio ticket id=684 prioridad=alta cliente=cliente-2
[2026-04-13 18:37:16,930] INFO - Pantalla publica consultada: total=320 altas=0 medias=93 bajas=227
[2026-04-13 18:37:16,948] INFO - Ticket creado id=686 cliente=cliente-1 prioridad=media
[2026-04-13 18:37:16,974] INFO - desk-3 atendio ticket id=409 prioridad=media cliente=cliente-3
[2026-04-13 18:37:16,978] INFO - Ticket creado id=687 cliente=cliente-2 prioridad=media
[2026-04-13 18:37:16,994] INFO - desk-1 atendio ticket id=410 prioridad=media cliente=cliente-2
[2026-04-13 18:37:17,021] INFO - Ticket creado id=688 cliente=cliente-3 prioridad=alta
[2026-04-13 18:37:17,022] INFO - Pantalla publica consultada: total=321 altas=1 medias=93 bajas=227
[2026-04-13 18:37:17,040] INFO - Ticket creado id=689 cliente=cliente-1 prioridad=media
[2026-04-13 18:37:17,069] INFO - Ticket creado id=690 cliente=cliente-3 prioridad=media
[2026-04-13 18:37:17,070] INFO - Pantalla publica consultada: total=323 altas=1 medias=95 bajas=227
[2026-04-13 18:37:17,086] INFO - Ticket creado id=691 cliente=cliente-1 prioridad=alta
[2026-04-13 18:37:17,117] INFO - Ticket creado id=692 cliente=cliente-3 prioridad=alta
[2026-04-13 18:37:17,121] INFO - desk-2 atendio ticket id=688 prioridad=alta cliente=cliente-3
[2026-04-13 18:37:17,129] INFO - Pantalla publica consultada: total=323 altas=1 medias=95 bajas=227
[2026-04-13 18:37:17,163] INFO - Ticket creado id=692 cliente=cliente-3 prioridad=alta
[2026-04-13 18:37:17,168] INFO - desk-2 atendio ticket id=691 prioridad=alta cliente=cliente-1
[2026-04-13 18:37:17,175] INFO - Ticket creado id=693 cliente=cliente-1 prioridad=alta
[2026-04-13 18:37:17,209] INFO - Ticket creado id=694 cliente=cliente-3 prioridad=alta
[2026-04-13 18:37:17,214] INFO - Ticket creado id=695 cliente=cliente-2 prioridad=media
[2026-04-13 18:37:17,217] INFO - Pantalla publica consultada: total=326 altas=3 medias=96 bajas=227
[2026-04-13 18:37:17,253] INFO - Pantalla publica consultada: total=326 altas=3 medias=96 bajas=227
[2026-04-13 18:37:17,261] INFO - desk-2 atendio ticket id=692 prioridad=alta cliente=cliente-3
[2026-04-13 18:37:17,266] INFO - Ticket creado id=696 cliente=cliente-1 prioridad=media
[2026-04-13 18:37:17,299] INFO - Ticket creado id=697 cliente=cliente-3 prioridad=alta
[2026-04-13 18:37:17,304] INFO - Pantalla publica consultada: total=327 altas=3 medias=97 bajas=227
[2026-04-13 18:37:17,309] INFO - Pantalla publica consultada: total=327 altas=3 medias=97 bajas=227
[2026-04-13 18:37:17,346] INFO - Ticket creado id=698 cliente=cliente-3 prioridad=alta
[2026-04-13 18:37:17,347] INFO - Pantalla publica consultada: total=328 altas=4 medias=97 bajas=227
[2026-04-13 18:37:17,351] INFO - Pantalla publica consultada: total=328 altas=4 medias=97 bajas=227
[2026-04-13 18:37:17,392] INFO - desk-3 atendio ticket id=693 prioridad=alta cliente=cliente-1
[2026-04-13 18:37:17,398] INFO - desk-2 atendio ticket id=694 prioridad=alta cliente=cliente-3
[2026-04-13 18:37:17,399] INFO - Pantalla publica consultada: total=326 altas=2 medias=97 bajas=227
[2026-04-13 18:37:17,439] INFO - Ticket creado id=699 cliente=cliente-3 prioridad=baja
[2026-04-13 18:37:17,440] INFO - Pantalla publica consultada: total=327 altas=2 medias=97 bajas=228
[2026-04-13 18:37:17,446] INFO - Ticket creado id=700 cliente=cliente-1 prioridad=alta
[2026-04-13 18:37:17,481] INFO - Pantalla publica consultada: total=328 altas=3 medias=97 bajas=228
[2026-04-13 18:37:17,483] INFO - Pantalla publica consultada: total=328 altas=3 medias=97 bajas=228
[2026-04-13 18:37:17,488] INFO - Pantalla publica consultada: total=328 altas=3 medias=97 bajas=228
[2026-04-13 18:37:17,527] INFO - Ticket creado id=701 cliente=cliente-3 prioridad=alta
[2026-04-13 18:37:17,528] INFO - Pantalla publica consultada: total=329 altas=4 medias=97 bajas=228
[2026-04-13 18:37:17,530] INFO - Pantalla publica consultada: total=329 altas=4 medias=97 bajas=228
[2026-04-13 18:37:17,570] INFO - Pantalla publica consultada: total=329 altas=4 medias=97 bajas=228
[2026-04-13 18:37:17,575] INFO - Ticket creado id=702 cliente=cliente-2 prioridad=media
[2026-04-13 18:37:17,580] INFO - Ticket creado id=702 cliente=cliente-1 prioridad=alta
[2026-04-13 18:37:17,617] INFO - Ticket creado id=703 cliente=cliente-3 prioridad=baja
[2026-04-13 18:37:17,618] INFO - Pantalla publica consultada: total=331 altas=5 medias=97 bajas=229
[2026-04-13 18:37:17,626] INFO - desk-1 atendio ticket id=697 prioridad=alta cliente=cliente-3
[2026-04-13 18:37:17,664] INFO - Ticket creado id=704 cliente=cliente-3 prioridad=baja
[2026-04-13 18:37:17,666] INFO - Pantalla publica consultada: total=331 altas=4 medias=97 bajas=230
[2026-04-13 18:37:17,672] INFO - desk-1 atendio ticket id=698 prioridad=alta cliente=cliente-3
[2026-04-13 18:37:17,707] INFO - Pantalla publica consultada: total=330 altas=3 medias=97 bajas=230
[2026-04-13 18:37:17,712] INFO - Ticket creado id=705 cliente=cliente-2 prioridad=alta
[2026-04-13 18:37:17,718] INFO - desk-1 atendio ticket id=700 prioridad=alta cliente=cliente-1
[2026-04-13 18:37:17,753] INFO - Ticket creado id=706 cliente=cliente-3 prioridad=alta
[2026-04-13 18:37:17,754] INFO - Pantalla publica consultada: total=331 altas=4 medias=97 bajas=230
[2026-04-13 18:37:17,765] INFO - Ticket creado id=707 cliente=cliente-1 prioridad=media
[2026-04-13 18:37:17,802] INFO - Ticket creado id=708 cliente=cliente-3 prioridad=media
[2026-04-13 18:37:17,803] INFO - Pantalla publica consultada: total=333 altas=4 medias=99 bajas=230
[2026-04-13 18:37:17,811] INFO - desk-1 atendio ticket id=701 prioridad=alta cliente=cliente-3
[2026-04-13 18:37:17,849] INFO - Ticket creado id=709 cliente=cliente-3 prioridad=media
[2026-04-13 18:37:17,854] INFO - Ticket creado id=710 cliente=cliente-2 prioridad=media
[2026-04-13 18:37:17,859] INFO - Ticket creado id=711 cliente=cliente-1 prioridad=baja
[2026-04-13 18:37:17,891] INFO - Pantalla publica consultada: total=335 altas=3 medias=101 bajas=231
[2026-04-13 18:37:17,900] INFO - Ticket creado id=712 cliente=cliente-2 prioridad=alta
[2026-04-13 18:37:17,905] INFO - Ticket creado id=713 cliente=cliente-1 prioridad=alta
[2026-04-13 18:37:17,937] INFO - desk-3 atendio ticket id=702 prioridad=alta cliente=cliente-1
[2026-04-13 18:37:17,945] INFO - Ticket creado id=714 cliente=cliente-2 prioridad=baja
[2026-04-13 18:37:17,947] INFO - Pantalla publica consultada: total=337 altas=4 medias=101 bajas=232
[2026-04-13 18:37:17,983] INFO - Ticket creado id=715 cliente=cliente-3 prioridad=alta
[2026-04-13 18:37:17,991] INFO - desk-2 atendio ticket id=705 prioridad=alta cliente=cliente-2
[2026-04-13 18:37:17,996] INFO - desk-1 atendio ticket id=706 prioridad=alta cliente=cliente-3
[2026-04-13 18:37:18,025] INFO - Pantalla publica consultada: total=336 altas=3 medias=101 bajas=232
[2026-04-13 18:37:18,034] INFO - Pantalla publica consultada: total=336 altas=3 medias=101 bajas=232
[2026-04-13 18:37:18,041] INFO - Ticket creado id=716 cliente=cliente-1 prioridad=baja
[2026-04-13 18:37:18,071] INFO - Ticket creado id=717 cliente=cliente-3 prioridad=alta
[2026-04-13 18:37:18,079] INFO - Ticket creado id=718 cliente=cliente-2 prioridad=baja
[2026-04-13 18:37:18,087] INFO - Ticket creado id=719 cliente=cliente-1 prioridad=alta
[2026-04-13 18:37:18,116] INFO - desk-3 atendio ticket id=712 prioridad=alta cliente=cliente-2
[2026-04-13 18:37:18,124] INFO - desk-2 atendio ticket id=713 prioridad=alta cliente=cliente-1
[2026-04-13 18:37:18,130] INFO - Pantalla publica consultada: total=338 altas=3 medias=101 bajas=234
[2026-04-13 18:37:18,162] INFO - Ticket creado id=720 cliente=cliente-3 prioridad=alta
[2026-04-13 18:37:18,167] INFO - Pantalla publica consultada: total=339 altas=4 medias=101 bajas=234
[2026-04-13 18:37:18,176] INFO - desk-1 atendio ticket id=715 prioridad=alta cliente=cliente-3
[2026-04-13 18:37:18,207] INFO - Ticket creado id=721 cliente=cliente-3 prioridad=media
[2026-04-13 18:37:18,212] INFO - desk-2 atendio ticket id=717 prioridad=alta cliente=cliente-3
[2026-04-13 18:37:18,222] INFO - Ticket creado id=722 cliente=cliente-1 prioridad=baja
[2026-04-13 18:37:18,253] INFO - desk-3 atendio ticket id=719 prioridad=alta cliente=cliente-1
[2026-04-13 18:37:18,258] INFO - desk-2 atendio ticket id=720 prioridad=alta cliente=cliente-3
[2026-04-13 18:37:18,268] INFO - desk-1 atendio ticket id=412 prioridad=media cliente=cliente-3
[2026-04-13 18:37:18,301] INFO - desk-3 atendio ticket id=417 prioridad=media cliente=cliente-1
[2026-04-13 18:37:18,306] INFO - Ticket creado id=723 cliente=cliente-2 prioridad=alta
[2026-04-13 18:37:18,314] INFO - Ticket creado id=724 cliente=cliente-1 prioridad=baja
[2026-04-13 18:37:18,343] INFO - Pantalla publica consultada: total=337 altas=1 medias=100 bajas=236
[2026-04-13 18:37:18,351] INFO - desk-2 atendio ticket id=723 prioridad=alta cliente=cliente-2
[2026-04-13 18:37:18,360] INFO - Ticket creado id=725 cliente=cliente-1 prioridad=baja
[2026-04-13 18:37:18,385] INFO - Pantalla publica consultada: total=337 altas=0 medias=100 bajas=237
[2026-04-13 18:37:18,397] INFO - Ticket creado id=726 cliente=cliente-2 prioridad=alta
[2026-04-13 18:37:18,406] INFO - desk-1 atendio ticket id=726 prioridad=alta cliente=cliente-2
[2026-04-13 18:37:18,431] INFO - Ticket creado id=727 cliente=cliente-3 prioridad=alta
[2026-04-13 18:37:18,442] INFO - desk-2 atendio ticket id=727 prioridad=alta cliente=cliente-3
[2026-04-13 18:37:18,452] INFO - desk-1 atendio ticket id=423 prioridad=media cliente=cliente-1
[2026-04-13 18:37:18,477] INFO - Ticket creado id=728 cliente=cliente-3 prioridad=alta
[2026-04-13 18:37:18,487] INFO - Ticket creado id=729 cliente=cliente-2 prioridad=baja
[2026-04-13 18:37:18,498] INFO - Ticket creado id=730 cliente=cliente-1 prioridad=alta
[2026-04-13 18:37:18,523] INFO - Ticket creado id=731 cliente=cliente-3 prioridad=alta
[2026-04-13 18:37:18,532] INFO - Ticket creado id=732 cliente=cliente-2 prioridad=media
[2026-04-13 18:37:18,540] INFO - Pantalla publica consultada: total=341 altas=3 medias=100 bajas=238
[2026-04-13 18:37:18,569] INFO - Ticket creado id=733 cliente=cliente-3 prioridad=baja
[2026-04-13 18:37:18,577] INFO - desk-2 atendio ticket id=728 prioridad=alta cliente=cliente-3
[2026-04-13 18:37:18,586] INFO - Ticket creado id=734 cliente=cliente-1 prioridad=baja
[2026-04-13 18:37:18,614] INFO - desk-3 atendio ticket id=730 prioridad=alta cliente=cliente-1
[2026-04-13 18:37:18,622] INFO - Ticket creado id=735 cliente=cliente-2 prioridad=media
[2026-04-13 18:37:18,632] INFO - desk-1 atendio ticket id=731 prioridad=alta cliente=cliente-3
[2026-04-13 18:37:18,660] INFO - Ticket creado id=736 cliente=cliente-3 prioridad=alta
[2026-04-13 18:37:18,668] INFO - Ticket creado id=737 cliente=cliente-2 prioridad=media
[2026-04-13 18:37:18,677] INFO - desk-1 atendio ticket id=736 prioridad=alta cliente=cliente-3
[2026-04-13 18:37:18,706] INFO - desk-3 atendio ticket id=425 prioridad=media cliente=cliente-1
[2026-04-13 18:37:18,714] INFO - desk-2 atendio ticket id=426 prioridad=media cliente=cliente-3
[2026-04-13 18:37:18,723] INFO - Ticket creado id=738 cliente=cliente-1 prioridad=media
[2026-04-13 18:37:18,752] INFO - desk-3 atendio ticket id=427 prioridad=media cliente=cliente-3
[2026-04-13 18:37:18,760] INFO - Ticket creado id=739 cliente=cliente-2 prioridad=baja
[2026-04-13 18:37:18,769] INFO - Ticket creado id=740 cliente=cliente-1 prioridad=alta
[2026-04-13 18:37:18,799] INFO - Ticket creado id=741 cliente=cliente-3 prioridad=alta
[2026-04-13 18:37:18,802] INFO - Pantalla publica consultada: total=343 altas=2 medias=100 bajas=241
[2026-04-13 18:37:18,816] INFO - desk-1 atendio ticket id=740 prioridad=alta cliente=cliente-1
[2026-04-13 18:37:18,846] INFO - Ticket creado id=742 cliente=cliente-3 prioridad=baja
[2026-04-13 18:37:18,851] INFO - Ticket creado id=743 cliente=cliente-2 prioridad=media
[2026-04-13 18:37:18,859] INFO - Pantalla publica consultada: total=344 altas=1 medias=101 bajas=242
[2026-04-13 18:37:18,892] INFO - desk-3 atendio ticket id=741 prioridad=alta cliente=cliente-3
[2026-04-13 18:37:18,898] INFO - Ticket creado id=744 cliente=cliente-2 prioridad=media
[2026-04-13 18:37:18,905] INFO - Ticket creado id=745 cliente=cliente-1 prioridad=baja
[2026-04-13 18:37:18,938] INFO - desk-3 atendio ticket id=429 prioridad=media cliente=cliente-1
[2026-04-13 18:37:18,939] INFO - Pantalla publica consultada: total=344 altas=0 medias=101 bajas=243
[2026-04-13 18:37:18,950] INFO - Ticket creado id=746 cliente=cliente-1 prioridad=alta
[2026-04-13 18:37:18,984] INFO - Ticket creado id=747 cliente=cliente-3 prioridad=alta
[2026-04-13 18:37:18,990] INFO - Ticket creado id=748 cliente=cliente-2 prioridad=baja
[2026-04-13 18:37:18,993] INFO - Pantalla publica consultada: total=347 altas=2 medias=101 bajas=244
[2026-04-13 18:37:19,026] INFO - Pantalla publica consultada: total=347 altas=2 medias=101 bajas=244
[2026-04-13 18:37:19,032] INFO - Pantalla publica consultada: total=347 altas=2 medias=101 bajas=244
[2026-04-13 18:37:19,038] INFO - Ticket creado id=749 cliente=cliente-1 prioridad=alta
[2026-04-13 18:37:19,073] INFO - Ticket creado id=750 cliente=cliente-3 prioridad=baja
[2026-04-13 18:37:19,078] INFO - Ticket creado id=751 cliente=cliente-2 prioridad=alta
[2026-04-13 18:37:19,085] INFO - Ticket creado id=752 cliente=cliente-1 prioridad=alta
[2026-04-13 18:37:19,117] INFO - Pantalla publica consultada: total=351 altas=5 medias=101 bajas=245
[2026-04-13 18:37:19,120] INFO - Pantalla publica consultada: total=351 altas=5 medias=101 bajas=245
[2026-04-13 18:37:19,127] INFO - Pantalla publica consultada: total=351 altas=5 medias=101 bajas=245
[2026-04-13 18:37:19,160] INFO - Pantalla publica consultada: total=351 altas=5 medias=101 bajas=245
[2026-04-13 18:37:19,166] INFO - Ticket creado id=753 cliente=cliente-2 prioridad=media
[2026-04-13 18:37:19,173] INFO - Ticket creado id=754 cliente=cliente-1 prioridad=alta
[2026-04-13 18:37:19,202] INFO - Pantalla publica consultada: total=353 altas=6 medias=102 bajas=245
[2026-04-13 18:37:19,209] INFO - Pantalla publica consultada: total=353 altas=6 medias=102 bajas=245
[2026-04-13 18:37:19,219] INFO - Ticket creado id=755 cliente=cliente-1 prioridad=media
[2026-04-13 18:37:19,249] INFO - Ticket creado id=756 cliente=cliente-3 prioridad=baja
[2026-04-13 18:37:19,256] INFO - desk-2 atendio ticket id=746 prioridad=alta cliente=cliente-1
[2026-04-13 18:37:19,266] INFO - desk-1 atendio ticket id=747 prioridad=alta cliente=cliente-3
[2026-04-13 18:37:19,295] INFO - Ticket creado id=757 cliente=cliente-3 prioridad=baja
[2026-04-13 18:37:19,301] INFO - desk-2 atendio ticket id=749 prioridad=alta cliente=cliente-1
[2026-04-13 18:37:19,312] INFO - Ticket creado id=758 cliente=cliente-1 prioridad=baja
[2026-04-13 18:37:19,338] INFO - Pantalla publica consultada: total=354 altas=3 medias=103 bajas=248
[2026-04-13 18:37:19,349] INFO - Ticket creado id=759 cliente=cliente-2 prioridad=alta
[2026-04-13 18:37:19,359] INFO - desk-1 atendio ticket id=751 prioridad=alta cliente=cliente-2
[2026-04-13 18:37:19,384] INFO - Ticket creado id=760 cliente=cliente-3 prioridad=media
[2026-04-13 18:37:19,395] INFO - desk-2 atendio ticket id=752 prioridad=alta cliente=cliente-1
[2026-04-13 18:37:19,405] INFO - Ticket creado id=761 cliente=cliente-1 prioridad=alta
[2026-04-13 18:37:19,430] INFO - Ticket creado id=762 cliente=cliente-3 prioridad=media
[2026-04-13 18:37:19,441] INFO - desk-2 atendio ticket id=754 prioridad=alta cliente=cliente-1
[2026-04-13 18:37:19,447] INFO - Pantalla publica consultada: total=355 altas=2 medias=105 bajas=248
[2026-04-13 18:37:19,476] INFO - desk-3 atendio ticket id=759 prioridad=alta cliente=cliente-2
[2026-04-13 18:37:19,486] INFO - Ticket creado id=763 cliente=cliente-2 prioridad=media
[2026-04-13 18:37:19,492] INFO - desk-1 atendio ticket id=761 prioridad=alta cliente=cliente-1
[2026-04-13 18:37:19,522] INFO - desk-3 atendio ticket id=437 prioridad=media cliente=cliente-2
[2026-04-13 18:37:19,533] INFO - Ticket creado id=764 cliente=cliente-2 prioridad=media
[2026-04-13 18:37:19,538] INFO - Ticket creado id=765 cliente=cliente-1 prioridad=media
[2026-04-13 18:37:19,564] INFO - Pantalla publica consultada: total=355 altas=0 medias=107 bajas=248
[2026-04-13 18:37:19,578] INFO - Ticket creado id=766 cliente=cliente-2 prioridad=baja
[2026-04-13 18:37:19,580] INFO - Pantalla publica consultada: total=356 altas=0 medias=107 bajas=249
[2026-04-13 18:37:19,606] INFO - Pantalla publica consultada: total=356 altas=0 medias=107 bajas=249
[2026-04-13 18:37:19,625] INFO - desk-2 atendio ticket id=439 prioridad=media cliente=cliente-1
[2026-04-13 18:37:19,630] INFO - desk-1 atendio ticket id=440 prioridad=media cliente=cliente-3
[2026-04-13 18:37:19,652] INFO - Ticket creado id=767 cliente=cliente-3 prioridad=baja
[2026-04-13 18:37:19,671] INFO - desk-2 atendio ticket id=444 prioridad=media cliente=cliente-1
[2026-04-13 18:37:19,675] INFO - Ticket creado id=768 cliente=cliente-1 prioridad=alta
[2026-04-13 18:37:19,697] INFO - Ticket creado id=769 cliente=cliente-3 prioridad=media
[2026-04-13 18:37:19,713] INFO - Pantalla publica consultada: total=356 altas=1 medias=105 bajas=250
[2026-04-13 18:37:19,721] INFO - Ticket creado id=770 cliente=cliente-1 prioridad=baja
[2026-04-13 18:37:19,740] INFO - Pantalla publica consultada: total=357 altas=1 medias=105 bajas=251
[2026-04-13 18:37:19,759] INFO - desk-2 atendio ticket id=768 prioridad=alta cliente=cliente-1
[2026-04-13 18:37:19,767] INFO - Ticket creado id=771 cliente=cliente-1 prioridad=alta
[2026-04-13 18:37:19,782] INFO - Pantalla publica consultada: total=357 altas=1 medias=105 bajas=251
[2026-04-13 18:37:19,805] INFO - desk-2 atendio ticket id=771 prioridad=alta cliente=cliente-1
[2026-04-13 18:37:19,813] INFO - Ticket creado id=772 cliente=cliente-1 prioridad=alta
[2026-04-13 18:37:19,829] INFO - Ticket creado id=773 cliente=cliente-3 prioridad=alta
[2026-04-13 18:37:19,851] INFO - Ticket creado id=774 cliente=cliente-2 prioridad=alta
[2026-04-13 18:37:19,854] INFO - Pantalla publica consultada: total=359 altas=3 medias=105 bajas=251
[2026-04-13 18:37:19,874] INFO - Ticket creado id=775 cliente=cliente-3 prioridad=media
[2026-04-13 18:37:19,898] INFO - Ticket creado id=776 cliente=cliente-2 prioridad=media
[2026-04-13 18:37:19,902] INFO - Ticket creado id=777 cliente=cliente-1 prioridad=baja
[2026-04-13 18:37:19,920] INFO - Ticket creado id=778 cliente=cliente-3 prioridad=alta
[2026-04-13 18:37:19,944] INFO - Ticket creado id=779 cliente=cliente-2 prioridad=media
[2026-04-13 18:37:19,946] INFO - Pantalla publica consultada: total=364 altas=4 medias=108 bajas=252
[2026-04-13 18:37:19,965] INFO - Ticket creado id=780 cliente=cliente-3 prioridad=media
[2026-04-13 18:37:19,987] INFO - Pantalla publica consultada: total=365 altas=4 medias=109 bajas=252
[2026-04-13 18:37:19,992] INFO - Ticket creado id=781 cliente=cliente-1 prioridad=baja
[2026-04-13 18:37:20,012] INFO - desk-3 atendio ticket id=772 prioridad=alta cliente=cliente-1
[2026-04-13 18:37:20,033] INFO - Ticket creado id=782 cliente=cliente-2 prioridad=alta
[2026-04-13 18:37:20,037] INFO - Ticket creado id=783 cliente=cliente-1 prioridad=alta
[2026-04-13 18:37:20,058] INFO - Ticket creado id=784 cliente=cliente-3 prioridad=alta
[2026-04-13 18:37:20,080] INFO - desk-2 atendio ticket id=773 prioridad=alta cliente=cliente-3
[2026-04-13 18:37:20,085] INFO - Ticket creado id=785 cliente=cliente-1 prioridad=baja
[2026-04-13 18:37:20,099] INFO - Pantalla publica consultada: total=368 altas=5 medias=109 bajas=254
[2026-04-13 18:37:20,123] INFO - Pantalla publica consultada: total=368 altas=5 medias=109 bajas=254
[2026-04-13 18:37:20,133] INFO - Ticket creado id=786 cliente=cliente-1 prioridad=baja
[2026-04-13 18:37:20,146] INFO - Ticket creado id=787 cliente=cliente-3 prioridad=baja
[2026-04-13 18:37:20,172] INFO - Ticket creado id=788 cliente=cliente-2 prioridad=media
[2026-04-13 18:37:20,179] INFO - Ticket creado id=789 cliente=cliente-1 prioridad=alta
[2026-04-13 18:37:20,193] INFO - desk-3 atendio ticket id=774 prioridad=alta cliente=cliente-2
[2026-04-13 18:37:20,215] INFO - Pantalla publica consultada: total=371 altas=5 medias=110 bajas=256
[2026-04-13 18:37:20,225] INFO - Ticket creado id=790 cliente=cliente-1 prioridad=media
[2026-04-13 18:37:20,235] INFO - Pantalla publica consultada: total=372 altas=5 medias=111 bajas=256
[2026-04-13 18:37:20,261] INFO - Ticket creado id=791 cliente=cliente-2 prioridad=alta
[2026-04-13 18:37:20,272] INFO - desk-1 atendio ticket id=778 prioridad=alta cliente=cliente-3
[2026-04-13 18:37:20,277] INFO - Pantalla publica consultada: total=372 altas=5 medias=111 bajas=256
[2026-04-13 18:37:20,307] INFO - Ticket creado id=792 cliente=cliente-2 prioridad=media
[2026-04-13 18:37:20,318] INFO - Ticket creado id=793 cliente=cliente-1 prioridad=baja
[2026-04-13 18:37:20,319] INFO - Pantalla publica consultada: total=374 altas=5 medias=112 bajas=257
[2026-04-13 18:37:20,353] INFO - Ticket creado id=794 cliente=cliente-2 prioridad=media
[2026-04-13 18:37:20,365] INFO - Ticket creado id=795 cliente=cliente-1 prioridad=media
[2026-04-13 18:37:20,369] INFO - Ticket creado id=796 cliente=cliente-3 prioridad=media
[2026-04-13 18:37:20,396] INFO - Pantalla publica consultada: total=377 altas=5 medias=115 bajas=257
[2026-04-13 18:37:20,410] INFO - Ticket creado id=797 cliente=cliente-1 prioridad=media
[2026-04-13 18:37:20,412] INFO - Pantalla publica consultada: total=378 altas=5 medias=116 bajas=257
[2026-04-13 18:37:20,442] INFO - Ticket creado id=798 cliente=cliente-2 prioridad=media
[2026-04-13 18:37:20,458] INFO - Ticket creado id=799 cliente=cliente-1 prioridad=baja
[2026-04-13 18:37:20,463] INFO - Ticket creado id=800 cliente=cliente-3 prioridad=alta
[2026-04-13 18:37:20,488] INFO - desk-2 atendio ticket id=782 prioridad=alta cliente=cliente-2
[2026-04-13 18:37:20,505] INFO - desk-1 atendio ticket id=783 prioridad=alta cliente=cliente-1
[2026-04-13 18:37:20,510] INFO - Ticket creado id=801 cliente=cliente-3 prioridad=baja
[2026-04-13 18:37:20,535] INFO - desk-2 atendio ticket id=784 prioridad=alta cliente=cliente-3
[2026-04-13 18:37:20,553] INFO - Ticket creado id=802 cliente=cliente-1 prioridad=media
[2026-04-13 18:37:20,558] INFO - Ticket creado id=803 cliente=cliente-3 prioridad=alta
[2026-04-13 18:37:20,580] INFO - Ticket creado id=804 cliente=cliente-2 prioridad=baja
[2026-04-13 18:37:20,599] INFO - Ticket creado id=805 cliente=cliente-1 prioridad=media
[2026-04-13 18:37:20,603] INFO - Ticket creado id=806 cliente=cliente-3 prioridad=baja
[2026-04-13 18:37:20,622] INFO - Pantalla publica consultada: total=384 altas=4 medias=119 bajas=261
[2026-04-13 18:37:20,646] INFO - desk-1 atendio ticket id=789 prioridad=alta cliente=cliente-1
[2026-04-13 18:37:20,647] INFO - Pantalla publica consultada: total=383 altas=3 medias=119 bajas=261
[2026-04-13 18:37:20,668] INFO - Ticket creado id=807 cliente=cliente-2 prioridad=baja
[2026-04-13 18:37:20,692] INFO - desk-1 atendio ticket id=791 prioridad=alta cliente=cliente-2
[2026-04-13 18:37:20,696] INFO - desk-3 atendio ticket id=800 prioridad=alta cliente=cliente-3
[2026-04-13 18:37:20,713] INFO - Ticket creado id=808 cliente=cliente-2 prioridad=media
[2026-04-13 18:37:20,734] INFO - Pantalla publica consultada: total=383 altas=1 medias=120 bajas=262
[2026-04-13 18:37:20,742] INFO - Ticket creado id=809 cliente=cliente-3 prioridad=alta
[2026-04-13 18:37:20,759] INFO - desk-2 atendio ticket id=803 prioridad=alta cliente=cliente-3
[2026-04-13 18:37:20,776] INFO - Pantalla publica consultada: total=383 altas=1 medias=120 bajas=262
[2026-04-13 18:37:20,785] INFO - Pantalla publica consultada: total=383 altas=1 medias=120 bajas=262
[2026-04-13 18:37:20,807] INFO - desk-2 atendio ticket id=809 prioridad=alta cliente=cliente-3
[2026-04-13 18:37:20,823] INFO - desk-1 atendio ticket id=446 prioridad=media cliente=cliente-2
[2026-04-13 18:37:20,831] INFO - Ticket creado id=810 cliente=cliente-3 prioridad=alta
[2026-04-13 18:37:20,853] INFO - Ticket creado id=811 cliente=cliente-2 prioridad=alta
[2026-04-13 18:37:20,869] INFO - Ticket creado id=812 cliente=cliente-1 prioridad=media
[2026-04-13 18:37:20,877] INFO - Ticket creado id=813 cliente=cliente-3 prioridad=alta
[2026-04-13 18:37:20,899] INFO - Ticket creado id=814 cliente=cliente-2 prioridad=alta
[2026-04-13 18:37:20,915] INFO - desk-1 atendio ticket id=810 prioridad=alta cliente=cliente-3
[2026-04-13 18:37:20,924] INFO - Ticket creado id=815 cliente=cliente-3 prioridad=baja
[2026-04-13 18:37:20,945] INFO - Ticket creado id=816 cliente=cliente-2 prioridad=baja
[2026-04-13 18:37:20,958] INFO - Pantalla publica consultada: total=387 altas=3 medias=120 bajas=264
[2026-04-13 18:37:20,970] INFO - Ticket creado id=817 cliente=cliente-3 prioridad=baja
[2026-04-13 18:37:20,992] INFO - Ticket creado id=818 cliente=cliente-2 prioridad=media
[2026-04-13 18:37:21,004] INFO - Ticket creado id=819 cliente=cliente-1 prioridad=baja
[2026-04-13 18:37:21,017] INFO - desk-3 atendio ticket id=811 prioridad=alta cliente=cliente-2
[2026-04-13 18:37:21,038] INFO - Ticket creado id=820 cliente=cliente-2 prioridad=baja
[2026-04-13 18:37:21,050] INFO - Ticket creado id=821 cliente=cliente-1 prioridad=alta
[2026-04-13 18:37:21,059] INFO - Pantalla publica consultada: total=391 altas=3 medias=121 bajas=267
[2026-04-13 18:37:21,084] INFO - desk-2 atendio ticket id=813 prioridad=alta cliente=cliente-3
[2026-04-13 18:37:21,092] INFO - Pantalla publica consultada: total=390 altas=2 medias=121 bajas=267
[2026-04-13 18:37:21,105] INFO - Ticket creado id=822 cliente=cliente-3 prioridad=media
[2026-04-13 18:37:21,126] INFO - Pantalla publica consultada: total=391 altas=2 medias=122 bajas=267
[2026-04-13 18:37:21,138] INFO - Ticket creado id=823 cliente=cliente-1 prioridad=alta
[2026-04-13 18:37:21,151] INFO - Ticket creado id=824 cliente=cliente-3 prioridad=media
[2026-04-13 18:37:21,173] INFO - Ticket creado id=825 cliente=cliente-2 prioridad=baja
[2026-04-13 18:37:21,185] INFO - Ticket creado id=826 cliente=cliente-1 prioridad=media
[2026-04-13 18:37:21,198] INFO - Ticket creado id=827 cliente=cliente-3 prioridad=alta
[2026-04-13 18:37:21,220] INFO - Ticket creado id=828 cliente=cliente-2 prioridad=media
[2026-04-13 18:37:21,227] INFO - Pantalla publica consultada: total=397 altas=4 medias=125 bajas=268
[2026-04-13 18:37:21,241] INFO - Pantalla publica consultada: total=397 altas=4 medias=125 bajas=268
[2026-04-13 18:37:21,262] INFO - Pantalla publica consultada: total=397 altas=4 medias=125 bajas=268
[2026-04-13 18:37:21,273] INFO - desk-1 atendio ticket id=814 prioridad=alta cliente=cliente-2
[2026-04-13 18:37:21,287] INFO - Ticket creado id=829 cliente=cliente-3 prioridad=alta
[2026-04-13 18:37:21,309] INFO - Ticket creado id=830 cliente=cliente-2 prioridad=media
[2026-04-13 18:37:21,321] INFO - Ticket creado id=831 cliente=cliente-1 prioridad=media
[2026-04-13 18:37:21,334] INFO - desk-3 atendio ticket id=821 prioridad=alta cliente=cliente-1
[2026-04-13 18:37:21,356] INFO - Ticket creado id=832 cliente=cliente-2 prioridad=baja
[2026-04-13 18:37:21,367] INFO - Ticket creado id=833 cliente=cliente-1 prioridad=media
[2026-04-13 18:37:21,382] INFO - desk-3 atendio ticket id=823 prioridad=alta cliente=cliente-1
[2026-04-13 18:37:21,404] INFO - Ticket creado id=834 cliente=cliente-2 prioridad=media
[2026-04-13 18:37:21,414] INFO - desk-1 atendio ticket id=827 prioridad=alta cliente=cliente-3
[2026-04-13 18:37:21,427] INFO - Ticket creado id=835 cliente=cliente-3 prioridad=media
[2026-04-13 18:37:21,450] INFO - Ticket creado id=836 cliente=cliente-2 prioridad=media
[2026-04-13 18:37:21,457] INFO - Pantalla publica consultada: total=401 altas=1 medias=131 bajas=269
[2026-04-13 18:37:21,470] INFO - Pantalla publica consultada: total=401 altas=1 medias=131 bajas=269
[2026-04-13 18:37:21,498] INFO - Ticket creado id=837 cliente=cliente-2 prioridad=media
[2026-04-13 18:37:21,503] INFO - Ticket creado id=838 cliente=cliente-1 prioridad=alta
[2026-04-13 18:37:21,517] INFO - Ticket creado id=839 cliente=cliente-3 prioridad=media
[2026-04-13 18:37:21,540] INFO - Pantalla publica consultada: total=404 altas=2 medias=133 bajas=269
[2026-04-13 18:37:21,549] INFO - desk-1 atendio ticket id=829 prioridad=alta cliente=cliente-3
[2026-04-13 18:37:21,563] INFO - desk-3 atendio ticket id=838 prioridad=alta cliente=cliente-1
[2026-04-13 18:37:21,587] INFO - Ticket creado id=840 cliente=cliente-2 prioridad=alta
[2026-04-13 18:37:21,596] INFO - desk-1 atendio ticket id=840 prioridad=alta cliente=cliente-2
[2026-04-13 18:37:21,610] INFO - Ticket creado id=841 cliente=cliente-3 prioridad=baja
[2026-04-13 18:37:21,634] INFO - Ticket creado id=842 cliente=cliente-2 prioridad=baja
[2026-04-13 18:37:21,639] INFO - Pantalla publica consultada: total=404 altas=0 medias=133 bajas=271
[2026-04-13 18:37:21,659] INFO - Ticket creado id=843 cliente=cliente-3 prioridad=baja
[2026-04-13 18:37:21,677] INFO - Pantalla publica consultada: total=405 altas=0 medias=133 bajas=272
[2026-04-13 18:37:21,682] INFO - Pantalla publica consultada: total=405 altas=0 medias=133 bajas=272
[2026-04-13 18:37:21,706] INFO - desk-3 atendio ticket id=453 prioridad=media cliente=cliente-2
[2026-04-13 18:37:21,725] INFO - desk-2 atendio ticket id=455 prioridad=media cliente=cliente-2
[2026-04-13 18:37:21,726] INFO - Pantalla publica consultada: total=403 altas=0 medias=131 bajas=272
[2026-04-13 18:37:21,753] INFO - Ticket creado id=844 cliente=cliente-3 prioridad=baja
[2026-04-13 18:37:21,773] INFO - Ticket creado id=845 cliente=cliente-1 prioridad=media
[2026-04-13 18:37:21,778] INFO - Ticket creado id=845 cliente=cliente-2 prioridad=alta
[2026-04-13 18:37:21,800] INFO - Ticket creado id=846 cliente=cliente-3 prioridad=alta
[2026-04-13 18:37:21,820] INFO - Ticket creado id=847 cliente=cliente-1 prioridad=media
[2026-04-13 18:37:21,825] INFO - desk-2 atendio ticket id=845 prioridad=alta cliente=cliente-2
[2026-04-13 18:37:21,842] INFO - Pantalla publica consultada: total=406 altas=1 medias=132 bajas=273
[2026-04-13 18:37:21,866] INFO - desk-1 atendio ticket id=846 prioridad=alta cliente=cliente-3
[2026-04-13 18:37:21,871] INFO - Ticket creado id=848 cliente=cliente-2 prioridad=baja
[2026-04-13 18:37:21,889] INFO - Ticket creado id=849 cliente=cliente-3 prioridad=media
[2026-04-13 18:37:21,915] INFO - Ticket creado id=850 cliente=cliente-1 prioridad=baja
[2026-04-13 18:37:21,921] INFO - Ticket creado id=851 cliente=cliente-2 prioridad=alta
[2026-04-13 18:37:21,936] INFO - Ticket creado id=852 cliente=cliente-3 prioridad=alta
[2026-04-13 18:37:21,961] INFO - Ticket creado id=853 cliente=cliente-1 prioridad=alta
[2026-04-13 18:37:21,966] INFO - Ticket creado id=854 cliente=cliente-2 prioridad=alta
[2026-04-13 18:37:21,978] INFO - Pantalla publica consultada: total=412 altas=4 medias=133 bajas=275
[2026-04-13 18:37:22,007] INFO - desk-1 atendio ticket id=851 prioridad=alta cliente=cliente-2
[2026-04-13 18:37:22,012] INFO - Ticket creado id=855 cliente=cliente-2 prioridad=baja
[2026-04-13 18:37:22,026] INFO - desk-3 atendio ticket id=852 prioridad=alta cliente=cliente-3
[2026-04-13 18:37:22,053] INFO - Ticket creado id=856 cliente=cliente-1 prioridad=baja
[2026-04-13 18:37:22,058] INFO - desk-2 atendio ticket id=853 prioridad=alta cliente=cliente-1
[2026-04-13 18:37:22,068] INFO - Pantalla publica consultada: total=411 altas=1 medias=133 bajas=277
[2026-04-13 18:37:22,100] INFO - Ticket creado id=857 cliente=cliente-1 prioridad=baja
[2026-04-13 18:37:22,104] INFO - Ticket creado id=858 cliente=cliente-2 prioridad=alta
[2026-04-13 18:37:22,114] INFO - Ticket creado id=859 cliente=cliente-3 prioridad=media
[2026-04-13 18:37:22,142] INFO - Pantalla publica consultada: total=414 altas=2 medias=134 bajas=278
[2026-04-13 18:37:22,146] INFO - Pantalla publica consultada: total=414 altas=2 medias=134 bajas=278
[2026-04-13 18:37:22,156] INFO - Pantalla publica consultada: total=414 altas=2 medias=134 bajas=278
[2026-04-13 18:37:22,189] INFO - Ticket creado id=860 cliente=cliente-1 prioridad=baja
[2026-04-13 18:37:22,196] INFO - desk-2 atendio ticket id=854 prioridad=alta cliente=cliente-2
[2026-04-13 18:37:22,203] INFO - Ticket creado id=861 cliente=cliente-3 prioridad=baja
[2026-04-13 18:37:22,231] INFO - Pantalla publica consultada: total=415 altas=1 medias=134 bajas=280
[2026-04-13 18:37:22,238] INFO - Pantalla publica consultada: total=415 altas=1 medias=134 bajas=280
[2026-04-13 18:37:22,249] INFO - desk-3 atendio ticket id=858 prioridad=alta cliente=cliente-2
[2026-04-13 18:37:22,279] INFO - Ticket creado id=862 cliente=cliente-1 prioridad=media
[2026-04-13 18:37:22,286] INFO - desk-2 atendio ticket id=456 prioridad=media cliente=cliente-1
[2026-04-13 18:37:22,296] INFO - desk-3 atendio ticket id=459 prioridad=media cliente=cliente-2
[2026-04-13 18:37:22,322] INFO - Pantalla publica consultada: total=413 altas=0 medias=133 bajas=280
[2026-04-13 18:37:22,332] INFO - desk-2 atendio ticket id=461 prioridad=media cliente=cliente-1
[2026-04-13 18:37:22,339] INFO - Pantalla publica consultada: total=412 altas=0 medias=132 bajas=280
[2026-04-13 18:37:22,368] INFO - Ticket creado id=863 cliente=cliente-1 prioridad=media
[2026-04-13 18:37:22,379] INFO - Ticket creado id=864 cliente=cliente-2 prioridad=alta
[2026-04-13 18:37:22,385] INFO - desk-3 atendio ticket id=864 prioridad=alta cliente=cliente-2
[2026-04-13 18:37:22,415] INFO - Ticket creado id=865 cliente=cliente-1 prioridad=media
[2026-04-13 18:37:22,426] INFO - Ticket creado id=866 cliente=cliente-2 prioridad=media
[2026-04-13 18:37:22,428] INFO - Pantalla publica consultada: total=415 altas=0 medias=135 bajas=280
[2026-04-13 18:37:22,462] INFO - Ticket creado id=867 cliente=cliente-1 prioridad=media
[2026-04-13 18:37:22,474] INFO - Ticket creado id=868 cliente=cliente-2 prioridad=alta
[2026-04-13 18:37:22,480] INFO - Ticket creado id=869 cliente=cliente-3 prioridad=alta
[2026-04-13 18:37:22,509] INFO - Ticket creado id=870 cliente=cliente-1 prioridad=alta
[2026-04-13 18:37:22,520] INFO - Ticket creado id=871 cliente=cliente-2 prioridad=baja
[2026-04-13 18:37:22,526] INFO - Ticket creado id=872 cliente=cliente-3 prioridad=media
[2026-04-13 18:37:22,556] INFO - Ticket creado id=873 cliente=cliente-1 prioridad=alta
[2026-04-13 18:37:22,566] INFO - desk-2 atendio ticket id=868 prioridad=alta cliente=cliente-2
[2026-04-13 18:37:22,569] INFO - Pantalla publica consultada: total=421 altas=3 medias=137 bajas=281
[2026-04-13 18:37:22,603] INFO - desk-1 atendio ticket id=869 prioridad=alta cliente=cliente-3
[2026-04-13 18:37:22,614] INFO - Ticket creado id=874 cliente=cliente-2 prioridad=alta
[2026-04-13 18:37:22,618] INFO - desk-3 atendio ticket id=870 prioridad=alta cliente=cliente-1
[2026-04-13 18:37:22,649] INFO - Ticket creado id=875 cliente=cliente-1 prioridad=baja
[2026-04-13 18:37:22,661] INFO - desk-2 atendio ticket id=873 prioridad=alta cliente=cliente-1
[2026-04-13 18:37:22,663] INFO - Pantalla publica consultada: total=420 altas=1 medias=137 bajas=282
[2026-04-13 18:37:22,696] INFO - Ticket creado id=876 cliente=cliente-1 prioridad=media
[2026-04-13 18:37:22,709] INFO - Ticket creado id=877 cliente=cliente-2 prioridad=baja
[2026-04-13 18:37:22,710] INFO - Pantalla publica consultada: total=422 altas=1 medias=138 bajas=283
[2026-04-13 18:37:22,743] INFO - Ticket creado id=878 cliente=cliente-1 prioridad=baja
[2026-04-13 18:37:22,751] INFO - Pantalla publica consultada: total=423 altas=1 medias=138 bajas=284
[2026-04-13 18:37:22,758] INFO - desk-3 atendio ticket id=874 prioridad=alta cliente=cliente-2
[2026-04-13 18:37:22,791] INFO - Ticket creado id=879 cliente=cliente-1 prioridad=baja
[2026-04-13 18:37:22,804] INFO - Ticket creado id=880 cliente=cliente-2 prioridad=alta
[2026-04-13 18:37:22,811] INFO - Ticket creado id=881 cliente=cliente-3 prioridad=media
[2026-04-13 18:37:22,839] INFO - Ticket creado id=882 cliente=cliente-1 prioridad=media
[2026-04-13 18:37:22,847] INFO - Pantalla publica consultada: total=426 altas=1 medias=140 bajas=285
[2026-04-13 18:37:22,857] INFO - Ticket creado id=883 cliente=cliente-3 prioridad=baja
[2026-04-13 18:37:22,885] INFO - Ticket creado id=884 cliente=cliente-1 prioridad=alta
[2026-04-13 18:37:22,893] INFO - Ticket creado id=885 cliente=cliente-2 prioridad=alta
[2026-04-13 18:37:22,904] INFO - Ticket creado id=886 cliente=cliente-3 prioridad=media
[2026-04-13 18:37:22,932] INFO - Ticket creado id=887 cliente=cliente-1 prioridad=baja
[2026-04-13 18:37:22,939] INFO - desk-2 atendio ticket id=880 prioridad=alta cliente=cliente-2
[2026-04-13 18:37:22,951] INFO - Ticket creado id=888 cliente=cliente-3 prioridad=media
[2026-04-13 18:37:22,978] INFO - Ticket creado id=889 cliente=cliente-1 prioridad=media
[2026-04-13 18:37:22,985] INFO - desk-2 atendio ticket id=884 prioridad=alta cliente=cliente-1
[2026-04-13 18:37:22,994] INFO - Pantalla publica consultada: total=431 altas=1 medias=143 bajas=287
[2026-04-13 18:37:23,025] INFO - Ticket creado id=890 cliente=cliente-1 prioridad=baja
[2026-04-13 18:37:23,027] INFO - Pantalla publica consultada: total=432 altas=1 medias=143 bajas=288
[2026-04-13 18:37:23,036] INFO - Pantalla publica consultada: total=432 altas=1 medias=143 bajas=288
[2026-04-13 18:37:23,072] INFO - Ticket creado id=891 cliente=cliente-1 prioridad=baja
[2026-04-13 18:37:23,073] INFO - Pantalla publica consultada: total=433 altas=1 medias=143 bajas=289
[2026-04-13 18:37:23,079] INFO - Pantalla publica consultada: total=433 altas=1 medias=143 bajas=289
[2026-04-13 18:37:23,121] INFO - Ticket creado id=892 cliente=cliente-1 prioridad=baja
[2026-04-13 18:37:23,128] INFO - desk-2 atendio ticket id=885 prioridad=alta cliente=cliente-2
[2026-04-13 18:37:23,129] INFO - Pantalla publica consultada: total=433 altas=0 medias=143 bajas=290
[2026-04-13 18:37:23,170] INFO - desk-1 atendio ticket id=462 prioridad=media cliente=cliente-2
[2026-04-13 18:37:23,172] INFO - Pantalla publica consultada: total=432 altas=0 medias=142 bajas=290
[2026-04-13 18:37:23,178] INFO - Ticket creado id=893 cliente=cliente-3 prioridad=baja
[2026-04-13 18:37:23,218] INFO - Ticket creado id=894 cliente=cliente-1 prioridad=alta
[2026-04-13 18:37:23,225] INFO - Ticket creado id=895 cliente=cliente-2 prioridad=media
[2026-04-13 18:37:23,226] INFO - Pantalla publica consultada: total=435 altas=1 medias=143 bajas=291
[2026-04-13 18:37:23,265] INFO - Ticket creado id=896 cliente=cliente-1 prioridad=alta
[2026-04-13 18:37:23,272] INFO - Ticket creado id=897 cliente=cliente-2 prioridad=baja
[2026-04-13 18:37:23,277] INFO - Ticket creado id=898 cliente=cliente-3 prioridad=baja
[2026-04-13 18:37:23,307] INFO - Pantalla publica consultada: total=438 altas=2 medias=143 bajas=293
[2026-04-13 18:37:23,320] INFO - desk-2 atendio ticket id=894 prioridad=alta cliente=cliente-1
[2026-04-13 18:37:23,326] INFO - Ticket creado id=899 cliente=cliente-3 prioridad=baja
[2026-04-13 18:37:23,354] INFO - Ticket creado id=900 cliente=cliente-1 prioridad=baja
[2026-04-13 18:37:23,370] INFO - Ticket creado id=901 cliente=cliente-2 prioridad=media
[2026-04-13 18:37:23,375] INFO - Ticket creado id=902 cliente=cliente-3 prioridad=baja
[2026-04-13 18:37:23,396] INFO - Pantalla publica consultada: total=441 altas=1 medias=144 bajas=296
[2026-04-13 18:37:23,417] INFO - Ticket creado id=903 cliente=cliente-2 prioridad=alta
[2026-04-13 18:37:23,418] INFO - Pantalla publica consultada: total=442 altas=2 medias=144 bajas=296
[2026-04-13 18:37:23,443] INFO - Ticket creado id=904 cliente=cliente-1 prioridad=media
[2026-04-13 18:37:23,464] INFO - Ticket creado id=905 cliente=cliente-2 prioridad=baja
[2026-04-13 18:37:23,465] INFO - Pantalla publica consultada: total=444 altas=2 medias=145 bajas=297
[2026-04-13 18:37:23,485] INFO - Pantalla publica consultada: total=444 altas=2 medias=145 bajas=297
[2026-04-13 18:37:23,511] INFO - Ticket creado id=906 cliente=cliente-2 prioridad=media
[2026-04-13 18:37:23,517] INFO - Ticket creado id=907 cliente=cliente-3 prioridad=media
[2026-04-13 18:37:23,528] INFO - Pantalla publica consultada: total=446 altas=2 medias=147 bajas=297
[2026-04-13 18:37:23,558] INFO - desk-2 atendio ticket id=896 prioridad=alta cliente=cliente-1
[2026-04-13 18:37:23,560] INFO - Pantalla publica consultada: total=445 altas=1 medias=147 bajas=297
[2026-04-13 18:37:23,575] INFO - desk-1 atendio ticket id=903 prioridad=alta cliente=cliente-2
[2026-04-13 18:37:23,606] INFO - Ticket creado id=908 cliente=cliente-2 prioridad=baja
[2026-04-13 18:37:23,611] INFO - desk-3 atendio ticket id=475 prioridad=media cliente=cliente-2
[2026-04-13 18:37:23,623] INFO - desk-1 atendio ticket id=477 prioridad=media cliente=cliente-2
[2026-04-13 18:37:23,654] INFO - Ticket creado id=909 cliente=cliente-2 prioridad=baja
[2026-04-13 18:37:23,660] INFO - Ticket creado id=910 cliente=cliente-3 prioridad=media
[2026-04-13 18:37:23,669] INFO - desk-1 atendio ticket id=480 prioridad=media cliente=cliente-2
[2026-04-13 18:37:23,702] INFO - Ticket creado id=911 cliente=cliente-2 prioridad=alta
[2026-04-13 18:37:23,708] INFO - Ticket creado id=912 cliente=cliente-3 prioridad=baja
[2026-04-13 18:37:23,718] INFO - Ticket creado id=913 cliente=cliente-1 prioridad=alta
[2026-04-13 18:37:23,749] INFO - Ticket creado id=914 cliente=cliente-2 prioridad=alta
[2026-04-13 18:37:23,754] INFO - Ticket creado id=915 cliente=cliente-3 prioridad=baja
[2026-04-13 18:37:23,764] INFO - Ticket creado id=916 cliente=cliente-1 prioridad=baja
[2026-04-13 18:37:23,795] INFO - desk-2 atendio ticket id=911 prioridad=alta cliente=cliente-2
[2026-04-13 18:37:23,801] INFO - Ticket creado id=917 cliente=cliente-3 prioridad=alta
[2026-04-13 18:37:23,807] INFO - Pantalla publica consultada: total=450 altas=3 medias=145 bajas=302
[2026-04-13 18:37:23,844] INFO - Ticket creado id=918 cliente=cliente-2 prioridad=baja
[2026-04-13 18:37:23,850] INFO - Ticket creado id=919 cliente=cliente-3 prioridad=baja
[2026-04-13 18:37:23,856] INFO - desk-1 atendio ticket id=913 prioridad=alta cliente=cliente-1
[2026-04-13 18:37:23,892] INFO - desk-2 atendio ticket id=914 prioridad=alta cliente=cliente-2
[2026-04-13 18:37:23,894] INFO - Pantalla publica consultada: total=450 altas=1 medias=145 bajas=304
[2026-04-13 18:37:23,903] INFO - Ticket creado id=920 cliente=cliente-1 prioridad=alta
[2026-04-13 18:37:23,935] INFO - Pantalla publica consultada: total=451 altas=2 medias=145 bajas=304
[2026-04-13 18:37:23,941] INFO - Ticket creado id=921 cliente=cliente-3 prioridad=alta
[2026-04-13 18:37:23,945] INFO - Pantalla publica consultada: total=452 altas=3 medias=145 bajas=304
[2026-04-13 18:37:23,978] INFO - Pantalla publica consultada: total=452 altas=3 medias=145 bajas=304
[2026-04-13 18:37:23,984] INFO - Pantalla publica consultada: total=452 altas=3 medias=145 bajas=304
[2026-04-13 18:37:23,992] INFO - Ticket creado id=922 cliente=cliente-1 prioridad=media
[2026-04-13 18:37:24,020] INFO - Pantalla publica consultada: total=453 altas=3 medias=146 bajas=304
[2026-04-13 18:37:24,031] INFO - Ticket creado id=923 cliente=cliente-3 prioridad=baja
[2026-04-13 18:37:24,039] INFO - Ticket creado id=924 cliente=cliente-1 prioridad=media
[2026-04-13 18:37:24,063] INFO - Pantalla publica consultada: total=455 altas=3 medias=147 bajas=305
[2026-04-13 18:37:24,078] INFO - Ticket creado id=925 cliente=cliente-3 prioridad=media
[2026-04-13 18:37:24,086] INFO - desk-1 atendio ticket id=917 prioridad=alta cliente=cliente-3
[2026-04-13 18:37:24,111] INFO - desk-2 atendio ticket id=920 prioridad=alta cliente=cliente-1
[2026-04-13 18:37:24,120] INFO - Pantalla publica consultada: total=454 altas=1 medias=148 bajas=305
[2026-04-13 18:37:24,133] INFO - Ticket creado id=926 cliente=cliente-1 prioridad=alta
[2026-04-13 18:37:24,158] INFO - Ticket creado id=927 cliente=cliente-2 prioridad=alta
[2026-04-13 18:37:24,168] INFO - Ticket creado id=928 cliente=cliente-3 prioridad=alta
[2026-04-13 18:37:24,176] INFO - Pantalla publica consultada: total=457 altas=4 medias=148 bajas=305
[2026-04-13 18:37:24,206] INFO - desk-2 atendio ticket id=921 prioridad=alta cliente=cliente-3
[2026-04-13 18:37:24,214] INFO - desk-3 atendio ticket id=926 prioridad=alta cliente=cliente-1
[2026-04-13 18:37:24,224] INFO - desk-1 atendio ticket id=927 prioridad=alta cliente=cliente-2
[2026-04-13 18:37:24,255] INFO - Ticket creado id=929 cliente=cliente-2 prioridad=media
[2026-04-13 18:37:24,262] INFO - desk-3 atendio ticket id=928 prioridad=alta cliente=cliente-3
[2026-04-13 18:37:24,271] INFO - Ticket creado id=930 cliente=cliente-1 prioridad=media
[2026-04-13 18:37:24,303] INFO - Ticket creado id=931 cliente=cliente-2 prioridad=alta
[2026-04-13 18:37:24,311] INFO - Ticket creado id=932 cliente=cliente-3 prioridad=baja
[2026-04-13 18:37:24,315] INFO - Pantalla publica consultada: total=457 altas=1 medias=150 bajas=306
[2026-04-13 18:37:24,351] INFO - Ticket creado id=933 cliente=cliente-2 prioridad=alta
[2026-04-13 18:37:24,358] INFO - Ticket creado id=934 cliente=cliente-3 prioridad=media
[2026-04-13 18:37:24,365] INFO - Ticket creado id=935 cliente=cliente-1 prioridad=baja
[2026-04-13 18:37:24,399] INFO - desk-2 atendio ticket id=931 prioridad=alta cliente=cliente-2
[2026-04-13 18:37:24,406] INFO - Ticket creado id=936 cliente=cliente-3 prioridad=baja
[2026-04-13 18:37:24,412] INFO - Ticket creado id=937 cliente=cliente-1 prioridad=baja
[2026-04-13 18:37:24,447] INFO - Ticket creado id=938 cliente=cliente-2 prioridad=alta
[2026-04-13 18:37:24,453] INFO - Ticket creado id=939 cliente=cliente-3 prioridad=alta
[2026-04-13 18:37:24,459] INFO - desk-1 atendio ticket id=933 prioridad=alta cliente=cliente-2
[2026-04-13 18:37:24,490] INFO - Pantalla publica consultada: total=462 altas=2 medias=151 bajas=309
[2026-04-13 18:37:24,503] INFO - Ticket creado id=940 cliente=cliente-3 prioridad=baja
[2026-04-13 18:37:24,510] INFO - Ticket creado id=941 cliente=cliente-1 prioridad=alta
[2026-04-13 18:37:24,538] INFO - desk-2 atendio ticket id=938 prioridad=alta cliente=cliente-2
[2026-04-13 18:37:24,550] INFO - Ticket creado id=942 cliente=cliente-3 prioridad=media
[2026-04-13 18:37:24,558] INFO - Ticket creado id=943 cliente=cliente-1 prioridad=baja
[2026-04-13 18:37:24,585] INFO - desk-2 atendio ticket id=939 prioridad=alta cliente=cliente-3
[2026-04-13 18:37:24,592] INFO - Pantalla publica consultada: total=464 altas=1 medias=152 bajas=311
[2026-04-13 18:37:24,600] INFO - Pantalla publica consultada: total=464 altas=1 medias=152 bajas=311
[2026-04-13 18:37:24,631] INFO - Ticket creado id=944 cliente=cliente-2 prioridad=alta
[2026-04-13 18:37:24,638] INFO - desk-3 atendio ticket id=941 prioridad=alta cliente=cliente-1
[2026-04-13 18:37:24,648] INFO - desk-1 atendio ticket id=944 prioridad=alta cliente=cliente-2
[2026-04-13 18:37:24,679] INFO - Ticket creado id=945 cliente=cliente-2 prioridad=baja
[2026-04-13 18:37:24,687] INFO - Ticket creado id=946 cliente=cliente-3 prioridad=alta
[2026-04-13 18:37:24,696] INFO - Ticket creado id=947 cliente=cliente-1 prioridad=media
[2026-04-13 18:37:24,727] INFO - Ticket creado id=948 cliente=cliente-2 prioridad=media
[2026-04-13 18:37:24,735] INFO - Ticket creado id=949 cliente=cliente-3 prioridad=baja
[2026-04-13 18:37:24,743] INFO - Ticket creado id=950 cliente=cliente-1 prioridad=media
[2026-04-13 18:37:24,775] INFO - Ticket creado id=951 cliente=cliente-2 prioridad=media
[2026-04-13 18:37:24,782] INFO - Ticket creado id=952 cliente=cliente-3 prioridad=alta
[2026-04-13 18:37:24,789] INFO - desk-1 atendio ticket id=946 prioridad=alta cliente=cliente-3
[2026-04-13 18:37:24,822] INFO - Ticket creado id=953 cliente=cliente-2 prioridad=alta
[2026-04-13 18:37:24,828] INFO - Ticket creado id=954 cliente=cliente-3 prioridad=baja
[2026-04-13 18:37:24,836] INFO - Ticket creado id=955 cliente=cliente-1 prioridad=baja
[2026-04-13 18:37:24,864] INFO - Pantalla publica consultada: total=473 altas=2 medias=156 bajas=315
[2026-04-13 18:37:24,874] INFO - Ticket creado id=956 cliente=cliente-3 prioridad=baja
[2026-04-13 18:37:24,884] INFO - desk-1 atendio ticket id=952 prioridad=alta cliente=cliente-3
[2026-04-13 18:37:24,912] INFO - Ticket creado id=957 cliente=cliente-2 prioridad=media
[2026-04-13 18:37:24,917] INFO - Pantalla publica consultada: total=474 altas=1 medias=157 bajas=316
[2026-04-13 18:37:24,932] INFO - Ticket creado id=958 cliente=cliente-1 prioridad=alta
[2026-04-13 18:37:24,954] INFO - Pantalla publica consultada: total=475 altas=2 medias=157 bajas=316
[2026-04-13 18:37:24,963] INFO - Ticket creado id=959 cliente=cliente-3 prioridad=baja
[2026-04-13 18:37:24,979] INFO - Ticket creado id=960 cliente=cliente-1 prioridad=media
[2026-04-13 18:37:25,003] INFO - desk-2 atendio ticket id=953 prioridad=alta cliente=cliente-2
[2026-04-13 18:37:25,010] INFO - desk-3 atendio ticket id=958 prioridad=alta cliente=cliente-1
[2026-04-13 18:37:25,024] INFO - Pantalla publica consultada: total=475 altas=0 medias=158 bajas=317
[2026-04-13 18:37:25,050] INFO - Ticket creado id=961 cliente=cliente-2 prioridad=baja
[2026-04-13 18:37:25,053] INFO - Pantalla publica consultada: total=476 altas=0 medias=158 bajas=318
[2026-04-13 18:37:25,067] INFO - Pantalla publica consultada: total=476 altas=0 medias=158 bajas=318
[2026-04-13 18:37:25,097] INFO - Ticket creado id=962 cliente=cliente-2 prioridad=alta
[2026-04-13 18:37:25,103] INFO - desk-3 atendio ticket id=962 prioridad=alta cliente=cliente-2
[2026-04-13 18:37:25,114] INFO - Ticket creado id=963 cliente=cliente-1 prioridad=baja
[2026-04-13 18:37:25,146] INFO - desk-2 atendio ticket id=481 prioridad=media cliente=cliente-3
[2026-04-13 18:37:25,153] INFO - Ticket creado id=964 cliente=cliente-3 prioridad=baja
[2026-04-13 18:37:25,162] INFO - Ticket creado id=965 cliente=cliente-1 prioridad=media
[2026-04-13 18:37:25,191] INFO - Pantalla publica consultada: total=478 altas=0 medias=158 bajas=320
[2026-04-13 18:37:25,197] INFO - Pantalla publica consultada: total=478 altas=0 medias=158 bajas=320
[2026-04-13 18:37:25,204] INFO - Pantalla publica consultada: total=478 altas=0 medias=158 bajas=320
[2026-04-13 18:37:25,233] INFO - Pantalla publica consultada: total=478 altas=0 medias=158 bajas=320
[2026-04-13 18:37:25,245] INFO - Ticket creado id=966 cliente=cliente-3 prioridad=baja
[2026-04-13 18:37:25,251] INFO - Ticket creado id=967 cliente=cliente-1 prioridad=media
[2026-04-13 18:37:25,280] INFO - desk-2 atendio ticket id=484 prioridad=media cliente=cliente-1
[2026-04-13 18:37:25,291] INFO - Ticket creado id=968 cliente=cliente-3 prioridad=baja
[2026-04-13 18:37:25,298] INFO - Ticket creado id=969 cliente=cliente-1 prioridad=alta
[2026-04-13 18:37:25,326] INFO - desk-2 atendio ticket id=969 prioridad=alta cliente=cliente-1
[2026-04-13 18:37:25,338] INFO - Ticket creado id=970 cliente=cliente-3 prioridad=alta
[2026-04-13 18:37:25,345] INFO - Ticket creado id=971 cliente=cliente-1 prioridad=alta
[2026-04-13 18:37:25,370] INFO - Pantalla publica consultada: total=482 altas=2 medias=158 bajas=322
[2026-04-13 18:37:25,386] INFO - Ticket creado id=972 cliente=cliente-3 prioridad=alta
[2026-04-13 18:37:25,388] INFO - Pantalla publica consultada: total=483 altas=3 medias=158 bajas=322
[2026-04-13 18:37:25,418] INFO - desk-2 atendio ticket id=970 prioridad=alta cliente=cliente-3
[2026-04-13 18:37:25,435] INFO - desk-3 atendio ticket id=971 prioridad=alta cliente=cliente-1
[2026-04-13 18:37:25,441] INFO - Ticket creado id=973 cliente=cliente-1 prioridad=media
[2026-04-13 18:37:25,466] INFO - Ticket creado id=974 cliente=cliente-2 prioridad=media
[2026-04-13 18:37:25,478] INFO - Pantalla publica consultada: total=483 altas=1 medias=160 bajas=322
[2026-04-13 18:37:25,488] INFO - desk-1 atendio ticket id=972 prioridad=alta cliente=cliente-3
[2026-04-13 18:37:25,509] INFO - Pantalla publica consultada: total=482 altas=0 medias=160 bajas=322
[2026-04-13 18:37:25,520] INFO - Pantalla publica consultada: total=482 altas=0 medias=160 bajas=322
[2026-04-13 18:37:25,536] INFO - Ticket creado id=975 cliente=cliente-1 prioridad=alta
[2026-04-13 18:37:25,557] INFO - desk-2 atendio ticket id=975 prioridad=alta cliente=cliente-1
[2026-04-13 18:37:25,563] INFO - Pantalla publica consultada: total=482 altas=0 medias=160 bajas=322
[2026-04-13 18:37:25,583] INFO - Ticket creado id=976 cliente=cliente-1 prioridad=baja
[2026-04-13 18:37:25,601] INFO - Pantalla publica consultada: total=483 altas=0 medias=160 bajas=323
[2026-04-13 18:37:25,611] INFO - Ticket creado id=977 cliente=cliente-3 prioridad=alta
[2026-04-13 18:37:25,631] INFO - desk-1 atendio ticket id=977 prioridad=alta cliente=cliente-3
[2026-04-13 18:37:25,648] INFO - Ticket creado id=978 cliente=cliente-2 prioridad=media
[2026-04-13 18:37:25,653] INFO - Pantalla publica consultada: total=484 altas=0 medias=161 bajas=323
[2026-04-13 18:37:25,674] INFO - Pantalla publica consultada: total=484 altas=0 medias=161 bajas=323
[2026-04-13 18:37:25,697] INFO - Ticket creado id=979 cliente=cliente-2 prioridad=baja
[2026-04-13 18:37:25,703] INFO - Ticket creado id=980 cliente=cliente-3 prioridad=baja
[2026-04-13 18:37:25,722] INFO - Ticket creado id=981 cliente=cliente-1 prioridad=media
[2026-04-13 18:37:25,744] INFO - Ticket creado id=982 cliente=cliente-2 prioridad=media
[2026-04-13 18:37:25,750] INFO - Ticket creado id=983 cliente=cliente-3 prioridad=baja
[2026-04-13 18:37:25,769] INFO - Ticket creado id=984 cliente=cliente-1 prioridad=media
[2026-04-13 18:37:25,793] INFO - desk-2 atendio ticket id=488 prioridad=media cliente=cliente-1
[2026-04-13 18:37:25,800] INFO - desk-3 atendio ticket id=490 prioridad=media cliente=cliente-2
[2026-04-13 18:37:25,818] INFO - desk-1 atendio ticket id=494 prioridad=media cliente=cliente-2
[2026-04-13 18:37:25,841] INFO - desk-2 atendio ticket id=497 prioridad=media cliente=cliente-3
[2026-04-13 18:37:25,848] INFO - Ticket creado id=985 cliente=cliente-3 prioridad=media
[2026-04-13 18:37:25,860] INFO - Pantalla publica consultada: total=487 altas=0 medias=161 bajas=326
[2026-04-13 18:37:25,889] INFO - Ticket creado id=986 cliente=cliente-2 prioridad=baja
[2026-04-13 18:37:25,896] INFO - desk-3 atendio ticket id=498 prioridad=media cliente=cliente-2
[2026-04-13 18:37:25,903] INFO - Pantalla publica consultada: total=487 altas=0 medias=160 bajas=327
[2026-04-13 18:37:25,938] INFO - Ticket creado id=987 cliente=cliente-2 prioridad=alta
[2026-04-13 18:37:25,944] INFO - Ticket creado id=988 cliente=cliente-3 prioridad=alta
[2026-04-13 18:37:25,951] INFO - Ticket creado id=989 cliente=cliente-1 prioridad=media
[2026-04-13 18:37:25,985] INFO - Ticket creado id=990 cliente=cliente-2 prioridad=alta
[2026-04-13 18:37:25,992] INFO - Ticket creado id=991 cliente=cliente-3 prioridad=alta
[2026-04-13 18:37:25,998] INFO - desk-1 atendio ticket id=987 prioridad=alta cliente=cliente-2
[2026-04-13 18:37:26,028] INFO - Pantalla publica consultada: total=491 altas=3 medias=161 bajas=327
[2026-04-13 18:37:26,039] INFO - Ticket creado id=992 cliente=cliente-3 prioridad=media
[2026-04-13 18:37:26,041] INFO - Pantalla publica consultada: total=492 altas=3 medias=162 bajas=327
[2026-04-13 18:37:26,075] INFO - desk-2 atendio ticket id=988 prioridad=alta cliente=cliente-3
[2026-04-13 18:37:26,086] INFO - Ticket creado id=993 cliente=cliente-3 prioridad=alta
[2026-04-13 18:37:26,091] INFO - desk-1 atendio ticket id=990 prioridad=alta cliente=cliente-2
[2026-04-13 18:37:26,122] INFO - desk-2 atendio ticket id=991 prioridad=alta cliente=cliente-3
[2026-04-13 18:37:26,133] INFO - desk-3 atendio ticket id=993 prioridad=alta cliente=cliente-3
[2026-04-13 18:37:26,140] INFO - Ticket creado id=994 cliente=cliente-1 prioridad=media
[2026-04-13 18:37:26,169] INFO - Ticket creado id=995 cliente=cliente-2 prioridad=baja
[2026-04-13 18:37:26,183] INFO - Ticket creado id=996 cliente=cliente-3 prioridad=media
[2026-04-13 18:37:26,189] INFO - desk-1 atendio ticket id=503 prioridad=media cliente=cliente-3
[2026-04-13 18:37:26,217] INFO - Ticket creado id=997 cliente=cliente-2 prioridad=baja
[2026-04-13 18:37:26,231] INFO - Ticket creado id=998 cliente=cliente-3 prioridad=baja
[2026-04-13 18:37:26,238] INFO - Ticket creado id=999 cliente=cliente-1 prioridad=media
[2026-04-13 18:37:26,264] INFO - desk-2 atendio ticket id=504 prioridad=media cliente=cliente-1
[2026-04-13 18:37:26,278] INFO - Ticket creado id=1000 cliente=cliente-3 prioridad=alta
[2026-04-13 18:37:26,286] INFO - desk-1 atendio ticket id=1000 prioridad=alta cliente=cliente-3
[2026-04-13 18:37:26,312] INFO - Ticket creado id=1001 cliente=cliente-2 prioridad=baja
[2026-04-13 18:37:26,326] INFO - desk-3 atendio ticket id=506 prioridad=media cliente=cliente-2
[2026-04-13 18:37:26,328] INFO - Pantalla publica consultada: total=493 altas=0 medias=162 bajas=331
[2026-04-13 18:37:26,360] INFO - Ticket creado id=1002 cliente=cliente-2 prioridad=media
[2026-04-13 18:37:26,375] INFO - Ticket creado id=1003 cliente=cliente-3 prioridad=baja
[2026-04-13 18:37:26,382] INFO - Ticket creado id=1004 cliente=cliente-1 prioridad=baja
[2026-04-13 18:37:26,408] INFO - Ticket creado id=1005 cliente=cliente-2 prioridad=media
[2026-04-13 18:37:26,424] INFO - desk-3 atendio ticket id=511 prioridad=media cliente=cliente-3
[2026-04-13 18:37:26,430] INFO - desk-1 atendio ticket id=512 prioridad=media cliente=cliente-2
[2026-04-13 18:37:26,450] INFO - Pantalla publica consultada: total=495 altas=0 medias=162 bajas=333
[2026-04-13 18:37:26,472] INFO - Ticket creado id=1006 cliente=cliente-3 prioridad=alta
[2026-04-13 18:37:26,478] INFO - desk-1 atendio ticket id=1006 prioridad=alta cliente=cliente-3
[2026-04-13 18:37:26,498] INFO - Ticket creado id=1007 cliente=cliente-2 prioridad=alta
[2026-04-13 18:37:26,516] INFO - Pantalla publica consultada: total=496 altas=1 medias=162 bajas=333
[2026-04-13 18:37:26,526] INFO - Ticket creado id=1008 cliente=cliente-1 prioridad=media
[2026-04-13 18:37:26,541] INFO - Pantalla publica consultada: total=497 altas=1 medias=163 bajas=333
[2026-04-13 18:37:26,563] INFO - Ticket creado id=1009 cliente=cliente-3 prioridad=baja
[2026-04-13 18:37:26,568] INFO - Pantalla publica consultada: total=498 altas=1 medias=163 bajas=334
[2026-04-13 18:37:26,589] INFO - Ticket creado id=1010 cliente=cliente-2 prioridad=baja
[2026-04-13 18:37:26,606] INFO - Pantalla publica consultada: total=499 altas=1 medias=163 bajas=335
[2026-04-13 18:37:26,616] INFO - desk-1 atendio ticket id=1007 prioridad=alta cliente=cliente-2
[2026-04-13 18:37:26,638] INFO - Ticket creado id=1011 cliente=cliente-2 prioridad=media
[2026-04-13 18:37:26,653] INFO - Ticket creado id=1012 cliente=cliente-3 prioridad=baja
[2026-04-13 18:37:26,658] INFO - Pantalla publica consultada: total=500 altas=0 medias=164 bajas=336
[2026-04-13 18:37:26,685] INFO - Ticket creado id=1013 cliente=cliente-2 prioridad=media
[2026-04-13 18:37:26,702] INFO - Ticket creado id=1014 cliente=cliente-3 prioridad=media
[2026-04-13 18:37:26,703] INFO - Pantalla publica consultada: total=502 altas=0 medias=166 bajas=336
[2026-04-13 18:37:26,732] INFO - desk-2 atendio ticket id=516 prioridad=media cliente=cliente-1
[2026-04-13 18:37:26,749] INFO - desk-3 atendio ticket id=518 prioridad=media cliente=cliente-1
[2026-04-13 18:37:26,751] INFO - Pantalla publica consultada: total=500 altas=0 medias=164 bajas=336
[2026-04-13 18:37:26,775] INFO - Pantalla publica consultada: total=500 altas=0 medias=164 bajas=336
[2026-04-13 18:37:26,798] INFO - Ticket creado id=1015 cliente=cliente-3 prioridad=baja
[2026-04-13 18:37:26,803] INFO - desk-1 atendio ticket id=521 prioridad=media cliente=cliente-2
[2026-04-13 18:37:26,823] INFO - Ticket creado id=1016 cliente=cliente-2 prioridad=media
[2026-04-13 18:37:26,847] INFO - desk-3 atendio ticket id=527 prioridad=media cliente=cliente-3
[2026-04-13 18:37:26,848] INFO - Pantalla publica consultada: total=500 altas=0 medias=163 bajas=337
[2026-04-13 18:37:26,871] INFO - desk-2 atendio ticket id=528 prioridad=media cliente=cliente-2
[2026-04-13 18:37:26,896] INFO - Ticket creado id=1017 cliente=cliente-3 prioridad=baja
[2026-04-13 18:37:26,903] INFO - Ticket creado id=1018 cliente=cliente-1 prioridad=media
[2026-04-13 18:37:26,919] INFO - desk-2 atendio ticket id=529 prioridad=media cliente=cliente-3
[2026-04-13 18:37:26,940] INFO - Pantalla publica consultada: total=500 altas=0 medias=162 bajas=338
[2026-04-13 18:37:26,952] INFO - desk-1 atendio ticket id=532 prioridad=media cliente=cliente-2
[2026-04-13 18:37:26,968] INFO - Ticket creado id=1019 cliente=cliente-2 prioridad=media
[2026-04-13 18:37:26,988] INFO - desk-3 atendio ticket id=535 prioridad=media cliente=cliente-2
[2026-04-13 18:37:26,995] INFO - Pantalla publica consultada: total=499 altas=0 medias=161 bajas=338
[2026-04-13 18:37:27,012] INFO - Pantalla publica consultada: total=499 altas=0 medias=161 bajas=338
[2026-04-13 18:37:27,030] INFO - Pantalla publica consultada: total=499 altas=0 medias=161 bajas=338
[2026-04-13 18:37:27,042] INFO - desk-1 atendio ticket id=536 prioridad=media cliente=cliente-3
[2026-04-13 18:37:27,059] INFO - Ticket creado id=1020 cliente=cliente-2 prioridad=media
[2026-04-13 18:37:27,078] INFO - Ticket creado id=1021 cliente=cliente-3 prioridad=alta
[2026-04-13 18:37:27,089] INFO - Ticket creado id=1022 cliente=cliente-1 prioridad=media
[2026-04-13 18:37:27,107] INFO - Ticket creado id=1023 cliente=cliente-2 prioridad=media
[2026-04-13 18:37:27,128] INFO - desk-3 atendio ticket id=1021 prioridad=alta cliente=cliente-3
[2026-04-13 18:37:27,138] INFO - Ticket creado id=1024 cliente=cliente-1 prioridad=alta
[2026-04-13 18:37:27,149] INFO - Pantalla publica consultada: total=502 altas=1 medias=163 bajas=338
[2026-04-13 18:37:27,175] INFO - Ticket creado id=1025 cliente=cliente-3 prioridad=alta
[2026-04-13 18:37:27,186] INFO - Ticket creado id=1026 cliente=cliente-1 prioridad=alta
[2026-04-13 18:37:27,197] INFO - desk-2 atendio ticket id=1024 prioridad=alta cliente=cliente-1
[2026-04-13 18:37:27,218] INFO - Pantalla publica consultada: total=503 altas=2 medias=163 bajas=338
[2026-04-13 18:37:27,230] INFO - Pantalla publica consultada: total=503 altas=2 medias=163 bajas=338
[2026-04-13 18:37:27,249] INFO - Ticket creado id=1027 cliente=cliente-2 prioridad=alta
[2026-04-13 18:37:27,268] INFO - Ticket creado id=1028 cliente=cliente-3 prioridad=alta
[2026-04-13 18:37:27,274] INFO - Pantalla publica consultada: total=505 altas=4 medias=163 bajas=338
[2026-04-13 18:37:27,297] INFO - desk-2 atendio ticket id=1025 prioridad=alta cliente=cliente-3
[2026-04-13 18:37:27,312] INFO - Pantalla publica consultada: total=504 altas=3 medias=163 bajas=338
[2026-04-13 18:37:27,323] INFO - desk-1 atendio ticket id=1026 prioridad=alta cliente=cliente-1
[2026-04-13 18:37:27,345] INFO - Ticket creado id=1029 cliente=cliente-2 prioridad=baja
[2026-04-13 18:37:27,360] INFO - Ticket creado id=1030 cliente=cliente-3 prioridad=baja
[2026-04-13 18:37:27,366] INFO - Pantalla publica consultada: total=505 altas=2 medias=163 bajas=340
[2026-04-13 18:37:27,394] INFO - Ticket creado id=1031 cliente=cliente-2 prioridad=alta
[2026-04-13 18:37:27,408] INFO - desk-3 atendio ticket id=1027 prioridad=alta cliente=cliente-2
[2026-04-13 18:37:27,417] INFO - Ticket creado id=1032 cliente=cliente-1 prioridad=media
[2026-04-13 18:37:27,442] INFO - Ticket creado id=1033 cliente=cliente-2 prioridad=baja
[2026-04-13 18:37:27,456] INFO - Ticket creado id=1034 cliente=cliente-3 prioridad=baja
[2026-04-13 18:37:27,464] INFO - desk-1 atendio ticket id=1028 prioridad=alta cliente=cliente-3
[2026-04-13 18:37:27,491] INFO - Ticket creado id=1035 cliente=cliente-2 prioridad=baja
[2026-04-13 18:37:27,499] INFO - Pantalla publica consultada: total=508 altas=1 medias=164 bajas=343
[2026-04-13 18:37:27,507] INFO - Pantalla publica consultada: total=508 altas=1 medias=164 bajas=343
[2026-04-13 18:37:27,539] INFO - desk-2 atendio ticket id=1031 prioridad=alta cliente=cliente-2
[2026-04-13 18:37:27,547] INFO - desk-3 atendio ticket id=539 prioridad=media cliente=cliente-1
[2026-04-13 18:37:27,556] INFO - Ticket creado id=1036 cliente=cliente-1 prioridad=media
[2026-04-13 18:37:27,587] INFO - desk-2 atendio ticket id=544 prioridad=media cliente=cliente-2
[2026-04-13 18:37:27,595] INFO - Ticket creado id=1037 cliente=cliente-3 prioridad=alta
[2026-04-13 18:37:27,599] INFO - Pantalla publica consultada: total=507 altas=1 medias=163 bajas=343
[2026-04-13 18:37:27,630] INFO - Pantalla publica consultada: total=507 altas=1 medias=163 bajas=343
[2026-04-13 18:37:27,644] INFO - Ticket creado id=1038 cliente=cliente-3 prioridad=baja
[2026-04-13 18:37:27,652] INFO - Ticket creado id=1039 cliente=cliente-1 prioridad=media
[2026-04-13 18:37:27,681] INFO - Ticket creado id=1040 cliente=cliente-2 prioridad=baja
[2026-04-13 18:37:27,689] INFO - Pantalla publica consultada: total=510 altas=1 medias=164 bajas=345
[2026-04-13 18:37:27,701] INFO - Ticket creado id=1041 cliente=cliente-1 prioridad=baja
[2026-04-13 18:37:27,730] INFO - Ticket creado id=1042 cliente=cliente-2 prioridad=alta
[2026-04-13 18:37:27,738] INFO - Ticket creado id=1043 cliente=cliente-3 prioridad=media
[2026-04-13 18:37:27,749] INFO - desk-1 atendio ticket id=1037 prioridad=alta cliente=cliente-3
[2026-04-13 18:37:27,773] INFO - Pantalla publica consultada: total=512 altas=1 medias=165 bajas=346
[2026-04-13 18:37:27,786] INFO - Ticket creado id=1044 cliente=cliente-3 prioridad=alta
[2026-04-13 18:37:27,792] INFO - Pantalla publica consultada: total=513 altas=2 medias=165 bajas=346
[2026-04-13 18:37:27,821] INFO - desk-2 atendio ticket id=1042 prioridad=alta cliente=cliente-2
[2026-04-13 18:37:27,829] INFO - Pantalla publica consultada: total=512 altas=1 medias=165 bajas=346
[2026-04-13 18:37:27,834] INFO - Pantalla publica consultada: total=512 altas=1 medias=165 bajas=346
[2026-04-13 18:37:27,873] INFO - Ticket creado id=1045 cliente=cliente-2 prioridad=alta
[2026-04-13 18:37:27,875] INFO - Pantalla publica consultada: total=513 altas=2 medias=165 bajas=346
[2026-04-13 18:37:27,878] INFO - Pantalla publica consultada: total=513 altas=2 medias=165 bajas=346
[2026-04-13 18:37:27,923] INFO - Ticket creado id=1046 cliente=cliente-2 prioridad=alta
[2026-04-13 18:37:27,930] INFO - Ticket creado id=1047 cliente=cliente-3 prioridad=media
[2026-04-13 18:37:27,936] INFO - desk-1 atendio ticket id=1044 prioridad=alta cliente=cliente-3
[2026-04-13 18:37:27,971] INFO - desk-2 atendio ticket id=1045 prioridad=alta cliente=cliente-2
[2026-04-13 18:37:27,973] INFO - Pantalla publica consultada: total=512 altas=1 medias=165 bajas=346
[2026-04-13 18:37:27,980] INFO - Pantalla publica consultada: total=512 altas=1 medias=165 bajas=346
[2026-04-13 18:37:28,021] INFO - Ticket creado id=1047 cliente=cliente-2 prioridad=media
[2026-04-13 18:37:28,027] INFO - desk-3 atendio ticket id=1046 prioridad=alta cliente=cliente-2
[2026-04-13 18:37:28,034] INFO - Ticket creado id=1048 cliente=cliente-1 prioridad=alta
[2026-04-13 18:37:28,069] INFO - desk-2 atendio ticket id=1048 prioridad=alta cliente=cliente-1
[2026-04-13 18:37:28,070] INFO - Pantalla publica consultada: total=512 altas=0 medias=166 bajas=346
[2026-04-13 18:37:28,076] INFO - Pantalla publica consultada: total=512 altas=0 medias=166 bajas=346
[2026-04-13 18:37:28,122] INFO - Ticket creado id=1049 cliente=cliente-2 prioridad=baja
[2026-04-13 18:37:28,129] INFO - Ticket creado id=1050 cliente=cliente-1 prioridad=baja
[2026-04-13 18:37:28,135] INFO - desk-3 atendio ticket id=547 prioridad=media cliente=cliente-1
[2026-04-13 18:37:28,170] INFO - Ticket creado id=1050 cliente=cliente-2 prioridad=baja
[2026-04-13 18:37:28,176] INFO - desk-1 atendio ticket id=550 prioridad=media cliente=cliente-3
[2026-04-13 18:37:28,178] INFO - Pantalla publica consultada: total=512 altas=0 medias=164 bajas=348
[2026-04-13 18:37:28,213] INFO - Pantalla publica consultada: total=512 altas=0 medias=164 bajas=348
[2026-04-13 18:37:28,226] INFO - desk-1 atendio ticket id=551 prioridad=media cliente=cliente-2
[2026-04-13 18:37:28,233] INFO - Ticket creado id=1051 cliente=cliente-3 prioridad=alta
[2026-04-13 18:37:28,256] INFO - Pantalla publica consultada: total=512 altas=1 medias=163 bajas=348
[2026-04-13 18:37:28,274] INFO - Ticket creado id=1052 cliente=cliente-1 prioridad=baja
[2026-04-13 18:37:28,281] INFO - Ticket creado id=1053 cliente=cliente-3 prioridad=alta
[2026-04-13 18:37:28,304] INFO - Ticket creado id=1054 cliente=cliente-2 prioridad=alta
[2026-04-13 18:37:28,323] INFO - Ticket creado id=1055 cliente=cliente-1 prioridad=baja
[2026-04-13 18:37:28,329] INFO - Ticket creado id=1056 cliente=cliente-3 prioridad=media
[2026-04-13 18:37:28,353] INFO - desk-2 atendio ticket id=1051 prioridad=alta cliente=cliente-3
[2026-04-13 18:37:28,370] INFO - Ticket creado id=1057 cliente=cliente-1 prioridad=media
[2026-04-13 18:37:28,377] INFO - Ticket creado id=1058 cliente=cliente-3 prioridad=alta
[2026-04-13 18:37:28,402] INFO - desk-2 atendio ticket id=1053 prioridad=alta cliente=cliente-3
[2026-04-13 18:37:28,418] INFO - Ticket creado id=1059 cliente=cliente-1 prioridad=alta
[2026-04-13 18:37:28,426] INFO - Ticket creado id=1060 cliente=cliente-3 prioridad=media
[2026-04-13 18:37:28,449] INFO - Ticket creado id=1061 cliente=cliente-2 prioridad=baja
[2026-04-13 18:37:28,467] INFO - Ticket creado id=1062 cliente=cliente-1 prioridad=baja
[2026-04-13 18:37:28,474] INFO - Ticket creado id=1063 cliente=cliente-3 prioridad=media
[2026-04-13 18:37:28,498] INFO - Ticket creado id=1064 cliente=cliente-2 prioridad=alta
[2026-04-13 18:37:28,515] INFO - Ticket creado id=1065 cliente=cliente-1 prioridad=baja
[2026-04-13 18:37:28,517] INFO - Pantalla publica consultada: total=524 altas=4 medias=167 bajas=353
[2026-04-13 18:37:28,546] INFO - Ticket creado id=1066 cliente=cliente-2 prioridad=alta
[2026-04-13 18:37:28,564] INFO - Ticket creado id=1067 cliente=cliente-1 prioridad=media
[2026-04-13 18:37:28,570] INFO - Ticket creado id=1068 cliente=cliente-3 prioridad=baja
[2026-04-13 18:37:28,595] INFO - desk-2 atendio ticket id=1054 prioridad=alta cliente=cliente-2
[2026-04-13 18:37:28,611] INFO - Ticket creado id=1069 cliente=cliente-1 prioridad=baja
[2026-04-13 18:37:28,617] INFO - desk-3 atendio ticket id=1058 prioridad=alta cliente=cliente-3
[2026-04-13 18:37:28,643] INFO - desk-2 atendio ticket id=1059 prioridad=alta cliente=cliente-1
[2026-04-13 18:37:28,654] INFO - Pantalla publica consultada: total=525 altas=2 medias=168 bajas=355
[2026-04-13 18:37:28,660] INFO - Pantalla publica consultada: total=525 altas=2 medias=168 bajas=355
[2026-04-13 18:37:28,690] INFO - Ticket creado id=1070 cliente=cliente-2 prioridad=alta
[2026-04-13 18:37:28,697] INFO - Pantalla publica consultada: total=526 altas=3 medias=168 bajas=355
[2026-04-13 18:37:28,709] INFO - Ticket creado id=1071 cliente=cliente-3 prioridad=media
[2026-04-13 18:37:28,738] INFO - desk-2 atendio ticket id=1064 prioridad=alta cliente=cliente-2
[2026-04-13 18:37:28,740] INFO - Pantalla publica consultada: total=526 altas=2 medias=169 bajas=355
[2026-04-13 18:37:28,757] INFO - Ticket creado id=1072 cliente=cliente-3 prioridad=alta
[2026-04-13 18:37:28,788] INFO - Ticket creado id=1073 cliente=cliente-2 prioridad=media
[2026-04-13 18:37:28,796] INFO - Ticket creado id=1074 cliente=cliente-1 prioridad=alta
[2026-04-13 18:37:28,804] INFO - Ticket creado id=1075 cliente=cliente-3 prioridad=baja
[2026-04-13 18:37:28,837] INFO - Ticket creado id=1076 cliente=cliente-2 prioridad=alta
[2026-04-13 18:37:28,844] INFO - Ticket creado id=1077 cliente=cliente-1 prioridad=alta
[2026-04-13 18:37:28,852] INFO - desk-3 atendio ticket id=1066 prioridad=alta cliente=cliente-2
[2026-04-13 18:37:28,885] INFO - Ticket creado id=1078 cliente=cliente-2 prioridad=baja
[2026-04-13 18:37:28,892] INFO - Ticket creado id=1079 cliente=cliente-1 prioridad=alta
[2026-04-13 18:37:28,899] INFO - Ticket creado id=1080 cliente=cliente-3 prioridad=baja
[2026-04-13 18:37:28,933] INFO - Ticket creado id=1081 cliente=cliente-2 prioridad=media
[2026-04-13 18:37:28,940] INFO - Ticket creado id=1082 cliente=cliente-1 prioridad=alta
[2026-04-13 18:37:28,947] INFO - Ticket creado id=1083 cliente=cliente-3 prioridad=media
[2026-04-13 18:37:28,976] INFO - Pantalla publica consultada: total=537 altas=7 medias=172 bajas=358
[2026-04-13 18:37:28,988] INFO - desk-1 atendio ticket id=1070 prioridad=alta cliente=cliente-2
[2026-04-13 18:37:28,995] INFO - Ticket creado id=1084 cliente=cliente-3 prioridad=baja
[2026-04-13 18:37:29,018] INFO - Pantalla publica consultada: total=537 altas=6 medias=172 bajas=359
[2026-04-13 18:37:29,035] INFO - Ticket creado id=1085 cliente=cliente-1 prioridad=alta
[2026-04-13 18:37:29,042] INFO - desk-3 atendio ticket id=1072 prioridad=alta cliente=cliente-3
[2026-04-13 18:37:29,066] INFO - Ticket creado id=1086 cliente=cliente-2 prioridad=baja
[2026-04-13 18:37:29,082] INFO - Ticket creado id=1087 cliente=cliente-1 prioridad=baja
[2026-04-13 18:37:29,085] INFO - Pantalla publica consultada: total=539 altas=6 medias=172 bajas=361
[2026-04-13 18:37:29,114] INFO - desk-2 atendio ticket id=1074 prioridad=alta cliente=cliente-1
[2026-04-13 18:37:29,130] INFO - Ticket creado id=1088 cliente=cliente-1 prioridad=media
[2026-04-13 18:37:29,132] INFO - Pantalla publica consultada: total=539 altas=5 medias=173 bajas=361
[2026-04-13 18:37:29,161] INFO - desk-2 atendio ticket id=1076 prioridad=alta cliente=cliente-2
[2026-04-13 18:37:29,173] INFO - Pantalla publica consultada: total=538 altas=4 medias=173 bajas=361
[2026-04-13 18:37:29,181] INFO - Ticket creado id=1089 cliente=cliente-3 prioridad=baja
[2026-04-13 18:37:29,208] INFO - desk-2 atendio ticket id=1077 prioridad=alta cliente=cliente-1
[2026-04-13 18:37:29,222] INFO - Ticket creado id=1090 cliente=cliente-1 prioridad=alta
[2026-04-13 18:37:29,224] INFO - Pantalla publica consultada: total=539 altas=4 medias=173 bajas=362
[2026-04-13 18:37:29,251] INFO - Pantalla publica consultada: total=539 altas=4 medias=173 bajas=362
[2026-04-13 18:37:29,272] INFO - Ticket creado id=1091 cliente=cliente-1 prioridad=media
[2026-04-13 18:37:29,280] INFO - Ticket creado id=1092 cliente=cliente-3 prioridad=baja
[2026-04-13 18:37:29,299] INFO - Ticket creado id=1093 cliente=cliente-2 prioridad=media
[2026-04-13 18:37:29,321] INFO - Ticket creado id=1094 cliente=cliente-1 prioridad=media
[2026-04-13 18:37:29,327] INFO - desk-3 atendio ticket id=1079 prioridad=alta cliente=cliente-1
[2026-04-13 18:37:29,341] INFO - Pantalla publica consultada: total=542 altas=3 medias=176 bajas=363
[2026-04-13 18:37:29,368] INFO - Ticket creado id=1095 cliente=cliente-1 prioridad=baja
[2026-04-13 18:37:29,375] INFO - desk-3 atendio ticket id=1082 prioridad=alta cliente=cliente-1
[2026-04-13 18:37:29,389] INFO - desk-2 atendio ticket id=1085 prioridad=alta cliente=cliente-1
[2026-04-13 18:37:29,416] INFO - Ticket creado id=1096 cliente=cliente-1 prioridad=baja
[2026-04-13 18:37:29,418] INFO - Pantalla publica consultada: total=542 altas=1 medias=176 bajas=365
[2026-04-13 18:37:29,438] INFO - Ticket creado id=1097 cliente=cliente-2 prioridad=media
[2026-04-13 18:37:29,459] INFO - Pantalla publica consultada: total=543 altas=1 medias=177 bajas=365
[2026-04-13 18:37:29,470] INFO - Ticket creado id=1098 cliente=cliente-3 prioridad=alta
[2026-04-13 18:37:29,482] INFO - Pantalla publica consultada: total=544 altas=2 medias=177 bajas=365
[2026-04-13 18:37:29,510] INFO - desk-1 atendio ticket id=1090 prioridad=alta cliente=cliente-1
[2026-04-13 18:37:29,519] INFO - desk-3 atendio ticket id=1098 prioridad=alta cliente=cliente-3
[2026-04-13 18:37:29,530] INFO - desk-2 atendio ticket id=553 prioridad=media cliente=cliente-2
[2026-04-13 18:37:29,560] INFO - desk-1 atendio ticket id=557 prioridad=media cliente=cliente-1
[2026-04-13 18:37:29,567] INFO - Ticket creado id=1099 cliente=cliente-3 prioridad=alta
[2026-04-13 18:37:29,578] INFO - Ticket creado id=1100 cliente=cliente-2 prioridad=alta
[2026-04-13 18:37:29,610] INFO - desk-1 atendio ticket id=1099 prioridad=alta cliente=cliente-3
[2026-04-13 18:37:29,617] INFO - desk-3 atendio ticket id=1100 prioridad=alta cliente=cliente-2
[2026-04-13 18:37:29,627] INFO - Ticket creado id=1101 cliente=cliente-2 prioridad=alta
[2026-04-13 18:37:29,654] INFO - Pantalla publica consultada: total=541 altas=1 medias=175 bajas=365
[2026-04-13 18:37:29,665] INFO - Ticket creado id=1102 cliente=cliente-3 prioridad=media
[2026-04-13 18:37:29,676] INFO - Ticket creado id=1103 cliente=cliente-2 prioridad=baja
[2026-04-13 18:37:29,698] INFO - Pantalla publica consultada: total=543 altas=1 medias=176 bajas=366
[2026-04-13 18:37:29,713] INFO - desk-3 atendio ticket id=1101 prioridad=alta cliente=cliente-2
[2026-04-13 18:37:29,719] INFO - Pantalla publica consultada: total=542 altas=0 medias=176 bajas=366
[2026-04-13 18:37:29,740] INFO - Pantalla publica consultada: total=542 altas=0 medias=176 bajas=366
[2026-04-13 18:37:29,762] INFO - Ticket creado id=1104 cliente=cliente-3 prioridad=media
[2026-04-13 18:37:29,763] INFO - Pantalla publica consultada: total=543 altas=0 medias=177 bajas=366
[2026-04-13 18:37:29,789] INFO - desk-1 atendio ticket id=558 prioridad=media cliente=cliente-2
[2026-04-13 18:37:29,812] INFO - Ticket creado id=1105 cliente=cliente-2 prioridad=alta
[2026-04-13 18:37:29,818] INFO - Ticket creado id=1106 cliente=cliente-3 prioridad=media
[2026-04-13 18:37:29,838] INFO - Ticket creado id=1107 cliente=cliente-1 prioridad=alta
[2026-04-13 18:37:29,855] INFO - Pantalla publica consultada: total=545 altas=2 medias=177 bajas=366
[2026-04-13 18:37:29,868] INFO - Ticket creado id=1108 cliente=cliente-3 prioridad=baja
[2026-04-13 18:37:29,886] INFO - Ticket creado id=1109 cliente=cliente-1 prioridad=media
[2026-04-13 18:37:29,904] INFO - desk-2 atendio ticket id=1105 prioridad=alta cliente=cliente-2
[2026-04-13 18:37:29,911] INFO - Pantalla publica consultada: total=546 altas=1 medias=178 bajas=367
[2026-04-13 18:37:29,935] INFO - desk-1 atendio ticket id=1107 prioridad=alta cliente=cliente-1
[2026-04-13 18:37:29,947] INFO - Pantalla publica consultada: total=545 altas=0 medias=178 bajas=367
[2026-04-13 18:37:29,960] INFO - desk-3 atendio ticket id=559 prioridad=media cliente=cliente-3
[2026-04-13 18:37:29,983] INFO - Ticket creado id=1110 cliente=cliente-1 prioridad=alta
[2026-04-13 18:37:29,995] INFO - desk-2 atendio ticket id=1110 prioridad=alta cliente=cliente-1
[2026-04-13 18:37:30,009] INFO - desk-3 atendio ticket id=562 prioridad=media cliente=cliente-1
[2026-04-13 18:37:30,027] INFO - Pantalla publica consultada: total=543 altas=0 medias=176 bajas=367
[2026-04-13 18:37:30,045] INFO - desk-2 atendio ticket id=563 prioridad=media cliente=cliente-3
[2026-04-13 18:37:30,054] INFO - Pantalla publica consultada: total=542 altas=0 medias=175 bajas=367
[2026-04-13 18:37:30,071] INFO - Pantalla publica consultada: total=542 altas=0 medias=175 bajas=367
[2026-04-13 18:37:30,097] INFO - Ticket creado id=1111 cliente=cliente-2 prioridad=media
[2026-04-13 18:37:30,104] INFO - Ticket creado id=1112 cliente=cliente-3 prioridad=alta
[2026-04-13 18:37:30,115] INFO - Pantalla publica consultada: total=544 altas=1 medias=176 bajas=367
[2026-04-13 18:37:30,147] INFO - desk-2 atendio ticket id=1112 prioridad=alta cliente=cliente-3
[2026-04-13 18:37:30,154] INFO - desk-3 atendio ticket id=573 prioridad=media cliente=cliente-1
[2026-04-13 18:37:30,163] INFO - Ticket creado id=1113 cliente=cliente-1 prioridad=media
[2026-04-13 18:37:30,197] INFO - desk-2 atendio ticket id=575 prioridad=media cliente=cliente-2
[2026-04-13 18:37:30,204] INFO - Ticket creado id=1114 cliente=cliente-3 prioridad=alta
[2026-04-13 18:37:30,207] INFO - Pantalla publica consultada: total=543 altas=1 medias=175 bajas=367
[2026-04-13 18:37:30,246] INFO - Ticket creado id=1115 cliente=cliente-2 prioridad=media
[2026-04-13 18:37:30,254] INFO - Ticket creado id=1116 cliente=cliente-3 prioridad=media
[2026-04-13 18:37:30,261] INFO - Ticket creado id=1117 cliente=cliente-1 prioridad=alta
[2026-04-13 18:37:30,294] INFO - desk-2 atendio ticket id=1114 prioridad=alta cliente=cliente-3
[2026-04-13 18:37:30,296] INFO - Pantalla publica consultada: total=545 altas=1 medias=177 bajas=367
[2026-04-13 18:37:30,303] INFO - Pantalla publica consultada: total=545 altas=1 medias=177 bajas=367
[2026-04-13 18:37:30,343] INFO - desk-2 atendio ticket id=1117 prioridad=alta cliente=cliente-1
[2026-04-13 18:37:30,351] INFO - Ticket creado id=1118 cliente=cliente-3 prioridad=alta
[2026-04-13 18:37:30,359] INFO - Ticket creado id=1119 cliente=cliente-1 prioridad=media
[2026-04-13 18:37:30,393] INFO - Ticket creado id=1120 cliente=cliente-2 prioridad=media
[2026-04-13 18:37:30,402] INFO - desk-3 atendio ticket id=1118 prioridad=alta cliente=cliente-3
[2026-04-13 18:37:30,403] INFO - Pantalla publica consultada: total=546 altas=0 medias=179 bajas=367
[2026-04-13 18:37:30,442] INFO - Ticket creado id=1121 cliente=cliente-2 prioridad=media
[2026-04-13 18:37:30,451] INFO - desk-3 atendio ticket id=585 prioridad=media cliente=cliente-1
[2026-04-13 18:37:30,460] INFO - Ticket creado id=1122 cliente=cliente-1 prioridad=alta
[2026-04-13 18:37:30,486] INFO - Pantalla publica consultada: total=547 altas=1 medias=179 bajas=367
[2026-04-13 18:37:30,503] INFO - desk-3 atendio ticket id=1122 prioridad=alta cliente=cliente-1
[2026-04-13 18:37:30,505] INFO - Pantalla publica consultada: total=546 altas=0 medias=179 bajas=367
[2026-04-13 18:37:30,536] INFO - Ticket creado id=1123 cliente=cliente-2 prioridad=baja
[2026-04-13 18:37:30,553] INFO - Ticket creado id=1124 cliente=cliente-3 prioridad=alta
[2026-04-13 18:37:30,560] INFO - desk-1 atendio ticket id=1124 prioridad=alta cliente=cliente-3
[2026-04-13 18:37:30,584] INFO - Ticket creado id=1125 cliente=cliente-2 prioridad=media
[2026-04-13 18:37:30,602] INFO - Ticket creado id=1126 cliente=cliente-3 prioridad=baja
[2026-04-13 18:37:30,604] INFO - Pantalla publica consultada: total=549 altas=0 medias=180 bajas=369
[2026-04-13 18:37:30,633] INFO - Ticket creado id=1127 cliente=cliente-2 prioridad=baja
[2026-04-13 18:37:30,652] INFO - Ticket creado id=1128 cliente=cliente-3 prioridad=media
[2026-04-13 18:37:30,659] INFO - desk-1 atendio ticket id=588 prioridad=media cliente=cliente-1
[2026-04-13 18:37:30,682] INFO - Ticket creado id=1129 cliente=cliente-2 prioridad=media
[2026-04-13 18:37:30,702] INFO - Ticket creado id=1130 cliente=cliente-3 prioridad=baja
[2026-04-13 18:37:30,709] INFO - Ticket creado id=1131 cliente=cliente-1 prioridad=baja
[2026-04-13 18:37:30,731] INFO - Ticket creado id=1132 cliente=cliente-2 prioridad=baja
[2026-04-13 18:37:30,745] INFO - Pantalla publica consultada: total=554 altas=0 medias=181 bajas=373
[2026-04-13 18:37:30,754] INFO - Pantalla publica consultada: total=554 altas=0 medias=181 bajas=373
[2026-04-13 18:37:30,775] INFO - Pantalla publica consultada: total=554 altas=0 medias=181 bajas=373
[2026-04-13 18:37:30,795] INFO - Ticket creado id=1133 cliente=cliente-3 prioridad=alta
[2026-04-13 18:37:30,803] INFO - Ticket creado id=1134 cliente=cliente-1 prioridad=media
[2026-04-13 18:37:30,824] INFO - desk-2 atendio ticket id=1133 prioridad=alta cliente=cliente-3
[2026-04-13 18:37:30,843] INFO - Ticket creado id=1135 cliente=cliente-3 prioridad=media
[2026-04-13 18:37:30,852] INFO - desk-1 atendio ticket id=591 prioridad=media cliente=cliente-1
[2026-04-13 18:37:30,873] INFO - Ticket creado id=1136 cliente=cliente-2 prioridad=media
[2026-04-13 18:37:30,893] INFO - Ticket creado id=1137 cliente=cliente-3 prioridad=media
[2026-04-13 18:37:30,900] INFO - Ticket creado id=1138 cliente=cliente-1 prioridad=alta
[2026-04-13 18:37:30,922] INFO - Ticket creado id=1139 cliente=cliente-2 prioridad=baja
[2026-04-13 18:37:30,936] INFO - Pantalla publica consultada: total=559 altas=1 medias=184 bajas=374
[2026-04-13 18:37:30,949] INFO - Ticket creado id=1140 cliente=cliente-1 prioridad=baja
[2026-04-13 18:37:30,972] INFO - desk-2 atendio ticket id=1138 prioridad=alta cliente=cliente-1
[2026-04-13 18:37:30,985] INFO - Ticket creado id=1141 cliente=cliente-3 prioridad=alta
[2026-04-13 18:37:30,993] INFO - Pantalla publica consultada: total=560 altas=1 medias=184 bajas=375
[2026-04-13 18:37:31,022] INFO - Ticket creado id=1142 cliente=cliente-2 prioridad=baja
[2026-04-13 18:37:31,034] INFO - Ticket creado id=1143 cliente=cliente-3 prioridad=baja
[2026-04-13 18:37:31,037] INFO - Pantalla publica consultada: total=562 altas=1 medias=184 bajas=377
[2026-04-13 18:37:31,071] INFO - desk-2 atendio ticket id=1141 prioridad=alta cliente=cliente-3
[2026-04-13 18:37:31,084] INFO - Ticket creado id=1144 cliente=cliente-3 prioridad=baja
[2026-04-13 18:37:31,093] INFO - Ticket creado id=1145 cliente=cliente-1 prioridad=baja
[2026-04-13 18:37:31,120] INFO - Ticket creado id=1146 cliente=cliente-2 prioridad=alta
[2026-04-13 18:37:31,133] INFO - Ticket creado id=1147 cliente=cliente-3 prioridad=media
[2026-04-13 18:37:31,143] INFO - Ticket creado id=1148 cliente=cliente-1 prioridad=alta
[2026-04-13 18:37:31,164] INFO - Pantalla publica consultada: total=566 altas=2 medias=185 bajas=379
[2026-04-13 18:37:31,182] INFO - desk-3 atendio ticket id=1146 prioridad=alta cliente=cliente-2
[2026-04-13 18:37:31,186] INFO - Pantalla publica consultada: total=565 altas=1 medias=185 bajas=379
[2026-04-13 18:37:31,207] INFO - Pantalla publica consultada: total=565 altas=1 medias=185 bajas=379
[2026-04-13 18:37:31,231] INFO - desk-3 atendio ticket id=1148 prioridad=alta cliente=cliente-1
[2026-04-13 18:37:31,238] INFO - desk-1 atendio ticket id=593 prioridad=media cliente=cliente-2
[2026-04-13 18:37:31,255] INFO - Ticket creado id=1149 cliente=cliente-2 prioridad=baja
[2026-04-13 18:37:31,280] INFO - Ticket creado id=1150 cliente=cliente-3 prioridad=alta
[2026-04-13 18:37:31,287] INFO - Ticket creado id=1151 cliente=cliente-1 prioridad=alta
[2026-04-13 18:37:31,304] INFO - Ticket creado id=1152 cliente=cliente-2 prioridad=alta
[2026-04-13 18:37:31,330] INFO - desk-3 atendio ticket id=1150 prioridad=alta cliente=cliente-3
[2026-04-13 18:37:31,337] INFO - Ticket creado id=1153 cliente=cliente-1 prioridad=baja
[2026-04-13 18:37:31,353] INFO - Ticket creado id=1154 cliente=cliente-2 prioridad=baja
[2026-04-13 18:37:31,379] INFO - Ticket creado id=1155 cliente=cliente-3 prioridad=alta
[2026-04-13 18:37:31,387] INFO - Ticket creado id=1156 cliente=cliente-1 prioridad=media
[2026-04-13 18:37:31,397] INFO - Pantalla publica consultada: total=570 altas=3 medias=185 bajas=382
[2026-04-13 18:37:31,422] INFO - Pantalla publica consultada: total=570 altas=3 medias=185 bajas=382
[2026-04-13 18:37:31,436] INFO - Ticket creado id=1157 cliente=cliente-1 prioridad=media
[2026-04-13 18:37:31,440] INFO - Pantalla publica consultada: total=571 altas=3 medias=186 bajas=382
[2026-04-13 18:37:31,471] INFO - desk-3 atendio ticket id=1151 prioridad=alta cliente=cliente-1
[2026-04-13 18:37:31,480] INFO - Pantalla publica consultada: total=570 altas=2 medias=186 bajas=382
[2026-04-13 18:37:31,484] INFO - Pantalla publica consultada: total=570 altas=2 medias=186 bajas=382
[2026-04-13 18:37:31,515] INFO - Pantalla publica consultada: total=570 altas=2 medias=186 bajas=382
[2026-04-13 18:37:31,532] INFO - Ticket creado id=1158 cliente=cliente-1 prioridad=baja
[2026-04-13 18:37:31,540] INFO - Ticket creado id=1159 cliente=cliente-2 prioridad=alta
[2026-04-13 18:37:31,564] INFO - desk-3 atendio ticket id=1152 prioridad=alta cliente=cliente-2
[2026-04-13 18:37:31,582] INFO - Ticket creado id=1160 cliente=cliente-1 prioridad=baja
[2026-04-13 18:37:31,590] INFO - Ticket creado id=1161 cliente=cliente-2 prioridad=baja
[2026-04-13 18:37:31,612] INFO - desk-3 atendio ticket id=1155 prioridad=alta cliente=cliente-3
[2026-04-13 18:37:31,631] INFO - Ticket creado id=1162 cliente=cliente-1 prioridad=media
[2026-04-13 18:37:31,633] INFO - Pantalla publica consultada: total=573 altas=1 medias=187 bajas=385
[2026-04-13 18:37:31,662] INFO - desk-3 atendio ticket id=1159 prioridad=alta cliente=cliente-2
[2026-04-13 18:37:31,680] INFO - Ticket creado id=1163 cliente=cliente-1 prioridad=alta
[2026-04-13 18:37:31,681] INFO - Pantalla publica consultada: total=573 altas=1 medias=187 bajas=385
[2026-04-13 18:37:31,711] INFO - Ticket creado id=1164 cliente=cliente-3 prioridad=baja
[2026-04-13 18:37:31,731] INFO - Ticket creado id=1165 cliente=cliente-1 prioridad=alta
[2026-04-13 18:37:31,737] INFO - Ticket creado id=1165 cliente=cliente-2 prioridad=media
[2026-04-13 18:37:31,754] INFO - Pantalla publica consultada: total=575 altas=1 medias=188 bajas=386
[2026-04-13 18:37:31,780] INFO - desk-1 atendio ticket id=1163 prioridad=alta cliente=cliente-1
[2026-04-13 18:37:31,787] INFO - Ticket creado id=1166 cliente=cliente-2 prioridad=baja
[2026-04-13 18:37:31,802] INFO - Ticket creado id=1167 cliente=cliente-3 prioridad=media
[2026-04-13 18:37:31,830] INFO - Ticket creado id=1168 cliente=cliente-1 prioridad=alta
[2026-04-13 18:37:31,838] INFO - desk-2 atendio ticket id=1168 prioridad=alta cliente=cliente-1
[2026-04-13 18:37:31,851] INFO - Ticket creado id=1169 cliente=cliente-3 prioridad=baja
[2026-04-13 18:37:31,879] INFO - Ticket creado id=1170 cliente=cliente-1 prioridad=baja
[2026-04-13 18:37:31,886] INFO - Ticket creado id=1171 cliente=cliente-2 prioridad=media
[2026-04-13 18:37:31,899] INFO - Ticket creado id=1172 cliente=cliente-3 prioridad=baja
[2026-04-13 18:37:31,929] INFO - Ticket creado id=1173 cliente=cliente-1 prioridad=media
[2026-04-13 18:37:31,930] INFO - Pantalla publica consultada: total=581 altas=0 medias=191 bajas=390
[2026-04-13 18:37:31,947] INFO - Ticket creado id=1174 cliente=cliente-3 prioridad=baja
[2026-04-13 18:37:31,977] INFO - desk-1 atendio ticket id=594 prioridad=media cliente=cliente-2
[2026-04-13 18:37:31,984] INFO - Ticket creado id=1175 cliente=cliente-2 prioridad=media
[2026-04-13 18:37:31,990] INFO - Pantalla publica consultada: total=582 altas=0 medias=191 bajas=391
[2026-04-13 18:37:32,020] INFO - Pantalla publica consultada: total=582 altas=0 medias=191 bajas=391
[2026-04-13 18:37:32,033] INFO - Ticket creado id=1176 cliente=cliente-2 prioridad=media
[2026-04-13 18:37:32,040] INFO - Ticket creado id=1177 cliente=cliente-3 prioridad=alta
[2026-04-13 18:37:32,064] INFO - Pantalla publica consultada: total=584 altas=1 medias=192 bajas=391
[2026-04-13 18:37:32,075] INFO - Pantalla publica consultada: total=584 altas=1 medias=192 bajas=391
[2026-04-13 18:37:32,090] INFO - Ticket creado id=1178 cliente=cliente-3 prioridad=media
[2026-04-13 18:37:32,112] INFO - Ticket creado id=1179 cliente=cliente-1 prioridad=media
[2026-04-13 18:37:32,124] INFO - desk-2 atendio ticket id=1177 prioridad=alta cliente=cliente-3
[2026-04-13 18:37:32,133] INFO - Pantalla publica consultada: total=585 altas=0 medias=194 bajas=391
[2026-04-13 18:37:32,161] INFO - desk-1 atendio ticket id=599 prioridad=media cliente=cliente-1
[2026-04-13 18:37:32,168] INFO - Pantalla publica consultada: total=584 altas=0 medias=193 bajas=391
[2026-04-13 18:37:32,177] INFO - Pantalla publica consultada: total=584 altas=0 medias=193 bajas=391
[2026-04-13 18:37:32,210] INFO - Ticket creado id=1180 cliente=cliente-1 prioridad=baja
[2026-04-13 18:37:32,217] INFO - Ticket creado id=1181 cliente=cliente-2 prioridad=alta
[2026-04-13 18:37:32,225] INFO - Ticket creado id=1182 cliente=cliente-3 prioridad=baja
[2026-04-13 18:37:32,261] INFO - Ticket creado id=1183 cliente=cliente-1 prioridad=media
[2026-04-13 18:37:32,269] INFO - desk-2 atendio ticket id=1181 prioridad=alta cliente=cliente-2
[2026-04-13 18:37:32,271] INFO - Pantalla publica consultada: total=587 altas=0 medias=194 bajas=393
[2026-04-13 18:37:32,311] INFO - Ticket creado id=1184 cliente=cliente-1 prioridad=media
[2026-04-13 18:37:32,319] INFO - Ticket creado id=1185 cliente=cliente-2 prioridad=media
[2026-04-13 18:37:32,327] INFO - Ticket creado id=1186 cliente=cliente-3 prioridad=alta
[2026-04-13 18:37:32,362] INFO - Ticket creado id=1187 cliente=cliente-1 prioridad=media
[2026-04-13 18:37:32,371] INFO - Ticket creado id=1188 cliente=cliente-2 prioridad=alta
[2026-04-13 18:37:32,379] INFO - Ticket creado id=1189 cliente=cliente-3 prioridad=alta
[2026-04-13 18:37:32,411] INFO - Ticket creado id=1190 cliente=cliente-1 prioridad=alta
[2026-04-13 18:37:32,419] INFO - desk-2 atendio ticket id=1186 prioridad=alta cliente=cliente-3
[2026-04-13 18:37:32,427] INFO - Ticket creado id=1191 cliente=cliente-3 prioridad=baja
[2026-04-13 18:37:32,454] INFO - Pantalla publica consultada: total=594 altas=3 medias=197 bajas=394
[2026-04-13 18:37:32,468] INFO - desk-2 atendio ticket id=1188 prioridad=alta cliente=cliente-2
[2026-04-13 18:37:32,476] INFO - Ticket creado id=1192 cliente=cliente-3 prioridad=baja
[2026-04-13 18:37:32,505] INFO - desk-1 atendio ticket id=1189 prioridad=alta cliente=cliente-3
[2026-04-13 18:37:32,518] INFO - Ticket creado id=1193 cliente=cliente-2 prioridad=alta
[2026-04-13 18:37:32,526] INFO - Ticket creado id=1194 cliente=cliente-3 prioridad=media
[2026-04-13 18:37:32,555] INFO - Ticket creado id=1195 cliente=cliente-1 prioridad=media
[2026-04-13 18:37:32,570] INFO - Ticket creado id=1196 cliente=cliente-2 prioridad=baja
[2026-04-13 18:37:32,579] INFO - Ticket creado id=1197 cliente=cliente-3 prioridad=media
[2026-04-13 18:37:32,605] INFO - desk-1 atendio ticket id=1190 prioridad=alta cliente=cliente-1
[2026-04-13 18:37:32,620] INFO - desk-2 atendio ticket id=1193 prioridad=alta cliente=cliente-2
[2026-04-13 18:37:32,628] INFO - Ticket creado id=1198 cliente=cliente-3 prioridad=baja
[2026-04-13 18:37:32,648] INFO - Pantalla publica consultada: total=597 altas=0 medias=200 bajas=397
[2026-04-13 18:37:32,669] INFO - Ticket creado id=1199 cliente=cliente-2 prioridad=alta
[2026-04-13 18:37:32,672] INFO - Pantalla publica consultada: total=598 altas=1 medias=200 bajas=397
[2026-04-13 18:37:32,697] INFO - Ticket creado id=1200 cliente=cliente-1 prioridad=alta
[2026-04-13 18:37:32,720] INFO - Ticket creado id=1201 cliente=cliente-2 prioridad=baja
[2026-04-13 18:37:32,722] INFO - Pantalla publica consultada: total=600 altas=2 medias=200 bajas=398
[2026-04-13 18:37:32,741] INFO - Pantalla publica consultada: total=600 altas=2 medias=200 bajas=398
[2026-04-13 18:37:32,764] INFO - Pantalla publica consultada: total=600 altas=2 medias=200 bajas=398
[2026-04-13 18:37:32,767] INFO - Pantalla publica consultada: total=600 altas=2 medias=200 bajas=398
[2026-04-13 18:37:32,791] INFO - Ticket creado id=1202 cliente=cliente-1 prioridad=alta
[2026-04-13 18:37:32,815] INFO - Ticket creado id=1203 cliente=cliente-2 prioridad=media
[2026-04-13 18:37:32,823] INFO - desk-3 atendio ticket id=1199 prioridad=alta cliente=cliente-2
[2026-04-13 18:37:32,844] INFO - Ticket creado id=1204 cliente=cliente-1 prioridad=alta
[2026-04-13 18:37:32,859] INFO - Pantalla publica consultada: total=602 altas=3 medias=201 bajas=398
[2026-04-13 18:37:32,872] INFO - Ticket creado id=1205 cliente=cliente-3 prioridad=alta
[2026-04-13 18:37:32,894] INFO - Ticket creado id=1206 cliente=cliente-1 prioridad=alta
[2026-04-13 18:37:32,908] INFO - desk-2 atendio ticket id=1200 prioridad=alta cliente=cliente-1
[2026-04-13 18:37:32,922] INFO - Ticket creado id=1207 cliente=cliente-3 prioridad=alta
[2026-04-13 18:37:32,937] INFO - Pantalla publica consultada: total=604 altas=5 medias=201 bajas=398
[2026-04-13 18:37:32,957] INFO - Ticket creado id=1208 cliente=cliente-2 prioridad=media
[2026-04-13 18:37:32,966] INFO - Pantalla publica consultada: total=605 altas=5 medias=202 bajas=398
[2026-04-13 18:37:32,986] INFO - Ticket creado id=1209 cliente=cliente-1 prioridad=baja
[2026-04-13 18:37:33,007] INFO - Ticket creado id=1210 cliente=cliente-2 prioridad=media
[2026-04-13 18:37:33,009] INFO - Pantalla publica consultada: total=607 altas=5 medias=203 bajas=399
[2026-04-13 18:37:33,036] INFO - Ticket creado id=1211 cliente=cliente-1 prioridad=media
[2026-04-13 18:37:33,050] INFO - Pantalla publica consultada: total=608 altas=5 medias=204 bajas=399
[2026-04-13 18:37:33,058] INFO - Ticket creado id=1212 cliente=cliente-3 prioridad=alta
[2026-04-13 18:37:33,079] INFO - Pantalla publica consultada: total=609 altas=6 medias=204 bajas=399
[2026-04-13 18:37:33,101] INFO - Ticket creado id=1213 cliente=cliente-2 prioridad=media
[2026-04-13 18:37:33,104] INFO - Pantalla publica consultada: total=610 altas=6 medias=205 bajas=399
[2026-04-13 18:37:33,130] INFO - Ticket creado id=1214 cliente=cliente-1 prioridad=media
[2026-04-13 18:37:33,154] INFO - Ticket creado id=1215 cliente=cliente-2 prioridad=baja
[2026-04-13 18:37:33,162] INFO - desk-3 atendio ticket id=1202 prioridad=alta cliente=cliente-1
[2026-04-13 18:37:33,173] INFO - Pantalla publica consultada: total=611 altas=5 medias=206 bajas=400
[2026-04-13 18:37:33,204] INFO - Ticket creado id=1216 cliente=cliente-2 prioridad=media
[2026-04-13 18:37:33,207] INFO - Pantalla publica consultada: total=612 altas=5 medias=207 bajas=400
[2026-04-13 18:37:33,217] INFO - Pantalla publica consultada: total=612 altas=5 medias=207 bajas=400
[2026-04-13 18:37:33,256] INFO - Ticket creado id=1217 cliente=cliente-2 prioridad=alta
[2026-04-13 18:37:33,265] INFO - desk-3 atendio ticket id=1204 prioridad=alta cliente=cliente-1
[2026-04-13 18:37:33,266] INFO - Pantalla publica consultada: total=612 altas=5 medias=207 bajas=400
[2026-04-13 18:37:33,307] INFO - desk-2 atendio ticket id=1205 prioridad=alta cliente=cliente-3
[2026-04-13 18:37:33,309] INFO - Pantalla publica consultada: total=611 altas=4 medias=207 bajas=400
[2026-04-13 18:37:33,317] INFO - desk-1 atendio ticket id=1206 prioridad=alta cliente=cliente-1
[2026-04-13 18:37:33,357] INFO - Ticket creado id=1218 cliente=cliente-2 prioridad=media
[2026-04-13 18:37:33,365] INFO - Ticket creado id=1219 cliente=cliente-3 prioridad=media
[2026-04-13 18:37:33,373] INFO - desk-1 atendio ticket id=1207 prioridad=alta cliente=cliente-3
[2026-04-13 18:37:33,406] INFO - Ticket creado id=1220 cliente=cliente-2 prioridad=alta
[2026-04-13 18:37:33,415] INFO - desk-3 atendio ticket id=1212 prioridad=alta cliente=cliente-3
[2026-04-13 18:37:33,424] INFO - Ticket creado id=1221 cliente=cliente-1 prioridad=alta
[2026-04-13 18:37:33,456] INFO - Ticket creado id=1222 cliente=cliente-2 prioridad=baja
[2026-04-13 18:37:33,464] INFO - Ticket creado id=1223 cliente=cliente-3 prioridad=alta
[2026-04-13 18:37:33,473] INFO - Ticket creado id=1224 cliente=cliente-1 prioridad=media
[2026-04-13 18:37:33,506] INFO - Ticket creado id=1225 cliente=cliente-2 prioridad=media
[2026-04-13 18:37:33,508] INFO - Pantalla publica consultada: total=616 altas=4 medias=211 bajas=401
[2026-04-13 18:37:33,516] INFO - Pantalla publica consultada: total=616 altas=4 medias=211 bajas=401
[2026-04-13 18:37:33,557] INFO - Ticket creado id=1226 cliente=cliente-2 prioridad=baja
[2026-04-13 18:37:33,559] INFO - Pantalla publica consultada: total=617 altas=4 medias=211 bajas=402
[2026-04-13 18:37:33,569] INFO - Ticket creado id=1227 cliente=cliente-1 prioridad=media
[2026-04-13 18:37:33,601] INFO - Pantalla publica consultada: total=618 altas=4 medias=212 bajas=402
[2026-04-13 18:37:33,603] INFO - Pantalla publica consultada: total=618 altas=4 medias=212 bajas=402
[2026-04-13 18:37:33,619] INFO - desk-1 atendio ticket id=1217 prioridad=alta cliente=cliente-2
[2026-04-13 18:37:33,652] INFO - Ticket creado id=1228 cliente=cliente-2 prioridad=baja
[2026-04-13 18:37:33,659] INFO - desk-3 atendio ticket id=1220 prioridad=alta cliente=cliente-2
[2026-04-13 18:37:33,662] INFO - Pantalla publica consultada: total=617 altas=2 medias=212 bajas=403
[2026-04-13 18:37:33,702] INFO - desk-2 atendio ticket id=1221 prioridad=alta cliente=cliente-1
[2026-04-13 18:37:33,711] INFO - desk-3 atendio ticket id=1223 prioridad=alta cliente=cliente-3
[2026-04-13 18:37:33,713] INFO - Pantalla publica consultada: total=615 altas=0 medias=212 bajas=403
[2026-04-13 18:37:33,758] INFO - Ticket creado id=1229 cliente=cliente-2 prioridad=media
[2026-04-13 18:37:33,762] INFO - Pantalla publica consultada: total=616 altas=0 medias=213 bajas=403
[2026-04-13 18:37:33,768] INFO - desk-3 atendio ticket id=602 prioridad=media cliente=cliente-2
[2026-04-13 18:37:33,813] INFO - desk-2 atendio ticket id=604 prioridad=media cliente=cliente-3
[2026-04-13 18:37:33,821] INFO - desk-1 atendio ticket id=606 prioridad=media cliente=cliente-1
[2026-04-13 18:37:33,828] INFO - Ticket creado id=1230 cliente=cliente-3 prioridad=media
[2026-04-13 18:37:33,861] INFO - Ticket creado id=1231 cliente=cliente-2 prioridad=alta
[2026-04-13 18:37:33,869] INFO - desk-1 atendio ticket id=1231 prioridad=alta cliente=cliente-2
[2026-04-13 18:37:33,877] INFO - Ticket creado id=1232 cliente=cliente-3 prioridad=baja
[2026-04-13 18:37:33,911] INFO - Ticket creado id=1233 cliente=cliente-2 prioridad=alta
[2026-04-13 18:37:33,920] INFO - Ticket creado id=1234 cliente=cliente-1 prioridad=media
[2026-04-13 18:37:33,922] INFO - Pantalla publica consultada: total=618 altas=1 medias=213 bajas=404
[2026-04-13 18:37:33,960] INFO - Ticket creado id=1235 cliente=cliente-2 prioridad=media
[2026-04-13 18:37:33,970] INFO - desk-1 atendio ticket id=1233 prioridad=alta cliente=cliente-2
[2026-04-13 18:37:33,978] INFO - desk-3 atendio ticket id=606 prioridad=media cliente=cliente-1
[2026-04-13 18:37:34,011] INFO - Ticket creado id=1236 cliente=cliente-2 prioridad=alta
[2026-04-13 18:37:34,019] INFO - Ticket creado id=1237 cliente=cliente-1 prioridad=baja
[2026-04-13 18:37:34,028] INFO - Ticket creado id=1238 cliente=cliente-3 prioridad=alta
[2026-04-13 18:37:34,055] INFO - Pantalla publica consultada: total=620 altas=2 medias=213 bajas=405
[2026-04-13 18:37:34,069] INFO - Ticket creado id=1239 cliente=cliente-1 prioridad=media
[2026-04-13 18:37:34,071] INFO - Pantalla publica consultada: total=621 altas=2 medias=214 bajas=405
[2026-04-13 18:37:34,105] INFO - desk-2 atendio ticket id=1236 prioridad=alta cliente=cliente-2
[2026-04-13 18:37:34,120] INFO - Ticket creado id=1240 cliente=cliente-1 prioridad=baja
[2026-04-13 18:37:34,128] INFO - Ticket creado id=1241 cliente=cliente-3 prioridad=baja
[2026-04-13 18:37:34,155] INFO - Ticket creado id=1242 cliente=cliente-2 prioridad=media
[2026-04-13 18:37:34,169] INFO - Ticket creado id=1243 cliente=cliente-1 prioridad=alta
[2026-04-13 18:37:34,178] INFO - desk-3 atendio ticket id=1238 prioridad=alta cliente=cliente-3
[2026-04-13 18:37:34,205] INFO - Ticket creado id=1244 cliente=cliente-2 prioridad=baja
[2026-04-13 18:37:34,219] INFO - Ticket creado id=1245 cliente=cliente-1 prioridad=media
[2026-04-13 18:37:34,221] INFO - Pantalla publica consultada: total=625 altas=1 medias=216 bajas=408
[2026-04-13 18:37:34,254] INFO - desk-2 atendio ticket id=1243 prioridad=alta cliente=cliente-1
[2026-04-13 18:37:34,270] INFO - Ticket creado id=1246 cliente=cliente-1 prioridad=baja
[2026-04-13 18:37:34,278] INFO - Ticket creado id=1247 cliente=cliente-3 prioridad=alta
[2026-04-13 18:37:34,304] INFO - Ticket creado id=1248 cliente=cliente-2 prioridad=baja
[2026-04-13 18:37:34,319] INFO - desk-1 atendio ticket id=1247 prioridad=alta cliente=cliente-3
[2026-04-13 18:37:34,327] INFO - desk-3 atendio ticket id=607 prioridad=media cliente=cliente-3
[2026-04-13 18:37:34,354] INFO - desk-2 atendio ticket id=608 prioridad=media cliente=cliente-1
[2026-04-13 18:37:34,370] INFO - desk-1 atendio ticket id=610 prioridad=media cliente=cliente-2
[2026-04-13 18:37:34,371] INFO - Pantalla publica consultada: total=623 altas=0 medias=213 bajas=410
[2026-04-13 18:37:34,403] INFO - Ticket creado id=1249 cliente=cliente-2 prioridad=media
[2026-04-13 18:37:34,422] INFO - desk-1 atendio ticket id=615 prioridad=media cliente=cliente-3
[2026-04-13 18:37:34,436] INFO - Ticket creado id=1250 cliente=cliente-3 prioridad=alta
[2026-04-13 18:37:34,453] INFO - Ticket creado id=1251 cliente=cliente-2 prioridad=baja
[2026-04-13 18:37:34,474] INFO - Ticket creado id=1252 cliente=cliente-1 prioridad=alta
[2026-04-13 18:37:34,486] INFO - desk-3 atendio ticket id=1250 prioridad=alta cliente=cliente-3
[2026-04-13 18:37:34,504] INFO - Ticket creado id=1253 cliente=cliente-2 prioridad=media
[2026-04-13 18:37:34,524] INFO - desk-1 atendio ticket id=1252 prioridad=alta cliente=cliente-1
[2026-04-13 18:37:34,529] INFO - Pantalla publica consultada: total=625 altas=0 medias=214 bajas=411
[2026-04-13 18:37:34,553] INFO - Ticket creado id=1254 cliente=cliente-2 prioridad=alta
[2026-04-13 18:37:34,575] INFO - Ticket creado id=1255 cliente=cliente-1 prioridad=media
[2026-04-13 18:37:34,577] INFO - Pantalla publica consultada: total=627 altas=1 medias=215 bajas=411
[2026-04-13 18:37:34,596] INFO - Pantalla publica consultada: total=627 altas=1 medias=215 bajas=411
[2026-04-13 18:37:34,627] INFO - Ticket creado id=1256 cliente=cliente-1 prioridad=media
[2026-04-13 18:37:34,629] INFO - Pantalla publica consultada: total=628 altas=1 medias=216 bajas=411
[2026-04-13 18:37:34,646] INFO - Ticket creado id=1257 cliente=cliente-2 prioridad=alta
[2026-04-13 18:37:34,679] INFO - Ticket creado id=1258 cliente=cliente-1 prioridad=alta
[2026-04-13 18:37:34,687] INFO - Ticket creado id=1259 cliente=cliente-3 prioridad=alta
[2026-04-13 18:37:34,689] INFO - Pantalla publica consultada: total=631 altas=4 medias=216 bajas=411
[2026-04-13 18:37:34,723] INFO - Pantalla publica consultada: total=631 altas=4 medias=216 bajas=411
[2026-04-13 18:37:34,731] INFO - Pantalla publica consultada: total=631 altas=4 medias=216 bajas=411
[2026-04-13 18:37:34,734] INFO - Pantalla publica consultada: total=631 altas=4 medias=216 bajas=411
[2026-04-13 18:37:34,776] INFO - desk-1 atendio ticket id=1254 prioridad=alta cliente=cliente-2
[2026-04-13 18:37:34,784] INFO - desk-3 atendio ticket id=1257 prioridad=alta cliente=cliente-2
[2026-04-13 18:37:34,786] INFO - Pantalla publica consultada: total=629 altas=2 medias=216 bajas=411
[2026-04-13 18:37:34,819] INFO - Pantalla publica consultada: total=629 altas=2 medias=216 bajas=411
[2026-04-13 18:37:34,835] INFO - desk-3 atendio ticket id=1258 prioridad=alta cliente=cliente-1
[2026-04-13 18:37:34,836] INFO - Pantalla publica consultada: total=628 altas=1 medias=216 bajas=411
[2026-04-13 18:37:34,869] INFO - Ticket creado id=1260 cliente=cliente-1 prioridad=media
[2026-04-13 18:37:34,884] INFO - desk-3 atendio ticket id=1259 prioridad=alta cliente=cliente-3
[2026-04-13 18:37:34,892] INFO - Ticket creado id=1261 cliente=cliente-2 prioridad=baja
[2026-04-13 18:37:34,919] INFO - desk-1 atendio ticket id=618 prioridad=media cliente=cliente-1
[2026-04-13 18:37:34,935] INFO - desk-3 atendio ticket id=620 prioridad=media cliente=cliente-1
[2026-04-13 18:37:34,943] INFO - desk-2 atendio ticket id=623 prioridad=media cliente=cliente-3
[2026-04-13 18:37:34,969] INFO - desk-1 atendio ticket id=628 prioridad=media cliente=cliente-3
[2026-04-13 18:37:34,978] INFO - Pantalla publica consultada: total=625 altas=0 medias=213 bajas=412
[2026-04-13 18:37:34,993] INFO - Ticket creado id=1262 cliente=cliente-2 prioridad=media
[2026-04-13 18:37:35,018] INFO - desk-1 atendio ticket id=630 prioridad=media cliente=cliente-2
[2026-04-13 18:37:35,028] INFO - Ticket creado id=1263 cliente=cliente-3 prioridad=media
[2026-04-13 18:37:35,042] INFO - Ticket creado id=1264 cliente=cliente-2 prioridad=alta
[2026-04-13 18:37:35,068] INFO - Ticket creado id=1265 cliente=cliente-1 prioridad=alta
[2026-04-13 18:37:35,078] INFO - Ticket creado id=1266 cliente=cliente-3 prioridad=media
[2026-04-13 18:37:35,092] INFO - Ticket creado id=1267 cliente=cliente-2 prioridad=alta
[2026-04-13 18:37:35,118] INFO - desk-1 atendio ticket id=1264 prioridad=alta cliente=cliente-2
[2026-04-13 18:37:35,122] INFO - Pantalla publica consultada: total=629 altas=2 medias=215 bajas=412
[2026-04-13 18:37:35,142] INFO - Ticket creado id=1268 cliente=cliente-2 prioridad=alta
[2026-04-13 18:37:35,170] INFO - Ticket creado id=1269 cliente=cliente-1 prioridad=alta
[2026-04-13 18:37:35,178] INFO - Ticket creado id=1270 cliente=cliente-3 prioridad=alta
[2026-04-13 18:37:35,193] INFO - desk-2 atendio ticket id=1265 prioridad=alta cliente=cliente-1
[2026-04-13 18:37:35,220] INFO - Ticket creado id=1271 cliente=cliente-1 prioridad=baja
[2026-04-13 18:37:35,222] INFO - Pantalla publica consultada: total=632 altas=4 medias=215 bajas=413
[2026-04-13 18:37:35,243] INFO - desk-2 atendio ticket id=1267 prioridad=alta cliente=cliente-2
[2026-04-13 18:37:35,271] INFO - Ticket creado id=1272 cliente=cliente-1 prioridad=baja
[2026-04-13 18:37:35,273] INFO - Pantalla publica consultada: total=632 altas=3 medias=215 bajas=414
[2026-04-13 18:37:35,294] INFO - desk-2 atendio ticket id=1268 prioridad=alta cliente=cliente-2
[2026-04-13 18:37:35,323] INFO - desk-1 atendio ticket id=1269 prioridad=alta cliente=cliente-1
[2026-04-13 18:37:35,325] INFO - Pantalla publica consultada: total=630 altas=1 medias=215 bajas=414
[2026-04-13 18:37:35,343] INFO - desk-2 atendio ticket id=1270 prioridad=alta cliente=cliente-3
[2026-04-13 18:37:35,374] INFO - desk-1 atendio ticket id=635 prioridad=media cliente=cliente-3
[2026-04-13 18:37:35,381] INFO - Ticket creado id=1273 cliente=cliente-3 prioridad=baja
[2026-04-13 18:37:35,393] INFO - desk-2 atendio ticket id=636 prioridad=media cliente=cliente-2
[2026-04-13 18:37:35,418] INFO - Pantalla publica consultada: total=628 altas=0 medias=213 bajas=415
[2026-04-13 18:37:35,425] INFO - Pantalla publica consultada: total=628 altas=0 medias=213 bajas=415
[2026-04-13 18:37:35,436] INFO - Pantalla publica consultada: total=628 altas=0 medias=213 bajas=415
[2026-04-13 18:37:35,468] INFO - Ticket creado id=1274 cliente=cliente-1 prioridad=alta
[2026-04-13 18:37:35,478] INFO - Ticket creado id=1275 cliente=cliente-3 prioridad=alta
[2026-04-13 18:37:35,490] INFO - Ticket creado id=1276 cliente=cliente-2 prioridad=media
[2026-04-13 18:37:35,513] INFO - Pantalla publica consultada: total=631 altas=2 medias=214 bajas=415
[2026-04-13 18:37:35,529] INFO - Ticket creado id=1277 cliente=cliente-3 prioridad=alta
[2026-04-13 18:37:35,540] INFO - Ticket creado id=1278 cliente=cliente-2 prioridad=baja
[2026-04-13 18:37:35,562] INFO - desk-1 atendio ticket id=1274 prioridad=alta cliente=cliente-1
[2026-04-13 18:37:35,572] INFO - Pantalla publica consultada: total=632 altas=2 medias=214 bajas=416
[2026-04-13 18:37:35,590] INFO - Ticket creado id=1279 cliente=cliente-2 prioridad=media
[2026-04-13 18:37:35,612] INFO - desk-1 atendio ticket id=1275 prioridad=alta cliente=cliente-3
[2026-04-13 18:37:35,621] INFO - Ticket creado id=1280 cliente=cliente-3 prioridad=baja
[2026-04-13 18:37:35,641] INFO - desk-2 atendio ticket id=1277 prioridad=alta cliente=cliente-3
[2026-04-13 18:37:35,663] INFO - Ticket creado id=1281 cliente=cliente-1 prioridad=media
[2026-04-13 18:37:35,665] INFO - Pantalla publica consultada: total=633 altas=0 medias=216 bajas=417
[2026-04-13 18:37:35,691] INFO - Ticket creado id=1282 cliente=cliente-2 prioridad=baja
[2026-04-13 18:37:35,714] INFO - Ticket creado id=1283 cliente=cliente-1 prioridad=baja
[2026-04-13 18:37:35,722] INFO - desk-3 atendio ticket id=640 prioridad=media cliente=cliente-1
[2026-04-13 18:37:35,735] INFO - Pantalla publica consultada: total=634 altas=0 medias=215 bajas=419
[2026-04-13 18:37:35,757] INFO - Pantalla publica consultada: total=634 altas=0 medias=215 bajas=419
[2026-04-13 18:37:35,773] INFO - desk-3 atendio ticket id=642 prioridad=media cliente=cliente-2
[2026-04-13 18:37:35,778] INFO - Pantalla publica consultada: total=633 altas=0 medias=214 bajas=419
[2026-04-13 18:37:35,802] INFO - Pantalla publica consultada: total=633 altas=0 medias=214 bajas=419
[2026-04-13 18:37:35,824] INFO - desk-3 atendio ticket id=645 prioridad=media cliente=cliente-3
[2026-04-13 18:37:35,833] INFO - Ticket creado id=1284 cliente=cliente-2 prioridad=media
[2026-04-13 18:37:35,852] INFO - desk-1 atendio ticket id=647 prioridad=media cliente=cliente-2
[2026-04-13 18:37:35,876] INFO - Ticket creado id=1285 cliente=cliente-3 prioridad=media
[2026-04-13 18:37:35,878] INFO - Pantalla publica consultada: total=633 altas=0 medias=214 bajas=419
[2026-04-13 18:37:35,901] INFO - Ticket creado id=1286 cliente=cliente-1 prioridad=baja
[2026-04-13 18:37:35,927] INFO - Ticket creado id=1287 cliente=cliente-3 prioridad=baja
[2026-04-13 18:37:35,934] INFO - desk-2 atendio ticket id=650 prioridad=media cliente=cliente-1
[2026-04-13 18:37:35,950] INFO - desk-1 atendio ticket id=651 prioridad=media cliente=cliente-1
[2026-04-13 18:37:35,977] INFO - Ticket creado id=1288 cliente=cliente-3 prioridad=baja
[2026-04-13 18:37:35,978] INFO - Pantalla publica consultada: total=634 altas=0 medias=212 bajas=422
[2026-04-13 18:37:36,001] INFO - Ticket creado id=1289 cliente=cliente-1 prioridad=alta
[2026-04-13 18:37:36,029] INFO - Ticket creado id=1290 cliente=cliente-3 prioridad=media
[2026-04-13 18:37:36,039] INFO - desk-2 atendio ticket id=1289 prioridad=alta cliente=cliente-1
[2026-04-13 18:37:36,054] INFO - Ticket creado id=1291 cliente=cliente-1 prioridad=media
[2026-04-13 18:37:36,079] INFO - Ticket creado id=1292 cliente=cliente-3 prioridad=alta
[2026-04-13 18:37:36,088] INFO - Ticket creado id=1293 cliente=cliente-2 prioridad=alta
[2026-04-13 18:37:36,098] INFO - Pantalla publica consultada: total=638 altas=2 medias=214 bajas=422
[2026-04-13 18:37:36,131] INFO - Ticket creado id=1294 cliente=cliente-3 prioridad=baja
[2026-04-13 18:37:36,140] INFO - Ticket creado id=1295 cliente=cliente-2 prioridad=media
[2026-04-13 18:37:36,143] INFO - Pantalla publica consultada: total=640 altas=2 medias=215 bajas=423
[2026-04-13 18:37:36,175] INFO - Pantalla publica consultada: total=640 altas=2 medias=215 bajas=423
[2026-04-13 18:37:36,184] INFO - Pantalla publica consultada: total=640 altas=2 medias=215 bajas=423
[2026-04-13 18:37:36,194] INFO - desk-1 atendio ticket id=1292 prioridad=alta cliente=cliente-3
[2026-04-13 18:37:36,227] INFO - Ticket creado id=1296 cliente=cliente-3 prioridad=alta
[2026-04-13 18:37:36,229] INFO - Pantalla publica consultada: total=640 altas=2 medias=215 bajas=423
[2026-04-13 18:37:36,237] INFO - Pantalla publica consultada: total=640 altas=2 medias=215 bajas=423
[2026-04-13 18:37:36,272] INFO - Pantalla publica consultada: total=640 altas=2 medias=215 bajas=423
[2026-04-13 18:37:36,274] INFO - Pantalla publica consultada: total=640 altas=2 medias=215 bajas=423
[2026-04-13 18:37:36,286] INFO - Ticket creado id=1297 cliente=cliente-1 prioridad=media
[2026-04-13 18:37:36,325] INFO - Ticket creado id=1298 cliente=cliente-3 prioridad=alta
[2026-04-13 18:37:36,335] INFO - Ticket creado id=1299 cliente=cliente-2 prioridad=media
[2026-04-13 18:37:36,344] INFO - desk-1 atendio ticket id=1293 prioridad=alta cliente=cliente-2
[2026-04-13 18:37:36,368] INFO - Pantalla publica consultada: total=642 altas=2 medias=217 bajas=423
[2026-04-13 18:37:36,385] INFO - Ticket creado id=1300 cliente=cliente-2 prioridad=baja
[2026-04-13 18:37:36,394] INFO - Ticket creado id=1301 cliente=cliente-1 prioridad=baja
[2026-04-13 18:37:36,417] INFO - Ticket creado id=1302 cliente=cliente-3 prioridad=media
[2026-04-13 18:37:36,435] INFO - desk-2 atendio ticket id=1296 prioridad=alta cliente=cliente-3
[2026-04-13 18:37:36,444] INFO - desk-1 atendio ticket id=1298 prioridad=alta cliente=cliente-3
[2026-04-13 18:37:36,466] INFO - Ticket creado id=1303 cliente=cliente-3 prioridad=alta
[2026-04-13 18:37:36,484] INFO - Ticket creado id=1304 cliente=cliente-2 prioridad=media
[2026-04-13 18:37:36,494] INFO - Ticket creado id=1305 cliente=cliente-1 prioridad=baja
[2026-04-13 18:37:36,517] INFO - Ticket creado id=1306 cliente=cliente-3 prioridad=baja
[2026-04-13 18:37:36,533] INFO - desk-2 atendio ticket id=1303 prioridad=alta cliente=cliente-3
[2026-04-13 18:37:36,544] INFO - Ticket creado id=1307 cliente=cliente-1 prioridad=media
[2026-04-13 18:37:36,567] INFO - Ticket creado id=1308 cliente=cliente-3 prioridad=media
[2026-04-13 18:37:36,577] INFO - Pantalla publica consultada: total=648 altas=0 medias=221 bajas=427
[2026-04-13 18:37:36,595] INFO - Ticket creado id=1309 cliente=cliente-1 prioridad=media
[2026-04-13 18:37:36,618] INFO - desk-3 atendio ticket id=655 prioridad=media cliente=cliente-1
[2026-04-13 18:37:36,628] INFO - Ticket creado id=1310 cliente=cliente-2 prioridad=media
[2026-04-13 18:37:36,646] INFO - desk-1 atendio ticket id=656 prioridad=media cliente=cliente-3
[2026-04-13 18:37:36,668] INFO - desk-3 atendio ticket id=660 prioridad=media cliente=cliente-3
[2026-04-13 18:37:36,679] INFO - Ticket creado id=1311 cliente=cliente-2 prioridad=baja
[2026-04-13 18:37:36,689] INFO - Pantalla publica consultada: total=648 altas=0 medias=220 bajas=428
[2026-04-13 18:37:36,711] INFO - Pantalla publica consultada: total=648 altas=0 medias=220 bajas=428
[2026-04-13 18:37:36,729] INFO - desk-2 atendio ticket id=664 prioridad=media cliente=cliente-3
[2026-04-13 18:37:36,740] INFO - desk-1 atendio ticket id=665 prioridad=media cliente=cliente-2
[2026-04-13 18:37:36,755] INFO - Pantalla publica consultada: total=646 altas=0 medias=218 bajas=428
[2026-04-13 18:37:36,779] INFO - desk-2 atendio ticket id=669 prioridad=media cliente=cliente-1
[2026-04-13 18:37:36,790] INFO - Ticket creado id=1312 cliente=cliente-1 prioridad=media
[2026-04-13 18:37:36,798] INFO - Pantalla publica consultada: total=646 altas=0 medias=218 bajas=428
[2026-04-13 18:37:36,830] INFO - Ticket creado id=1313 cliente=cliente-2 prioridad=media
[2026-04-13 18:37:36,838] INFO - Ticket creado id=1314 cliente=cliente-1 prioridad=media
[2026-04-13 18:37:36,848] INFO - desk-3 atendio ticket id=675 prioridad=media cliente=cliente-2
[2026-04-13 18:37:36,873] INFO - Pantalla publica consultada: total=647 altas=0 medias=219 bajas=428
[2026-04-13 18:37:36,882] INFO - Pantalla publica consultada: total=647 altas=0 medias=219 bajas=428
[2026-04-13 18:37:36,898] INFO - desk-3 atendio ticket id=677 prioridad=media cliente=cliente-3
[2026-04-13 18:37:36,924] INFO - desk-2 atendio ticket id=679 prioridad=media cliente=cliente-3
[2026-04-13 18:37:36,932] INFO - Ticket creado id=1315 cliente=cliente-1 prioridad=baja
[2026-04-13 18:37:36,942] INFO - Pantalla publica consultada: total=646 altas=0 medias=217 bajas=429
[2026-04-13 18:37:36,973] INFO - Ticket creado id=1316 cliente=cliente-2 prioridad=media
[2026-04-13 18:37:36,975] INFO - Pantalla publica consultada: total=647 altas=0 medias=218 bajas=429
[2026-04-13 18:37:36,985] INFO - Pantalla publica consultada: total=647 altas=0 medias=218 bajas=429
[2026-04-13 18:37:37,025] INFO - Ticket creado id=1317 cliente=cliente-2 prioridad=baja
[2026-04-13 18:37:37,034] INFO - Ticket creado id=1318 cliente=cliente-1 prioridad=media
[2026-04-13 18:37:37,035] INFO - Pantalla publica consultada: total=649 altas=0 medias=219 bajas=430
[2026-04-13 18:37:37,075] INFO - desk-2 atendio ticket id=683 prioridad=media cliente=cliente-1
[2026-04-13 18:37:37,085] INFO - Ticket creado id=1319 cliente=cliente-1 prioridad=alta
[2026-04-13 18:37:37,087] INFO - Pantalla publica consultada: total=649 altas=1 medias=218 bajas=430
[2026-04-13 18:37:37,125] INFO - Ticket creado id=1320 cliente=cliente-2 prioridad=alta
[2026-04-13 18:37:37,135] INFO - desk-1 atendio ticket id=1319 prioridad=alta cliente=cliente-1
[2026-04-13 18:37:37,143] INFO - Ticket creado id=1321 cliente=cliente-3 prioridad=alta
[2026-04-13 18:37:37,175] INFO - desk-2 atendio ticket id=1320 prioridad=alta cliente=cliente-2
[2026-04-13 18:37:37,178] INFO - Pantalla publica consultada: total=649 altas=1 medias=218 bajas=430
[2026-04-13 18:37:37,192] INFO - desk-3 atendio ticket id=1321 prioridad=alta cliente=cliente-3
[2026-04-13 18:37:37,218] INFO - Pantalla publica consultada: total=648 altas=0 medias=218 bajas=430
[2026-04-13 18:37:37,228] INFO - Ticket creado id=1322 cliente=cliente-1 prioridad=alta
[2026-04-13 18:37:37,235] INFO - Pantalla publica consultada: total=649 altas=1 medias=218 bajas=430
[2026-04-13 18:37:37,268] INFO - Ticket creado id=1323 cliente=cliente-2 prioridad=media
[2026-04-13 18:37:37,277] INFO - Ticket creado id=1324 cliente=cliente-1 prioridad=alta
[2026-04-13 18:37:37,285] INFO - Ticket creado id=1325 cliente=cliente-3 prioridad=baja
[2026-04-13 18:37:37,318] INFO - desk-2 atendio ticket id=1322 prioridad=alta cliente=cliente-1
[2026-04-13 18:37:37,320] INFO - Pantalla publica consultada: total=651 altas=1 medias=219 bajas=431
[2026-04-13 18:37:37,335] INFO - desk-3 atendio ticket id=1324 prioridad=alta cliente=cliente-1
[2026-04-13 18:37:37,369] INFO - Ticket creado id=1326 cliente=cliente-2 prioridad=media
[2026-04-13 18:37:37,377] INFO - Ticket creado id=1327 cliente=cliente-1 prioridad=alta
[2026-04-13 18:37:37,385] INFO - desk-3 atendio ticket id=1327 prioridad=alta cliente=cliente-1
[2026-04-13 18:37:37,421] INFO - desk-2 atendio ticket id=686 prioridad=media cliente=cliente-1
[2026-04-13 18:37:37,430] INFO - Ticket creado id=1328 cliente=cliente-1 prioridad=media
[2026-04-13 18:37:37,439] INFO - Ticket creado id=1329 cliente=cliente-3 prioridad=baja
[2026-04-13 18:37:37,464] INFO - Pantalla publica consultada: total=652 altas=0 medias=220 bajas=432
[2026-04-13 18:37:37,481] INFO - desk-1 atendio ticket id=687 prioridad=media cliente=cliente-2
[2026-04-13 18:37:37,483] INFO - Pantalla publica consultada: total=651 altas=0 medias=219 bajas=432
[2026-04-13 18:37:37,515] INFO - desk-2 atendio ticket id=689 prioridad=media cliente=cliente-1
[2026-04-13 18:37:37,533] INFO - desk-1 atendio ticket id=690 prioridad=media cliente=cliente-3
[2026-04-13 18:37:37,541] INFO - desk-3 atendio ticket id=695 prioridad=media cliente=cliente-2
[2026-04-13 18:37:37,559] INFO - Pantalla publica consultada: total=648 altas=0 medias=216 bajas=432
[2026-04-13 18:37:37,585] INFO - Ticket creado id=1330 cliente=cliente-1 prioridad=baja
[2026-04-13 18:37:37,587] INFO - Pantalla publica consultada: total=649 altas=0 medias=216 bajas=433
[2026-04-13 18:37:37,610] INFO - Ticket creado id=1331 cliente=cliente-2 prioridad=alta
[2026-04-13 18:37:37,641] INFO - desk-1 atendio ticket id=1331 prioridad=alta cliente=cliente-2
[2026-04-13 18:37:37,654] INFO - Ticket creado id=1332 cliente=cliente-3 prioridad=alta
[2026-04-13 18:37:37,657] INFO - Pantalla publica consultada: total=650 altas=1 medias=216 bajas=433
[2026-04-13 18:37:37,692] INFO - desk-1 atendio ticket id=1332 prioridad=alta cliente=cliente-3
[2026-04-13 18:37:37,707] INFO - Ticket creado id=1333 cliente=cliente-3 prioridad=baja
[2026-04-13 18:37:37,717] INFO - desk-2 atendio ticket id=696 prioridad=media cliente=cliente-1
[2026-04-13 18:37:37,743] INFO - Ticket creado id=1334 cliente=cliente-1 prioridad=media
[2026-04-13 18:37:37,757] INFO - Ticket creado id=1335 cliente=cliente-3 prioridad=baja
[2026-04-13 18:37:37,767] INFO - Ticket creado id=1336 cliente=cliente-2 prioridad=baja
[2026-04-13 18:37:37,794] INFO - desk-1 atendio ticket id=707 prioridad=media cliente=cliente-1
[2026-04-13 18:37:37,800] INFO - Pantalla publica consultada: total=651 altas=0 medias=215 bajas=436
[2026-04-13 18:37:37,817] INFO - desk-2 atendio ticket id=708 prioridad=media cliente=cliente-3
[2026-04-13 18:37:37,838] INFO - Pantalla publica consultada: total=650 altas=0 medias=214 bajas=436
[2026-04-13 18:37:37,853] INFO - Ticket creado id=1337 cliente=cliente-3 prioridad=media
[2026-04-13 18:37:37,868] INFO - desk-2 atendio ticket id=709 prioridad=media cliente=cliente-3
[2026-04-13 18:37:37,888] INFO - Ticket creado id=1338 cliente=cliente-1 prioridad=media
[2026-04-13 18:37:37,896] INFO - Pantalla publica consultada: total=651 altas=0 medias=215 bajas=436
[2026-04-13 18:37:37,912] INFO - Pantalla publica consultada: total=651 altas=0 medias=215 bajas=436
[2026-04-13 18:37:37,938] INFO - Ticket creado id=1339 cliente=cliente-1 prioridad=media
[2026-04-13 18:37:37,947] INFO - Ticket creado id=1340 cliente=cliente-3 prioridad=baja
[2026-04-13 18:37:37,962] INFO - Ticket creado id=1341 cliente=cliente-2 prioridad=alta
[2026-04-13 18:37:37,982] INFO - Pantalla publica consultada: total=654 altas=1 medias=216 bajas=437
[2026-04-13 18:37:37,991] INFO - Pantalla publica consultada: total=654 altas=1 medias=216 bajas=437
[2026-04-13 18:37:38,012] INFO - Ticket creado id=1342 cliente=cliente-2 prioridad=media
[2026-04-13 18:37:38,033] INFO - Ticket creado id=1343 cliente=cliente-1 prioridad=media
[2026-04-13 18:37:38,041] INFO - Ticket creado id=1344 cliente=cliente-3 prioridad=alta
[2026-04-13 18:37:38,064] INFO - Ticket creado id=1345 cliente=cliente-2 prioridad=baja
[2026-04-13 18:37:38,084] INFO - Ticket creado id=1346 cliente=cliente-1 prioridad=media
[2026-04-13 18:37:38,087] INFO - Pantalla publica consultada: total=659 altas=2 medias=219 bajas=438
[2026-04-13 18:37:38,107] INFO - Pantalla publica consultada: total=659 altas=2 medias=219 bajas=438
[2026-04-13 18:37:38,135] INFO - Ticket creado id=1347 cliente=cliente-1 prioridad=alta
[2026-04-13 18:37:38,144] INFO - Ticket creado id=1348 cliente=cliente-3 prioridad=alta
[2026-04-13 18:37:38,157] INFO - desk-2 atendio ticket id=1341 prioridad=alta cliente=cliente-2
[2026-04-13 18:37:38,186] INFO - desk-1 atendio ticket id=1344 prioridad=alta cliente=cliente-3
[2026-04-13 18:37:38,188] INFO - Pantalla publica consultada: total=659 altas=2 medias=219 bajas=438
[2026-04-13 18:37:38,208] INFO - Ticket creado id=1349 cliente=cliente-2 prioridad=baja
[2026-04-13 18:37:38,239] INFO - Ticket creado id=1350 cliente=cliente-1 prioridad=alta
[2026-04-13 18:37:38,248] INFO - desk-3 atendio ticket id=1347 prioridad=alta cliente=cliente-1
[2026-04-13 18:37:38,259] INFO - Ticket creado id=1351 cliente=cliente-2 prioridad=alta
[2026-04-13 18:37:38,289] INFO - Ticket creado id=1352 cliente=cliente-1 prioridad=baja
[2026-04-13 18:37:38,298] INFO - Ticket creado id=1353 cliente=cliente-3 prioridad=media
[2026-04-13 18:37:38,302] INFO - Pantalla publica consultada: total=663 altas=3 medias=220 bajas=440
[2026-04-13 18:37:38,333] INFO - Pantalla publica consultada: total=663 altas=3 medias=220 bajas=440
[2026-04-13 18:37:38,342] INFO - Pantalla publica consultada: total=663 altas=3 medias=220 bajas=440
[2026-04-13 18:37:38,352] INFO - desk-2 atendio ticket id=1348 prioridad=alta cliente=cliente-3
[2026-04-13 18:37:38,384] INFO - Ticket creado id=1354 cliente=cliente-1 prioridad=alta
[2026-04-13 18:37:38,392] INFO - Ticket creado id=1355 cliente=cliente-3 prioridad=alta
[2026-04-13 18:37:38,402] INFO - Ticket creado id=1356 cliente=cliente-2 prioridad=baja
[2026-04-13 18:37:38,434] INFO - Ticket creado id=1357 cliente=cliente-1 prioridad=media
[2026-04-13 18:37:38,446] INFO - Ticket creado id=1358 cliente=cliente-3 prioridad=alta
[2026-04-13 18:37:38,454] INFO - Ticket creado id=1359 cliente=cliente-2 prioridad=media
[2026-04-13 18:37:38,485] INFO - Ticket creado id=1360 cliente=cliente-1 prioridad=alta
[2026-04-13 18:37:38,496] INFO - desk-3 atendio ticket id=1350 prioridad=alta cliente=cliente-1
[2026-04-13 18:37:38,504] INFO - Ticket creado id=1361 cliente=cliente-2 prioridad=baja
[2026-04-13 18:37:38,535] INFO - Ticket creado id=1362 cliente=cliente-1 prioridad=baja
[2026-04-13 18:37:38,546] INFO - Ticket creado id=1363 cliente=cliente-3 prioridad=baja
[2026-04-13 18:37:38,555] INFO - Ticket creado id=1364 cliente=cliente-2 prioridad=alta
[2026-04-13 18:37:38,586] INFO - desk-1 atendio ticket id=1351 prioridad=alta cliente=cliente-2
[2026-04-13 18:37:38,595] INFO - Ticket creado id=1365 cliente=cliente-3 prioridad=baja
[2026-04-13 18:37:38,599] INFO - Pantalla publica consultada: total=672 altas=5 medias=222 bajas=445
[2026-04-13 18:37:38,629] INFO - Pantalla publica consultada: total=672 altas=5 medias=222 bajas=445
[2026-04-13 18:37:38,646] INFO - Ticket creado id=1366 cliente=cliente-3 prioridad=baja
[2026-04-13 18:37:38,655] INFO - Ticket creado id=1367 cliente=cliente-2 prioridad=media
[2026-04-13 18:37:38,679] INFO - Ticket creado id=1368 cliente=cliente-1 prioridad=alta
[2026-04-13 18:37:38,696] INFO - Ticket creado id=1369 cliente=cliente-3 prioridad=media
[2026-04-13 18:37:38,704] INFO - Ticket creado id=1370 cliente=cliente-2 prioridad=baja
[2026-04-13 18:37:38,722] INFO - Pantalla publica consultada: total=677 altas=6 medias=224 bajas=447
[2026-04-13 18:37:38,739] INFO - Pantalla publica consultada: total=677 altas=6 medias=224 bajas=447
[2026-04-13 18:37:38,754] INFO - Ticket creado id=1371 cliente=cliente-2 prioridad=baja
[2026-04-13 18:37:38,772] INFO - Ticket creado id=1372 cliente=cliente-1 prioridad=baja
[2026-04-13 18:37:38,789] INFO - Ticket creado id=1373 cliente=cliente-3 prioridad=alta
[2026-04-13 18:37:38,797] INFO - Pantalla publica consultada: total=680 altas=7 medias=224 bajas=449
[2026-04-13 18:37:38,821] INFO - desk-1 atendio ticket id=1354 prioridad=alta cliente=cliente-1
[2026-04-13 18:37:38,832] INFO - Pantalla publica consultada: total=679 altas=6 medias=224 bajas=449
[2026-04-13 18:37:38,847] INFO - Ticket creado id=1374 cliente=cliente-2 prioridad=baja
[2026-04-13 18:37:38,871] INFO - Ticket creado id=1375 cliente=cliente-1 prioridad=media
[2026-04-13 18:37:38,875] INFO - Pantalla publica consultada: total=681 altas=6 medias=225 bajas=450
[2026-04-13 18:37:38,902] INFO - desk-2 atendio ticket id=1355 prioridad=alta cliente=cliente-3
[2026-04-13 18:37:38,926] INFO - Ticket creado id=1376 cliente=cliente-1 prioridad=media
[2026-04-13 18:37:38,935] INFO - Ticket creado id=1377 cliente=cliente-3 prioridad=media
[2026-04-13 18:37:38,954] INFO - Ticket creado id=1378 cliente=cliente-2 prioridad=media
[2026-04-13 18:37:38,977] INFO - Ticket creado id=1379 cliente=cliente-1 prioridad=baja
[2026-04-13 18:37:38,986] INFO - Ticket creado id=1380 cliente=cliente-3 prioridad=media
[2026-04-13 18:37:39,006] INFO - desk-2 atendio ticket id=1358 prioridad=alta cliente=cliente-3
[2026-04-13 18:37:39,022] INFO - Pantalla publica consultada: total=684 altas=4 medias=229 bajas=451
[2026-04-13 18:37:39,036] INFO - Ticket creado id=1381 cliente=cliente-3 prioridad=media
[2026-04-13 18:37:39,050] INFO - Pantalla publica consultada: total=685 altas=4 medias=230 bajas=451
[2026-04-13 18:37:39,074] INFO - desk-1 atendio ticket id=1360 prioridad=alta cliente=cliente-1
[2026-04-13 18:37:39,088] INFO - Ticket creado id=1382 cliente=cliente-3 prioridad=media
[2026-04-13 18:37:39,094] INFO - Pantalla publica consultada: total=685 altas=3 medias=231 bajas=451
[2026-04-13 18:37:39,125] INFO - Ticket creado id=1383 cliente=cliente-1 prioridad=media
[2026-04-13 18:37:39,139] INFO - desk-3 atendio ticket id=1364 prioridad=alta cliente=cliente-2
[2026-04-13 18:37:39,149] INFO - Ticket creado id=1384 cliente=cliente-2 prioridad=baja
[2026-04-13 18:37:39,176] INFO - Ticket creado id=1385 cliente=cliente-1 prioridad=baja
[2026-04-13 18:37:39,189] INFO - Ticket creado id=1386 cliente=cliente-3 prioridad=baja
[2026-04-13 18:37:39,199] INFO - Ticket creado id=1387 cliente=cliente-2 prioridad=media
[2026-04-13 18:37:39,220] INFO - Pantalla publica consultada: total=689 altas=2 medias=233 bajas=454
[2026-04-13 18:37:39,240] INFO - Ticket creado id=1388 cliente=cliente-3 prioridad=baja
[2026-04-13 18:37:39,250] INFO - Ticket creado id=1389 cliente=cliente-2 prioridad=media
[2026-04-13 18:37:39,272] INFO - desk-1 atendio ticket id=1368 prioridad=alta cliente=cliente-1
[2026-04-13 18:37:39,291] INFO - Ticket creado id=1390 cliente=cliente-3 prioridad=baja
[2026-04-13 18:37:39,301] INFO - Ticket creado id=1391 cliente=cliente-2 prioridad=baja
[2026-04-13 18:37:39,324] INFO - Ticket creado id=1392 cliente=cliente-1 prioridad=media
[2026-04-13 18:37:39,335] INFO - Pantalla publica consultada: total=693 altas=1 medias=235 bajas=457
[2026-04-13 18:37:39,352] INFO - Ticket creado id=1393 cliente=cliente-2 prioridad=alta
[2026-04-13 18:37:39,374] INFO - Ticket creado id=1394 cliente=cliente-1 prioridad=alta
[2026-04-13 18:37:39,386] INFO - Ticket creado id=1395 cliente=cliente-3 prioridad=alta
[2026-04-13 18:37:39,402] INFO - Ticket creado id=1396 cliente=cliente-2 prioridad=alta
[2026-04-13 18:37:39,425] INFO - Ticket creado id=1397 cliente=cliente-1 prioridad=alta
[2026-04-13 18:37:39,436] INFO - Ticket creado id=1398 cliente=cliente-3 prioridad=baja
[2026-04-13 18:37:39,452] INFO - Ticket creado id=1399 cliente=cliente-2 prioridad=media
[2026-04-13 18:37:39,469] INFO - Pantalla publica consultada: total=700 altas=6 medias=236 bajas=458
[2026-04-13 18:37:39,479] INFO - Pantalla publica consultada: total=700 altas=6 medias=236 bajas=458
[2026-04-13 18:37:39,496] INFO - Pantalla publica consultada: total=700 altas=6 medias=236 bajas=458
[2026-04-13 18:37:39,520] INFO - Ticket creado id=1400 cliente=cliente-1 prioridad=baja
[2026-04-13 18:37:39,531] INFO - Ticket creado id=1401 cliente=cliente-3 prioridad=alta
[2026-04-13 18:37:39,548] INFO - desk-2 atendio ticket id=1373 prioridad=alta cliente=cliente-3
[2026-04-13 18:37:39,563] INFO - Pantalla publica consultada: total=701 altas=6 medias=236 bajas=459
[2026-04-13 18:37:39,582] INFO - Ticket creado id=1402 cliente=cliente-3 prioridad=media
[2026-04-13 18:37:39,598] INFO - desk-2 atendio ticket id=1393 prioridad=alta cliente=cliente-2
[2026-04-13 18:37:39,607] INFO - Pantalla publica consultada: total=701 altas=5 medias=237 bajas=459
[2026-04-13 18:37:39,626] INFO - Pantalla publica consultada: total=701 altas=5 medias=237 bajas=459
[2026-04-13 18:37:39,641] INFO - Pantalla publica consultada: total=701 altas=5 medias=237 bajas=459
[2026-04-13 18:37:39,658] INFO - Ticket creado id=1403 cliente=cliente-1 prioridad=alta
[2026-04-13 18:37:39,676] INFO - desk-3 atendio ticket id=1394 prioridad=alta cliente=cliente-1
[2026-04-13 18:37:39,693] INFO - desk-2 atendio ticket id=1395 prioridad=alta cliente=cliente-3
[2026-04-13 18:37:39,709] INFO - Ticket creado id=1404 cliente=cliente-1 prioridad=baja
[2026-04-13 18:37:39,727] INFO - Ticket creado id=1405 cliente=cliente-3 prioridad=alta
[2026-04-13 18:37:39,744] INFO - Ticket creado id=1406 cliente=cliente-2 prioridad=media
[2026-04-13 18:37:39,759] INFO - Ticket creado id=1407 cliente=cliente-1 prioridad=baja
[2026-04-13 18:37:39,771] INFO - Pantalla publica consultada: total=704 altas=5 medias=238 bajas=461
[2026-04-13 18:37:39,794] INFO - Ticket creado id=1408 cliente=cliente-2 prioridad=baja
[2026-04-13 18:37:39,803] INFO - Pantalla publica consultada: total=705 altas=5 medias=238 bajas=462
[2026-04-13 18:37:39,822] INFO - Ticket creado id=1409 cliente=cliente-3 prioridad=baja
[2026-04-13 18:37:39,846] INFO - desk-2 atendio ticket id=1396 prioridad=alta cliente=cliente-2
[2026-04-13 18:37:39,851] INFO - Pantalla publica consultada: total=705 altas=4 medias=238 bajas=463
[2026-04-13 18:37:39,866] INFO - Pantalla publica consultada: total=705 altas=4 medias=238 bajas=463
[2026-04-13 18:37:39,897] INFO - desk-2 atendio ticket id=1397 prioridad=alta cliente=cliente-1
[2026-04-13 18:37:39,905] INFO - Ticket creado id=1410 cliente=cliente-1 prioridad=alta
[2026-04-13 18:37:39,916] INFO - Ticket creado id=1411 cliente=cliente-3 prioridad=alta
[2026-04-13 18:37:39,947] INFO - Ticket creado id=1412 cliente=cliente-2 prioridad=baja
[2026-04-13 18:37:39,956] INFO - Ticket creado id=1413 cliente=cliente-1 prioridad=media
[2026-04-13 18:37:39,966] INFO - Ticket creado id=1414 cliente=cliente-3 prioridad=media
[2026-04-13 18:37:39,998] INFO - Ticket creado id=1415 cliente=cliente-2 prioridad=alta
[2026-04-13 18:37:40,008] INFO - Ticket creado id=1416 cliente=cliente-1 prioridad=alta
[2026-04-13 18:37:40,011] INFO - Pantalla publica consultada: total=711 altas=7 medias=240 bajas=464
[2026-04-13 18:37:40,042] INFO - Pantalla publica consultada: total=711 altas=7 medias=240 bajas=464
[2026-04-13 18:37:40,063] INFO - desk-1 atendio ticket id=1401 prioridad=alta cliente=cliente-3
[2026-04-13 18:37:40,066] INFO - Pantalla publica consultada: total=710 altas=6 medias=240 bajas=464
[2026-04-13 18:37:40,095] INFO - desk-2 atendio ticket id=1403 prioridad=alta cliente=cliente-1
[2026-04-13 18:37:40,116] INFO - desk-1 atendio ticket id=1405 prioridad=alta cliente=cliente-3
[2026-04-13 18:37:40,125] INFO - Ticket creado id=1417 cliente=cliente-3 prioridad=baja
[2026-04-13 18:37:40,146] INFO - Ticket creado id=1418 cliente=cliente-2 prioridad=baja
[2026-04-13 18:37:40,160] INFO - Pantalla publica consultada: total=710 altas=4 medias=240 bajas=466
[2026-04-13 18:37:40,178] INFO - Ticket creado id=1419 cliente=cliente-3 prioridad=media
[2026-04-13 18:37:40,197] INFO - Ticket creado id=1420 cliente=cliente-2 prioridad=media
[2026-04-13 18:37:40,211] INFO - Ticket creado id=1421 cliente=cliente-1 prioridad=alta
[2026-04-13 18:37:40,229] INFO - Ticket creado id=1422 cliente=cliente-3 prioridad=media
[2026-04-13 18:37:40,250] INFO - Ticket creado id=1423 cliente=cliente-2 prioridad=media
[2026-04-13 18:37:40,264] INFO - Ticket creado id=1424 cliente=cliente-1 prioridad=baja
[2026-04-13 18:37:40,281] INFO - Ticket creado id=1425 cliente=cliente-3 prioridad=baja
[2026-04-13 18:37:40,301] INFO - Ticket creado id=1426 cliente=cliente-2 prioridad=alta
[2026-04-13 18:37:40,308] INFO - Pantalla publica consultada: total=718 altas=6 medias=244 bajas=468
[2026-04-13 18:37:40,333] INFO - Ticket creado id=1427 cliente=cliente-3 prioridad=media
[2026-04-13 18:37:40,345] INFO - Pantalla publica consultada: total=719 altas=6 medias=245 bajas=468
[2026-04-13 18:37:40,360] INFO - Ticket creado id=1428 cliente=cliente-1 prioridad=alta
[2026-04-13 18:37:40,377] INFO - Pantalla publica consultada: total=720 altas=7 medias=245 bajas=468
[2026-04-13 18:37:40,395] INFO - Ticket creado id=1429 cliente=cliente-2 prioridad=baja
[2026-04-13 18:37:40,412] INFO - Ticket creado id=1430 cliente=cliente-1 prioridad=alta
[2026-04-13 18:37:40,428] INFO - Ticket creado id=1431 cliente=cliente-3 prioridad=media
[2026-04-13 18:37:40,446] INFO - desk-2 atendio ticket id=1410 prioridad=alta cliente=cliente-1
[2026-04-13 18:37:40,463] INFO - Ticket creado id=1432 cliente=cliente-1 prioridad=alta
[2026-04-13 18:37:40,471] INFO - Pantalla publica consultada: total=723 altas=8 medias=246 bajas=469
[2026-04-13 18:37:40,497] INFO - desk-2 atendio ticket id=1411 prioridad=alta cliente=cliente-3
[2026-04-13 18:37:40,514] INFO - Ticket creado id=1433 cliente=cliente-1 prioridad=alta
[2026-04-13 18:37:40,523] INFO - Ticket creado id=1434 cliente=cliente-3 prioridad=media
[2026-04-13 18:37:40,540] INFO - Pantalla publica consultada: total=724 altas=8 medias=247 bajas=469
[2026-04-13 18:37:40,565] INFO - Ticket creado id=1435 cliente=cliente-1 prioridad=media
[2026-04-13 18:37:40,575] INFO - Ticket creado id=1436 cliente=cliente-3 prioridad=alta
[2026-04-13 18:37:40,584] INFO - Pantalla publica consultada: total=726 altas=9 medias=248 bajas=469
[2026-04-13 18:37:40,615] INFO - desk-1 atendio ticket id=1415 prioridad=alta cliente=cliente-2
[2026-04-13 18:37:40,618] INFO - Pantalla publica consultada: total=725 altas=8 medias=248 bajas=469
[2026-04-13 18:37:40,628] INFO - Pantalla publica consultada: total=725 altas=8 medias=248 bajas=469
[2026-04-13 18:37:40,667] INFO - desk-1 atendio ticket id=1416 prioridad=alta cliente=cliente-1
[2026-04-13 18:37:40,670] INFO - Pantalla publica consultada: total=724 altas=7 medias=248 bajas=469
[2026-04-13 18:37:40,679] INFO - desk-2 atendio ticket id=1421 prioridad=alta cliente=cliente-1
[2026-04-13 18:37:40,718] INFO - desk-1 atendio ticket id=1426 prioridad=alta cliente=cliente-2
[2026-04-13 18:37:40,727] INFO - Ticket creado id=1437 cliente=cliente-3 prioridad=baja
[2026-04-13 18:37:40,736] INFO - Ticket creado id=1438 cliente=cliente-2 prioridad=media
[2026-04-13 18:37:40,771] INFO - desk-1 atendio ticket id=1428 prioridad=alta cliente=cliente-1
[2026-04-13 18:37:40,782] INFO - Ticket creado id=1439 cliente=cliente-3 prioridad=baja
[2026-04-13 18:37:40,791] INFO - desk-2 atendio ticket id=1430 prioridad=alta cliente=cliente-1
[2026-04-13 18:37:40,822] INFO - Ticket creado id=1440 cliente=cliente-1 prioridad=media
[2026-04-13 18:37:40,833] INFO - desk-3 atendio ticket id=1432 prioridad=alta cliente=cliente-1
[2026-04-13 18:37:40,844] INFO - Ticket creado id=1441 cliente=cliente-2 prioridad=alta
[2026-04-13 18:37:40,874] INFO - Ticket creado id=1442 cliente=cliente-1 prioridad=alta
[2026-04-13 18:37:40,878] INFO - Pantalla publica consultada: total=725 altas=4 medias=250 bajas=471
[2026-04-13 18:37:40,895] INFO - Ticket creado id=1443 cliente=cliente-2 prioridad=baja
[2026-04-13 18:37:40,926] INFO - Ticket creado id=1444 cliente=cliente-1 prioridad=media
[2026-04-13 18:37:40,935] INFO - Ticket creado id=1445 cliente=cliente-3 prioridad=baja
[2026-04-13 18:37:40,948] INFO - Ticket creado id=1446 cliente=cliente-2 prioridad=media
[2026-04-13 18:37:40,970] INFO - Pantalla publica consultada: total=729 altas=4 medias=252 bajas=473
[2026-04-13 18:37:40,980] INFO - Pantalla publica consultada: total=729 altas=4 medias=252 bajas=473
[2026-04-13 18:37:41,002] INFO - Ticket creado id=1447 cliente=cliente-2 prioridad=baja
[2026-04-13 18:37:41,022] INFO - Ticket creado id=1448 cliente=cliente-1 prioridad=media
[2026-04-13 18:37:41,031] INFO - Ticket creado id=1449 cliente=cliente-3 prioridad=media
[2026-04-13 18:37:41,054] INFO - Ticket creado id=1450 cliente=cliente-2 prioridad=alta
[2026-04-13 18:37:41,073] INFO - Ticket creado id=1451 cliente=cliente-1 prioridad=media
[2026-04-13 18:37:41,082] INFO - desk-3 atendio ticket id=1433 prioridad=alta cliente=cliente-1
[2026-04-13 18:37:41,104] INFO - Ticket creado id=1452 cliente=cliente-2 prioridad=media
[2026-04-13 18:37:41,123] INFO - Ticket creado id=1453 cliente=cliente-1 prioridad=alta
[2026-04-13 18:37:41,125] INFO - Pantalla publica consultada: total=735 altas=5 medias=256 bajas=474
[2026-04-13 18:37:41,154] INFO - desk-2 atendio ticket id=1436 prioridad=alta cliente=cliente-3
[2026-04-13 18:37:41,166] INFO - Pantalla publica consultada: total=734 altas=4 medias=256 bajas=474
[2026-04-13 18:37:41,176] INFO - Ticket creado id=1454 cliente=cliente-3 prioridad=baja
[2026-04-13 18:37:41,205] INFO - desk-2 atendio ticket id=1441 prioridad=alta cliente=cliente-2
[2026-04-13 18:37:41,210] INFO - Pantalla publica consultada: total=734 altas=3 medias=256 bajas=475
[2026-04-13 18:37:41,221] INFO - Pantalla publica consultada: total=734 altas=3 medias=256 bajas=475
[2026-04-13 18:37:41,249] INFO - Pantalla publica consultada: total=734 altas=3 medias=256 bajas=475
[2026-04-13 18:37:41,260] INFO - Ticket creado id=1455 cliente=cliente-1 prioridad=alta
[2026-04-13 18:37:41,264] INFO - Pantalla publica consultada: total=735 altas=4 medias=256 bajas=475
[2026-04-13 18:37:41,292] INFO - Pantalla publica consultada: total=735 altas=4 medias=256 bajas=475
[2026-04-13 18:37:41,311] INFO - Ticket creado id=1456 cliente=cliente-1 prioridad=media
[2026-04-13 18:37:41,319] INFO - Ticket creado id=1457 cliente=cliente-3 prioridad=baja
[2026-04-13 18:37:41,336] INFO - Pantalla publica consultada: total=737 altas=4 medias=257 bajas=476
[2026-04-13 18:37:41,357] INFO - Pantalla publica consultada: total=737 altas=4 medias=257 bajas=476
[2026-04-13 18:37:41,363] INFO - Pantalla publica consultada: total=737 altas=4 medias=257 bajas=476
[2026-04-13 18:37:41,380] INFO - Pantalla publica consultada: total=737 altas=4 medias=257 bajas=476
[2026-04-13 18:37:41,408] INFO - desk-1 atendio ticket id=1442 prioridad=alta cliente=cliente-1
[2026-04-13 18:37:41,417] INFO - desk-3 atendio ticket id=1450 prioridad=alta cliente=cliente-2
[2026-04-13 18:37:41,431] INFO - Ticket creado id=1458 cliente=cliente-2 prioridad=media
[2026-04-13 18:37:41,458] INFO - desk-1 atendio ticket id=1453 prioridad=alta cliente=cliente-1
[2026-04-13 18:37:41,467] INFO - desk-3 atendio ticket id=1455 prioridad=alta cliente=cliente-1
[2026-04-13 18:37:41,475] INFO - Pantalla publica consultada: total=734 altas=0 medias=258 bajas=476
[2026-04-13 18:37:41,508] INFO - Ticket creado id=1459 cliente=cliente-1 prioridad=alta
[2026-04-13 18:37:41,517] INFO - Ticket creado id=1460 cliente=cliente-3 prioridad=baja
[2026-04-13 18:37:41,527] INFO - desk-2 atendio ticket id=1459 prioridad=alta cliente=cliente-1
[2026-04-13 18:37:41,553] INFO - Pantalla publica consultada: total=735 altas=0 medias=258 bajas=477
[2026-04-13 18:37:41,568] INFO - Ticket creado id=1461 cliente=cliente-3 prioridad=media
[2026-04-13 18:37:41,577] INFO - Ticket creado id=1462 cliente=cliente-2 prioridad=media
[2026-04-13 18:37:41,604] INFO - Ticket creado id=1463 cliente=cliente-1 prioridad=alta
[2026-04-13 18:37:41,619] INFO - desk-3 atendio ticket id=1463 prioridad=alta cliente=cliente-1
[2026-04-13 18:37:41,628] INFO - desk-2 atendio ticket id=710 prioridad=media cliente=cliente-2
[2026-04-13 18:37:41,655] INFO - Ticket creado id=1464 cliente=cliente-1 prioridad=media
[2026-04-13 18:37:41,671] INFO - Ticket creado id=1465 cliente=cliente-3 prioridad=alta
[2026-04-13 18:37:41,674] INFO - Pantalla publica consultada: total=738 altas=1 medias=260 bajas=477
[2026-04-13 18:37:41,707] INFO - Ticket creado id=1466 cliente=cliente-1 prioridad=alta
[2026-04-13 18:37:41,723] INFO - Ticket creado id=1467 cliente=cliente-3 prioridad=alta
[2026-04-13 18:37:41,732] INFO - Ticket creado id=1468 cliente=cliente-2 prioridad=baja
[2026-04-13 18:37:41,751] INFO - Pantalla publica consultada: total=741 altas=3 medias=260 bajas=478
[2026-04-13 18:37:41,774] INFO - Ticket creado id=1469 cliente=cliente-3 prioridad=alta
[2026-04-13 18:37:41,784] INFO - Ticket creado id=1470 cliente=cliente-2 prioridad=baja
[2026-04-13 18:37:41,801] INFO - desk-1 atendio ticket id=1465 prioridad=alta cliente=cliente-3
[2026-04-13 18:37:41,825] INFO - desk-3 atendio ticket id=1466 prioridad=alta cliente=cliente-1
[2026-04-13 18:37:41,827] INFO - Pantalla publica consultada: total=741 altas=2 medias=260 bajas=479
[2026-04-13 18:37:41,845] INFO - Pantalla publica consultada: total=741 altas=2 medias=260 bajas=479
[2026-04-13 18:37:41,876] INFO - desk-3 atendio ticket id=1467 prioridad=alta cliente=cliente-3
[2026-04-13 18:37:41,888] INFO - Ticket creado id=1471 cliente=cliente-2 prioridad=media
[2026-04-13 18:37:41,898] INFO - desk-1 atendio ticket id=1469 prioridad=alta cliente=cliente-3
[2026-04-13 18:37:41,927] INFO - desk-3 atendio ticket id=721 prioridad=media cliente=cliente-3
[2026-04-13 18:37:41,940] INFO - Ticket creado id=1472 cliente=cliente-2 prioridad=alta
[2026-04-13 18:37:41,949] INFO - desk-1 atendio ticket id=1472 prioridad=alta cliente=cliente-2
[2026-04-13 18:37:41,979] INFO - Ticket creado id=1473 cliente=cliente-3 prioridad=baja
[2026-04-13 18:37:41,991] INFO - Ticket creado id=1474 cliente=cliente-2 prioridad=media
[2026-04-13 18:37:42,000] INFO - Ticket creado id=1475 cliente=cliente-1 prioridad=media
[2026-04-13 18:37:42,030] INFO - Ticket creado id=1476 cliente=cliente-3 prioridad=media
[2026-04-13 18:37:42,041] INFO - desk-2 atendio ticket id=732 prioridad=media cliente=cliente-2
[2026-04-13 18:37:42,043] INFO - Pantalla publica consultada: total=742 altas=0 medias=262 bajas=480
[2026-04-13 18:37:42,080] INFO - Ticket creado id=1477 cliente=cliente-3 prioridad=alta
[2026-04-13 18:37:42,092] INFO - Ticket creado id=1478 cliente=cliente-2 prioridad=baja
[2026-04-13 18:37:42,103] INFO - desk-1 atendio ticket id=1477 prioridad=alta cliente=cliente-3
[2026-04-13 18:37:42,132] INFO - desk-3 atendio ticket id=735 prioridad=media cliente=cliente-2
[2026-04-13 18:37:42,145] INFO - Ticket creado id=1479 cliente=cliente-2 prioridad=media
[2026-04-13 18:37:42,161] INFO - Ticket creado id=1480 cliente=cliente-1 prioridad=media
[2026-04-13 18:37:42,178] INFO - Pantalla publica consultada: total=744 altas=0 medias=263 bajas=481
[2026-04-13 18:37:42,198] INFO - Ticket creado id=1481 cliente=cliente-2 prioridad=alta
[2026-04-13 18:37:42,205] INFO - Pantalla publica consultada: total=745 altas=1 medias=263 bajas=481
[2026-04-13 18:37:42,230] INFO - Ticket creado id=1482 cliente=cliente-3 prioridad=alta
[2026-04-13 18:37:42,249] INFO - Ticket creado id=1483 cliente=cliente-2 prioridad=baja
[2026-04-13 18:37:42,252] INFO - Pantalla publica consultada: total=747 altas=2 medias=263 bajas=482
[2026-04-13 18:37:42,274] INFO - Pantalla publica consultada: total=747 altas=2 medias=263 bajas=482
[2026-04-13 18:37:42,302] INFO - desk-2 atendio ticket id=1481 prioridad=alta cliente=cliente-2
[2026-04-13 18:37:42,304] INFO - Pantalla publica consultada: total=746 altas=1 medias=263 bajas=482
[2026-04-13 18:37:42,324] INFO - Ticket creado id=1484 cliente=cliente-3 prioridad=baja
[2026-04-13 18:37:42,354] INFO - desk-2 atendio ticket id=1482 prioridad=alta cliente=cliente-3
[2026-04-13 18:37:42,356] INFO - Pantalla publica consultada: total=746 altas=0 medias=263 bajas=483
[2026-04-13 18:37:42,376] INFO - desk-3 atendio ticket id=737 prioridad=media cliente=cliente-2
[2026-04-13 18:37:42,398] INFO - Pantalla publica consultada: total=745 altas=0 medias=262 bajas=483
[2026-04-13 18:37:42,408] INFO - desk-1 atendio ticket id=738 prioridad=media cliente=cliente-1
[2026-04-13 18:37:42,427] INFO - desk-3 atendio ticket id=743 prioridad=media cliente=cliente-2
[2026-04-13 18:37:42,449] INFO - Ticket creado id=1485 cliente=cliente-2 prioridad=alta
[2026-04-13 18:37:42,459] INFO - desk-1 atendio ticket id=1485 prioridad=alta cliente=cliente-2
[2026-04-13 18:37:42,478] INFO - Ticket creado id=1486 cliente=cliente-3 prioridad=alta
[2026-04-13 18:37:42,500] INFO - Ticket creado id=1487 cliente=cliente-2 prioridad=baja
[2026-04-13 18:37:42,510] INFO - Ticket creado id=1488 cliente=cliente-1 prioridad=alta
[2026-04-13 18:37:42,531] INFO - Ticket creado id=1489 cliente=cliente-3 prioridad=media
[2026-04-13 18:37:42,546] INFO - Pantalla publica consultada: total=747 altas=2 medias=261 bajas=484
[2026-04-13 18:37:42,554] INFO - Pantalla publica consultada: total=747 altas=2 medias=261 bajas=484
[2026-04-13 18:37:42,577] INFO - Pantalla publica consultada: total=747 altas=2 medias=261 bajas=484
[2026-04-13 18:37:42,589] INFO - Pantalla publica consultada: total=747 altas=2 medias=261 bajas=484
[2026-04-13 18:37:42,605] INFO - Ticket creado id=1490 cliente=cliente-1 prioridad=baja
[2026-04-13 18:37:42,628] INFO - Ticket creado id=1491 cliente=cliente-3 prioridad=baja
[2026-04-13 18:37:42,640] INFO - Ticket creado id=1492 cliente=cliente-2 prioridad=media
[2026-04-13 18:37:42,648] INFO - Pantalla publica consultada: total=750 altas=2 medias=262 bajas=486
[2026-04-13 18:37:42,680] INFO - Ticket creado id=1493 cliente=cliente-3 prioridad=alta
[2026-04-13 18:37:42,691] INFO - Ticket creado id=1494 cliente=cliente-2 prioridad=media
[2026-04-13 18:37:42,702] INFO - Ticket creado id=1495 cliente=cliente-1 prioridad=baja
[2026-04-13 18:37:42,731] INFO - Ticket creado id=1496 cliente=cliente-3 prioridad=baja
[2026-04-13 18:37:42,747] INFO - Ticket creado id=1497 cliente=cliente-2 prioridad=media
[2026-04-13 18:37:42,756] INFO - Ticket creado id=1498 cliente=cliente-1 prioridad=media
[2026-04-13 18:37:42,774] INFO - Pantalla publica consultada: total=756 altas=3 medias=265 bajas=488
[2026-04-13 18:37:42,790] INFO - Pantalla publica consultada: total=756 altas=3 medias=265 bajas=488
[2026-04-13 18:37:42,808] INFO - Ticket creado id=1499 cliente=cliente-1 prioridad=baja
[2026-04-13 18:37:42,826] INFO - desk-3 atendio ticket id=1486 prioridad=alta cliente=cliente-3
[2026-04-13 18:37:42,842] INFO - Ticket creado id=1500 cliente=cliente-2 prioridad=baja
[2026-04-13 18:37:42,860] INFO - Ticket creado id=1501 cliente=cliente-1 prioridad=alta
[2026-04-13 18:37:42,869] INFO - Pantalla publica consultada: total=758 altas=3 medias=265 bajas=490
[2026-04-13 18:37:42,893] INFO - desk-2 atendio ticket id=1488 prioridad=alta cliente=cliente-1
[2026-04-13 18:37:42,904] INFO - Pantalla publica consultada: total=757 altas=2 medias=265 bajas=490
[2026-04-13 18:37:42,913] INFO - Pantalla publica consultada: total=757 altas=2 medias=265 bajas=490
[2026-04-13 18:37:42,936] INFO - Pantalla publica consultada: total=757 altas=2 medias=265 bajas=490
[2026-04-13 18:37:42,955] INFO - desk-1 atendio ticket id=1493 prioridad=alta cliente=cliente-3
[2026-04-13 18:37:42,964] INFO - Ticket creado id=1502 cliente=cliente-3 prioridad=media
[2026-04-13 18:37:42,987] INFO - desk-2 atendio ticket id=1501 prioridad=alta cliente=cliente-1
[2026-04-13 18:37:43,006] INFO - desk-1 atendio ticket id=744 prioridad=media cliente=cliente-2
[2026-04-13 18:37:43,008] INFO - Pantalla publica consultada: total=755 altas=0 medias=265 bajas=490
[2026-04-13 18:37:43,031] INFO - Pantalla publica consultada: total=755 altas=0 medias=265 bajas=490
[2026-04-13 18:37:43,057] INFO - Ticket creado id=1503 cliente=cliente-1 prioridad=media
[2026-04-13 18:37:43,059] INFO - Pantalla publica consultada: total=756 altas=0 medias=266 bajas=490
[2026-04-13 18:37:43,082] INFO - Ticket creado id=1504 cliente=cliente-2 prioridad=alta
[2026-04-13 18:37:43,101] INFO - Pantalla publica consultada: total=757 altas=1 medias=266 bajas=490
[2026-04-13 18:37:43,110] INFO - Ticket creado id=1505 cliente=cliente-3 prioridad=baja
[2026-04-13 18:37:43,133] INFO - desk-2 atendio ticket id=1504 prioridad=alta cliente=cliente-2
[2026-04-13 18:37:43,152] INFO - desk-1 atendio ticket id=753 prioridad=media cliente=cliente-2
[2026-04-13 18:37:43,161] INFO - Ticket creado id=1506 cliente=cliente-3 prioridad=baja
[2026-04-13 18:37:43,184] INFO - Ticket creado id=1507 cliente=cliente-2 prioridad=alta
[2026-04-13 18:37:43,195] INFO - Pantalla publica consultada: total=758 altas=1 medias=265 bajas=492
[2026-04-13 18:37:43,213] INFO - desk-3 atendio ticket id=1507 prioridad=alta cliente=cliente-2
[2026-04-13 18:37:43,235] INFO - desk-2 atendio ticket id=755 prioridad=media cliente=cliente-1
[2026-04-13 18:37:43,247] INFO - Ticket creado id=1508 cliente=cliente-1 prioridad=baja
[2026-04-13 18:37:43,264] INFO - desk-3 atendio ticket id=760 prioridad=media cliente=cliente-3
[2026-04-13 18:37:43,287] INFO - Ticket creado id=1509 cliente=cliente-2 prioridad=baja
[2026-04-13 18:37:43,299] INFO - Ticket creado id=1510 cliente=cliente-1 prioridad=baja
[2026-04-13 18:37:43,315] INFO - Ticket creado id=1511 cliente=cliente-3 prioridad=alta
[2026-04-13 18:37:43,331] INFO - Pantalla publica consultada: total=759 altas=1 medias=263 bajas=495
[2026-04-13 18:37:43,343] INFO - Pantalla publica consultada: total=759 altas=1 medias=263 bajas=495
[2026-04-13 18:37:43,366] INFO - Ticket creado id=1512 cliente=cliente-3 prioridad=media
[2026-04-13 18:37:43,381] INFO - desk-2 atendio ticket id=1511 prioridad=alta cliente=cliente-3
[2026-04-13 18:37:43,385] INFO - Pantalla publica consultada: total=759 altas=0 medias=264 bajas=495
[2026-04-13 18:37:43,417] INFO - Ticket creado id=1513 cliente=cliente-3 prioridad=media
[2026-04-13 18:37:43,433] INFO - desk-2 atendio ticket id=762 prioridad=media cliente=cliente-3
[2026-04-13 18:37:43,443] INFO - Ticket creado id=1514 cliente=cliente-1 prioridad=media
[2026-04-13 18:37:43,469] INFO - Ticket creado id=1515 cliente=cliente-3 prioridad=media
[2026-04-13 18:37:43,485] INFO - Ticket creado id=1516 cliente=cliente-2 prioridad=baja
[2026-04-13 18:37:43,496] INFO - Ticket creado id=1517 cliente=cliente-1 prioridad=baja
[2026-04-13 18:37:43,513] INFO - Pantalla publica consultada: total=763 altas=0 medias=266 bajas=497
[2026-04-13 18:37:43,530] INFO - Pantalla publica consultada: total=763 altas=0 medias=266 bajas=497
[2026-04-13 18:37:43,540] INFO - Pantalla publica consultada: total=763 altas=0 medias=266 bajas=497
[2026-04-13 18:37:43,557] INFO - Pantalla publica consultada: total=763 altas=0 medias=266 bajas=497
[2026-04-13 18:37:43,585] INFO - Ticket creado id=1518 cliente=cliente-2 prioridad=baja
[2026-04-13 18:37:43,606] INFO - Ticket creado id=1519 cliente=cliente-1 prioridad=media
[2026-04-13 18:37:43,616] INFO - Ticket creado id=1520 cliente=cliente-3 prioridad=media
[2026-04-13 18:37:43,638] INFO - Ticket creado id=1521 cliente=cliente-2 prioridad=media
[2026-04-13 18:37:43,658] INFO - Ticket creado id=1522 cliente=cliente-1 prioridad=media
[2026-04-13 18:37:43,668] INFO - desk-3 atendio ticket id=763 prioridad=media cliente=cliente-2
[2026-04-13 18:37:43,682] INFO - Pantalla publica consultada: total=767 altas=0 medias=269 bajas=498
[2026-04-13 18:37:43,712] INFO - Ticket creado id=1523 cliente=cliente-1 prioridad=alta
[2026-04-13 18:37:43,722] INFO - Ticket creado id=1524 cliente=cliente-3 prioridad=baja
[2026-04-13 18:37:43,734] INFO - desk-2 atendio ticket id=1523 prioridad=alta cliente=cliente-1
[2026-04-13 18:37:43,766] INFO - Ticket creado id=1525 cliente=cliente-1 prioridad=media
[2026-04-13 18:37:43,768] INFO - Pantalla publica consultada: total=769 altas=0 medias=270 bajas=499
[2026-04-13 18:37:43,787] INFO - desk-2 atendio ticket id=764 prioridad=media cliente=cliente-2
[2026-04-13 18:37:43,811] INFO - Pantalla publica consultada: total=768 altas=0 medias=269 bajas=499
[2026-04-13 18:37:43,814] INFO - Pantalla publica consultada: total=768 altas=0 medias=269 bajas=499
[2026-04-13 18:37:43,838] INFO - Ticket creado id=1526 cliente=cliente-2 prioridad=media
[2026-04-13 18:37:43,855] INFO - Pantalla publica consultada: total=769 altas=0 medias=270 bajas=499
[2026-04-13 18:37:43,858] INFO - Pantalla publica consultada: total=769 altas=0 medias=270 bajas=499
[2026-04-13 18:37:43,890] INFO - Ticket creado id=1527 cliente=cliente-2 prioridad=baja
[2026-04-13 18:37:43,907] INFO - Ticket creado id=1528 cliente=cliente-1 prioridad=media
[2026-04-13 18:37:43,917] INFO - Ticket creado id=1529 cliente=cliente-3 prioridad=media
[2026-04-13 18:37:43,934] INFO - Pantalla publica consultada: total=772 altas=0 medias=272 bajas=500
[2026-04-13 18:37:43,961] INFO - Ticket creado id=1530 cliente=cliente-1 prioridad=media
[2026-04-13 18:37:43,974] INFO - desk-3 atendio ticket id=765 prioridad=media cliente=cliente-1
[2026-04-13 18:37:43,978] INFO - Pantalla publica consultada: total=772 altas=0 medias=272 bajas=500
[2026-04-13 18:37:44,013] INFO - desk-1 atendio ticket id=769 prioridad=media cliente=cliente-3
[2026-04-13 18:37:44,027] INFO - Ticket creado id=1531 cliente=cliente-3 prioridad=media
[2026-04-13 18:37:44,037] INFO - desk-2 atendio ticket id=775 prioridad=media cliente=cliente-3
[2026-04-13 18:37:44,064] INFO - Ticket creado id=1532 cliente=cliente-1 prioridad=baja
[2026-04-13 18:37:44,078] INFO - desk-3 atendio ticket id=776 prioridad=media cliente=cliente-2
[2026-04-13 18:37:44,089] INFO - Ticket creado id=1533 cliente=cliente-2 prioridad=baja
[2026-04-13 18:37:44,116] INFO - Ticket creado id=1534 cliente=cliente-1 prioridad=alta
[2026-04-13 18:37:44,122] INFO - Pantalla publica consultada: total=773 altas=1 medias=270 bajas=502
[2026-04-13 18:37:44,141] INFO - Ticket creado id=1535 cliente=cliente-2 prioridad=media
[2026-04-13 18:37:44,169] INFO - Ticket creado id=1536 cliente=cliente-1 prioridad=media
[2026-04-13 18:37:44,171] INFO - Pantalla publica consultada: total=775 altas=1 medias=272 bajas=502
[2026-04-13 18:37:44,185] INFO - Pantalla publica consultada: total=775 altas=1 medias=272 bajas=502
[2026-04-13 18:37:44,222] INFO - Ticket creado id=1537 cliente=cliente-1 prioridad=media
[2026-04-13 18:37:44,233] INFO - desk-3 atendio ticket id=1534 prioridad=alta cliente=cliente-1
[2026-04-13 18:37:44,244] INFO - Ticket creado id=1538 cliente=cliente-2 prioridad=baja
[2026-04-13 18:37:44,265] INFO - Pantalla publica consultada: total=776 altas=0 medias=273 bajas=503
[2026-04-13 18:37:44,286] INFO - desk-3 atendio ticket id=779 prioridad=media cliente=cliente-2
[2026-04-13 18:37:44,289] INFO - Pantalla publica consultada: total=775 altas=0 medias=272 bajas=503
[2026-04-13 18:37:44,319] INFO - Ticket creado id=1539 cliente=cliente-1 prioridad=baja
[2026-04-13 18:37:44,338] INFO - desk-3 atendio ticket id=780 prioridad=media cliente=cliente-3
[2026-04-13 18:37:44,340] INFO - Pantalla publica consultada: total=775 altas=0 medias=271 bajas=504
[2026-04-13 18:37:44,372] INFO - Ticket creado id=1540 cliente=cliente-1 prioridad=alta
[2026-04-13 18:37:44,382] INFO - Pantalla publica consultada: total=776 altas=1 medias=271 bajas=504
[2026-04-13 18:37:44,393] INFO - desk-2 atendio ticket id=1540 prioridad=alta cliente=cliente-1
[2026-04-13 18:37:44,424] INFO - desk-1 atendio ticket id=788 prioridad=media cliente=cliente-2
[2026-04-13 18:37:44,434] INFO - Ticket creado id=1541 cliente=cliente-3 prioridad=media
[2026-04-13 18:37:44,437] INFO - Pantalla publica consultada: total=775 altas=0 medias=271 bajas=504
[2026-04-13 18:37:44,476] INFO - Ticket creado id=1542 cliente=cliente-1 prioridad=media
[2026-04-13 18:37:44,487] INFO - desk-3 atendio ticket id=790 prioridad=media cliente=cliente-1
[2026-04-13 18:37:44,489] INFO - Pantalla publica consultada: total=775 altas=0 medias=271 bajas=504
[2026-04-13 18:37:44,528] INFO - Ticket creado id=1543 cliente=cliente-1 prioridad=media
[2026-04-13 18:37:44,539] INFO - Ticket creado id=1544 cliente=cliente-3 prioridad=baja
[2026-04-13 18:37:44,549] INFO - Ticket creado id=1545 cliente=cliente-2 prioridad=alta
[2026-04-13 18:37:44,579] INFO - Ticket creado id=1546 cliente=cliente-1 prioridad=media
[2026-04-13 18:37:44,590] INFO - Ticket creado id=1547 cliente=cliente-3 prioridad=media
[2026-04-13 18:37:44,602] INFO - Ticket creado id=1548 cliente=cliente-2 prioridad=baja
[2026-04-13 18:37:44,633] INFO - Ticket creado id=1549 cliente=cliente-1 prioridad=alta
[2026-04-13 18:37:44,638] INFO - Pantalla publica consultada: total=782 altas=2 medias=274 bajas=506
[2026-04-13 18:37:44,656] INFO - desk-2 atendio ticket id=1545 prioridad=alta cliente=cliente-2
[2026-04-13 18:37:44,679] INFO - Pantalla publica consultada: total=781 altas=1 medias=274 bajas=506
[2026-04-13 18:37:44,692] INFO - desk-3 atendio ticket id=1549 prioridad=alta cliente=cliente-1
[2026-04-13 18:37:44,709] INFO - Ticket creado id=1550 cliente=cliente-2 prioridad=baja
[2026-04-13 18:37:44,731] INFO - Ticket creado id=1551 cliente=cliente-1 prioridad=baja
[2026-04-13 18:37:44,736] INFO - Pantalla publica consultada: total=782 altas=0 medias=274 bajas=508
[2026-04-13 18:37:44,761] INFO - desk-2 atendio ticket id=792 prioridad=media cliente=cliente-2
[2026-04-13 18:37:44,775] INFO - Pantalla publica consultada: total=781 altas=0 medias=273 bajas=508
[2026-04-13 18:37:44,788] INFO - Ticket creado id=1552 cliente=cliente-3 prioridad=media
[2026-04-13 18:37:44,814] INFO - desk-2 atendio ticket id=794 prioridad=media cliente=cliente-2
[2026-04-13 18:37:44,828] INFO - Ticket creado id=1553 cliente=cliente-1 prioridad=baja
[2026-04-13 18:37:44,841] INFO - Ticket creado id=1554 cliente=cliente-3 prioridad=media
[2026-04-13 18:37:44,868] INFO - desk-2 atendio ticket id=795 prioridad=media cliente=cliente-1
[2026-04-13 18:37:44,873] INFO - Pantalla publica consultada: total=782 altas=0 medias=273 bajas=509
[2026-04-13 18:37:44,898] INFO - Ticket creado id=1555 cliente=cliente-3 prioridad=baja
[2026-04-13 18:37:44,912] INFO - Pantalla publica consultada: total=783 altas=0 medias=273 bajas=510
[2026-04-13 18:37:44,928] INFO - Ticket creado id=1556 cliente=cliente-1 prioridad=alta
[2026-04-13 18:37:44,951] INFO - Ticket creado id=1557 cliente=cliente-3 prioridad=baja
[2026-04-13 18:37:44,965] INFO - desk-2 atendio ticket id=1556 prioridad=alta cliente=cliente-1
[2026-04-13 18:37:44,981] INFO - Ticket creado id=1558 cliente=cliente-1 prioridad=media
[2026-04-13 18:37:44,995] INFO - Pantalla publica consultada: total=785 altas=0 medias=274 bajas=511
[2026-04-13 18:37:45,008] INFO - Pantalla publica consultada: total=785 altas=0 medias=274 bajas=511
[2026-04-13 18:37:45,033] INFO - Ticket creado id=1559 cliente=cliente-1 prioridad=alta
[2026-04-13 18:37:45,045] INFO - Ticket creado id=1560 cliente=cliente-3 prioridad=baja
[2026-04-13 18:37:45,061] INFO - Ticket creado id=1561 cliente=cliente-2 prioridad=media
[2026-04-13 18:37:45,084] INFO - Ticket creado id=1562 cliente=cliente-1 prioridad=alta
[2026-04-13 18:37:45,089] INFO - Pantalla publica consultada: total=789 altas=2 medias=275 bajas=512
[2026-04-13 18:37:45,113] INFO - Ticket creado id=1563 cliente=cliente-2 prioridad=media
[2026-04-13 18:37:45,138] INFO - Ticket creado id=1564 cliente=cliente-1 prioridad=media
[2026-04-13 18:37:45,148] INFO - Ticket creado id=1565 cliente=cliente-3 prioridad=baja
[2026-04-13 18:37:45,166] INFO - desk-2 atendio ticket id=1559 prioridad=alta cliente=cliente-1
[2026-04-13 18:37:45,190] INFO - desk-1 atendio ticket id=1562 prioridad=alta cliente=cliente-1
[2026-04-13 18:37:45,202] INFO - Ticket creado id=1566 cliente=cliente-3 prioridad=alta
[2026-04-13 18:37:45,218] INFO - desk-2 atendio ticket id=1566 prioridad=alta cliente=cliente-3
[2026-04-13 18:37:45,233] INFO - Pantalla publica consultada: total=790 altas=0 medias=277 bajas=513
[2026-04-13 18:37:45,255] INFO - Ticket creado id=1567 cliente=cliente-3 prioridad=baja
[2026-04-13 18:37:45,272] INFO - Ticket creado id=1568 cliente=cliente-2 prioridad=baja
[2026-04-13 18:37:45,286] INFO - Ticket creado id=1569 cliente=cliente-1 prioridad=baja
[2026-04-13 18:37:45,307] INFO - Ticket creado id=1570 cliente=cliente-3 prioridad=baja
[2026-04-13 18:37:45,324] INFO - desk-2 atendio ticket id=796 prioridad=media cliente=cliente-3
[2026-04-13 18:37:45,330] INFO - Pantalla publica consultada: total=793 altas=0 medias=276 bajas=517
[2026-04-13 18:37:45,359] INFO - Ticket creado id=1571 cliente=cliente-3 prioridad=media
[2026-04-13 18:37:45,377] INFO - desk-2 atendio ticket id=797 prioridad=media cliente=cliente-1
[2026-04-13 18:37:45,387] INFO - Ticket creado id=1572 cliente=cliente-1 prioridad=alta
[2026-04-13 18:37:45,411] INFO - desk-3 atendio ticket id=1572 prioridad=alta cliente=cliente-1
[2026-04-13 18:37:45,429] INFO - desk-2 atendio ticket id=798 prioridad=media cliente=cliente-2
[2026-04-13 18:37:45,440] INFO - Ticket creado id=1573 cliente=cliente-1 prioridad=media
[2026-04-13 18:37:45,463] INFO - Ticket creado id=1574 cliente=cliente-3 prioridad=baja
[2026-04-13 18:37:45,474] INFO - Pantalla publica consultada: total=794 altas=0 medias=276 bajas=518
[2026-04-13 18:37:45,492] INFO - desk-1 atendio ticket id=802 prioridad=media cliente=cliente-1
[2026-04-13 18:37:45,515] INFO - Ticket creado id=1575 cliente=cliente-3 prioridad=baja
[2026-04-13 18:37:45,528] INFO - desk-2 atendio ticket id=805 prioridad=media cliente=cliente-1
[2026-04-13 18:37:45,544] INFO - Ticket creado id=1576 cliente=cliente-1 prioridad=alta
[2026-04-13 18:37:45,568] INFO - Ticket creado id=1577 cliente=cliente-3 prioridad=media
[2026-04-13 18:37:45,580] INFO - Ticket creado id=1578 cliente=cliente-2 prioridad=baja
[2026-04-13 18:37:45,597] INFO - desk-1 atendio ticket id=1576 prioridad=alta cliente=cliente-1
[2026-04-13 18:37:45,621] INFO - Ticket creado id=1579 cliente=cliente-3 prioridad=baja
[2026-04-13 18:37:45,632] INFO - Ticket creado id=1580 cliente=cliente-2 prioridad=alta
[2026-04-13 18:37:45,649] INFO - Ticket creado id=1581 cliente=cliente-1 prioridad=media
[2026-04-13 18:37:45,674] INFO - Ticket creado id=1582 cliente=cliente-3 prioridad=alta
[2026-04-13 18:37:45,685] INFO - Ticket creado id=1583 cliente=cliente-2 prioridad=alta
[2026-04-13 18:37:45,702] INFO - Ticket creado id=1584 cliente=cliente-1 prioridad=baja
[2026-04-13 18:37:45,728] INFO - Ticket creado id=1585 cliente=cliente-3 prioridad=alta
[2026-04-13 18:37:45,740] INFO - Ticket creado id=1586 cliente=cliente-2 prioridad=alta
[2026-04-13 18:37:45,754] INFO - Ticket creado id=1587 cliente=cliente-1 prioridad=baja
[2026-04-13 18:37:45,773] INFO - Pantalla publica consultada: total=804 altas=5 medias=276 bajas=523
[2026-04-13 18:37:45,793] INFO - Ticket creado id=1588 cliente=cliente-2 prioridad=baja
[2026-04-13 18:37:45,798] INFO - Pantalla publica consultada: total=805 altas=5 medias=276 bajas=524
[2026-04-13 18:37:45,817] INFO - Pantalla publica consultada: total=805 altas=5 medias=276 bajas=524
[2026-04-13 18:37:45,846] INFO - Ticket creado id=1589 cliente=cliente-2 prioridad=baja
[2026-04-13 18:37:45,860] INFO - Ticket creado id=1590 cliente=cliente-1 prioridad=baja
[2026-04-13 18:37:45,865] INFO - Pantalla publica consultada: total=807 altas=5 medias=276 bajas=526
[2026-04-13 18:37:45,901] INFO - desk-2 atendio ticket id=1580 prioridad=alta cliente=cliente-2
[2026-04-13 18:37:45,906] INFO - Pantalla publica consultada: total=806 altas=4 medias=276 bajas=526
[2026-04-13 18:37:45,918] INFO - desk-3 atendio ticket id=1582 prioridad=alta cliente=cliente-3
[2026-04-13 18:37:45,955] INFO - Ticket creado id=1591 cliente=cliente-2 prioridad=alta
[2026-04-13 18:37:45,966] INFO - Ticket creado id=1592 cliente=cliente-1 prioridad=baja
[2026-04-13 18:37:45,977] INFO - Ticket creado id=1593 cliente=cliente-3 prioridad=alta
[2026-04-13 18:37:46,008] INFO - Ticket creado id=1594 cliente=cliente-2 prioridad=media
[2026-04-13 18:37:46,019] INFO - Ticket creado id=1595 cliente=cliente-1 prioridad=baja
[2026-04-13 18:37:46,029] INFO - Ticket creado id=1596 cliente=cliente-3 prioridad=media
[2026-04-13 18:37:46,059] INFO - Ticket creado id=1597 cliente=cliente-2 prioridad=baja
[2026-04-13 18:37:46,062] INFO - Pantalla publica consultada: total=812 altas=5 medias=278 bajas=529
[2026-04-13 18:37:46,082] INFO - Ticket creado id=1598 cliente=cliente-3 prioridad=media
[2026-04-13 18:37:46,110] INFO - Ticket creado id=1599 cliente=cliente-2 prioridad=alta
[2026-04-13 18:37:46,121] INFO - Ticket creado id=1600 cliente=cliente-1 prioridad=baja
[2026-04-13 18:37:46,135] INFO - Ticket creado id=1601 cliente=cliente-3 prioridad=alta
[2026-04-13 18:37:46,162] INFO - desk-2 atendio ticket id=1583 prioridad=alta cliente=cliente-2
[2026-04-13 18:37:46,172] INFO - Ticket creado id=1602 cliente=cliente-1 prioridad=alta
[2026-04-13 18:37:46,187] INFO - Ticket creado id=1603 cliente=cliente-3 prioridad=media
[2026-04-13 18:37:46,212] INFO - desk-2 atendio ticket id=1585 prioridad=alta cliente=cliente-3
[2026-04-13 18:37:46,223] INFO - desk-1 atendio ticket id=1586 prioridad=alta cliente=cliente-2
[2026-04-13 18:37:46,231] INFO - Pantalla publica consultada: total=815 altas=5 medias=280 bajas=530
[2026-04-13 18:37:46,257] INFO - Pantalla publica consultada: total=815 altas=5 medias=280 bajas=530
[2026-04-13 18:37:46,275] INFO - desk-1 atendio ticket id=1591 prioridad=alta cliente=cliente-2
[2026-04-13 18:37:46,285] INFO - desk-3 atendio ticket id=1593 prioridad=alta cliente=cliente-3
[2026-04-13 18:37:46,300] INFO - Pantalla publica consultada: total=813 altas=3 medias=280 bajas=530
[2026-04-13 18:37:46,321] INFO - Pantalla publica consultada: total=813 altas=3 medias=280 bajas=530
[2026-04-13 18:37:46,334] INFO - Ticket creado id=1604 cliente=cliente-3 prioridad=alta
[2026-04-13 18:37:46,349] INFO - desk-2 atendio ticket id=1599 prioridad=alta cliente=cliente-2
[2026-04-13 18:37:46,371] INFO - Ticket creado id=1605 cliente=cliente-1 prioridad=baja
[2026-04-13 18:37:46,387] INFO - Ticket creado id=1606 cliente=cliente-3 prioridad=media
[2026-04-13 18:37:46,392] INFO - Pantalla publica consultada: total=815 altas=3 medias=281 bajas=531
[2026-04-13 18:37:46,425] INFO - desk-1 atendio ticket id=1601 prioridad=alta cliente=cliente-3
[2026-04-13 18:37:46,442] INFO - desk-3 atendio ticket id=1602 prioridad=alta cliente=cliente-1
[2026-04-13 18:37:46,454] INFO - Ticket creado id=1607 cliente=cliente-2 prioridad=alta
[2026-04-13 18:37:46,477] INFO - Ticket creado id=1608 cliente=cliente-1 prioridad=alta
[2026-04-13 18:37:46,495] INFO - desk-3 atendio ticket id=1604 prioridad=alta cliente=cliente-3
[2026-04-13 18:37:46,506] INFO - Ticket creado id=1609 cliente=cliente-2 prioridad=media
[2026-04-13 18:37:46,529] INFO - Ticket creado id=1610 cliente=cliente-1 prioridad=media
[2026-04-13 18:37:46,547] INFO - Ticket creado id=1611 cliente=cliente-3 prioridad=baja
[2026-04-13 18:37:46,558] INFO - Ticket creado id=1612 cliente=cliente-2 prioridad=alta
[2026-04-13 18:37:46,582] INFO - desk-1 atendio ticket id=1607 prioridad=alta cliente=cliente-2
[2026-04-13 18:37:46,599] INFO - Ticket creado id=1613 cliente=cliente-3 prioridad=baja
[2026-04-13 18:37:46,610] INFO - desk-2 atendio ticket id=1608 prioridad=alta cliente=cliente-1
[2026-04-13 18:37:46,625] INFO - Pantalla publica consultada: total=817 altas=1 medias=283 bajas=533
[2026-04-13 18:37:46,643] INFO - Pantalla publica consultada: total=817 altas=1 medias=283 bajas=533
[2026-04-13 18:37:46,661] INFO - desk-2 atendio ticket id=1612 prioridad=alta cliente=cliente-2
[2026-04-13 18:37:46,679] INFO - desk-1 atendio ticket id=808 prioridad=media cliente=cliente-2
[2026-04-13 18:37:46,695] INFO - Ticket creado id=1614 cliente=cliente-3 prioridad=media
[2026-04-13 18:37:46,713] INFO - desk-2 atendio ticket id=812 prioridad=media cliente=cliente-1
[2026-04-13 18:37:46,730] INFO - Ticket creado id=1615 cliente=cliente-1 prioridad=alta
[2026-04-13 18:37:46,747] INFO - Ticket creado id=1616 cliente=cliente-3 prioridad=baja
[2026-04-13 18:37:46,758] INFO - Pantalla publica consultada: total=817 altas=1 medias=282 bajas=534
[2026-04-13 18:37:46,782] INFO - desk-1 atendio ticket id=1615 prioridad=alta cliente=cliente-1
[2026-04-13 18:37:46,791] INFO - Pantalla publica consultada: total=816 altas=0 medias=282 bajas=534
[2026-04-13 18:37:46,801] INFO - Pantalla publica consultada: total=816 altas=0 medias=282 bajas=534
[2026-04-13 18:37:46,826] INFO - Pantalla publica consultada: total=816 altas=0 medias=282 bajas=534
[2026-04-13 18:37:46,842] INFO - desk-3 atendio ticket id=818 prioridad=media cliente=cliente-2
[2026-04-13 18:37:46,854] INFO - Ticket creado id=1617 cliente=cliente-2 prioridad=media
[2026-04-13 18:37:46,869] INFO - Pantalla publica consultada: total=816 altas=0 medias=282 bajas=534
[2026-04-13 18:37:46,894] INFO - Ticket creado id=1618 cliente=cliente-3 prioridad=media
[2026-04-13 18:37:46,905] INFO - desk-2 atendio ticket id=822 prioridad=media cliente=cliente-3
[2026-04-13 18:37:46,921] INFO - desk-1 atendio ticket id=824 prioridad=media cliente=cliente-3
[2026-04-13 18:37:46,946] INFO - desk-3 atendio ticket id=826 prioridad=media cliente=cliente-1
[2026-04-13 18:37:46,957] INFO - Ticket creado id=1619 cliente=cliente-2 prioridad=baja
[2026-04-13 18:37:46,965] INFO - Pantalla publica consultada: total=815 altas=0 medias=280 bajas=535
[2026-04-13 18:37:46,998] INFO - desk-3 atendio ticket id=828 prioridad=media cliente=cliente-2
[2026-04-13 18:37:47,011] INFO - Ticket creado id=1620 cliente=cliente-2 prioridad=media
[2026-04-13 18:37:47,021] INFO - desk-1 atendio ticket id=830 prioridad=media cliente=cliente-2
[2026-04-13 18:37:47,050] INFO - desk-3 atendio ticket id=831 prioridad=media cliente=cliente-1
[2026-04-13 18:37:47,064] INFO - Ticket creado id=1621 cliente=cliente-2 prioridad=alta
[2026-04-13 18:37:47,066] INFO - Pantalla publica consultada: total=814 altas=1 medias=278 bajas=535
[2026-04-13 18:37:47,102] INFO - Ticket creado id=1622 cliente=cliente-3 prioridad=alta
[2026-04-13 18:37:47,116] INFO - desk-2 atendio ticket id=1621 prioridad=alta cliente=cliente-2
[2026-04-13 18:37:47,127] INFO - Ticket creado id=1623 cliente=cliente-1 prioridad=media
[2026-04-13 18:37:47,146] INFO - Pantalla publica consultada: total=815 altas=1 medias=279 bajas=535
[2026-04-13 18:37:47,160] INFO - Pantalla publica consultada: total=815 altas=1 medias=279 bajas=535
[2026-04-13 18:37:47,179] INFO - Ticket creado id=1624 cliente=cliente-1 prioridad=alta
[2026-04-13 18:37:47,198] INFO - Ticket creado id=1625 cliente=cliente-3 prioridad=baja
[2026-04-13 18:37:47,212] INFO - desk-2 atendio ticket id=1622 prioridad=alta cliente=cliente-3
[2026-04-13 18:37:47,223] INFO - Pantalla publica consultada: total=816 altas=1 medias=279 bajas=536
[2026-04-13 18:37:47,243] INFO - Pantalla publica consultada: total=816 altas=1 medias=279 bajas=536
[2026-04-13 18:37:47,264] INFO - Ticket creado id=1626 cliente=cliente-2 prioridad=alta
[2026-04-13 18:37:47,267] INFO - Pantalla publica consultada: total=817 altas=2 medias=279 bajas=536
[2026-04-13 18:37:47,295] INFO - Ticket creado id=1627 cliente=cliente-3 prioridad=media
[2026-04-13 18:37:47,316] INFO - Ticket creado id=1628 cliente=cliente-2 prioridad=baja
[2026-04-13 18:37:47,326] INFO - desk-1 atendio ticket id=1624 prioridad=alta cliente=cliente-1
[2026-04-13 18:37:47,347] INFO - Ticket creado id=1629 cliente=cliente-3 prioridad=baja
[2026-04-13 18:37:47,360] INFO - Pantalla publica consultada: total=819 altas=1 medias=280 bajas=538
[2026-04-13 18:37:47,377] INFO - Ticket creado id=1630 cliente=cliente-1 prioridad=media
[2026-04-13 18:37:47,398] INFO - Ticket creado id=1631 cliente=cliente-3 prioridad=media
[2026-04-13 18:37:47,411] INFO - Ticket creado id=1632 cliente=cliente-2 prioridad=baja
[2026-04-13 18:37:47,421] INFO - Pantalla publica consultada: total=822 altas=1 medias=282 bajas=539
[2026-04-13 18:37:47,450] INFO - Ticket creado id=1633 cliente=cliente-3 prioridad=alta
[2026-04-13 18:37:47,462] INFO - Ticket creado id=1634 cliente=cliente-2 prioridad=alta
[2026-04-13 18:37:47,477] INFO - Ticket creado id=1635 cliente=cliente-1 prioridad=baja
[2026-04-13 18:37:47,494] INFO - Pantalla publica consultada: total=825 altas=3 medias=282 bajas=540
[2026-04-13 18:37:47,516] INFO - Ticket creado id=1636 cliente=cliente-2 prioridad=alta
[2026-04-13 18:37:47,531] INFO - desk-1 atendio ticket id=1626 prioridad=alta cliente=cliente-2
[2026-04-13 18:37:47,546] INFO - Ticket creado id=1637 cliente=cliente-3 prioridad=media
[2026-04-13 18:37:47,569] INFO - desk-2 atendio ticket id=1633 prioridad=alta cliente=cliente-3
[2026-04-13 18:37:47,583] INFO - Ticket creado id=1638 cliente=cliente-1 prioridad=alta
[2026-04-13 18:37:47,598] INFO - Ticket creado id=1639 cliente=cliente-3 prioridad=media
[2026-04-13 18:37:47,613] INFO - Pantalla publica consultada: total=827 altas=3 medias=284 bajas=540
[2026-04-13 18:37:47,635] INFO - desk-1 atendio ticket id=1634 prioridad=alta cliente=cliente-2
[2026-04-13 18:37:47,649] INFO - Ticket creado id=1640 cliente=cliente-3 prioridad=baja
[2026-04-13 18:37:47,664] INFO - Ticket creado id=1641 cliente=cliente-2 prioridad=baja
[2026-04-13 18:37:47,688] INFO - Ticket creado id=1642 cliente=cliente-1 prioridad=baja
[2026-04-13 18:37:47,700] INFO - Ticket creado id=1643 cliente=cliente-3 prioridad=alta
[2026-04-13 18:37:47,716] INFO - Ticket creado id=1644 cliente=cliente-2 prioridad=media
[2026-04-13 18:37:47,748] INFO - Ticket creado id=1645 cliente=cliente-1 prioridad=baja
[2026-04-13 18:37:47,767] INFO - Ticket creado id=1646 cliente=cliente-3 prioridad=media
[2026-04-13 18:37:47,778] INFO - desk-2 atendio ticket id=1636 prioridad=alta cliente=cliente-2
[2026-04-13 18:37:47,803] INFO - Ticket creado id=1647 cliente=cliente-1 prioridad=media
[2026-04-13 18:37:47,811] INFO - Pantalla publica consultada: total=833 altas=2 medias=287 bajas=544
[2026-04-13 18:37:47,830] INFO - desk-2 atendio ticket id=1638 prioridad=alta cliente=cliente-1
[2026-04-13 18:37:47,856] INFO - desk-1 atendio ticket id=1643 prioridad=alta cliente=cliente-3
[2026-04-13 18:37:47,867] INFO - Ticket creado id=1648 cliente=cliente-3 prioridad=baja
[2026-04-13 18:37:47,882] INFO - Ticket creado id=1649 cliente=cliente-2 prioridad=media
[2026-04-13 18:37:47,908] INFO - desk-1 atendio ticket id=833 prioridad=media cliente=cliente-1
[2026-04-13 18:37:47,910] INFO - Pantalla publica consultada: total=832 altas=0 medias=287 bajas=545
[2026-04-13 18:37:47,934] INFO - Ticket creado id=1650 cliente=cliente-2 prioridad=media
[2026-04-13 18:37:47,961] INFO - desk-1 atendio ticket id=834 prioridad=media cliente=cliente-2
[2026-04-13 18:37:47,971] INFO - desk-3 atendio ticket id=835 prioridad=media cliente=cliente-3
[2026-04-13 18:37:47,985] INFO - desk-2 atendio ticket id=836 prioridad=media cliente=cliente-2
[2026-04-13 18:37:48,016] INFO - Ticket creado id=1651 cliente=cliente-1 prioridad=alta
[2026-04-13 18:37:48,026] INFO - Ticket creado id=1652 cliente=cliente-3 prioridad=media
[2026-04-13 18:37:48,037] INFO - desk-2 atendio ticket id=1651 prioridad=alta cliente=cliente-1
[2026-04-13 18:37:48,060] INFO - Pantalla publica consultada: total=831 altas=0 medias=286 bajas=545
[2026-04-13 18:37:48,078] INFO - Ticket creado id=1653 cliente=cliente-3 prioridad=alta
[2026-04-13 18:37:48,091] INFO - Ticket creado id=1654 cliente=cliente-2 prioridad=alta
[2026-04-13 18:37:48,105] INFO - Pantalla publica consultada: total=833 altas=2 medias=286 bajas=545
[2026-04-13 18:37:48,121] INFO - Pantalla publica consultada: total=833 altas=2 medias=286 bajas=545
[2026-04-13 18:37:48,142] INFO - Ticket creado id=1655 cliente=cliente-2 prioridad=baja
[2026-04-13 18:37:48,149] INFO - Pantalla publica consultada: total=834 altas=2 medias=286 bajas=546
[2026-04-13 18:37:48,165] INFO - Pantalla publica consultada: total=834 altas=2 medias=286 bajas=546
[2026-04-13 18:37:48,196] INFO - desk-2 atendio ticket id=1653 prioridad=alta cliente=cliente-3
[2026-04-13 18:37:48,206] INFO - Ticket creado id=1656 cliente=cliente-1 prioridad=baja
[2026-04-13 18:37:48,209] INFO - Pantalla publica consultada: total=834 altas=1 medias=286 bajas=547
[2026-04-13 18:37:48,247] INFO - Ticket creado id=1657 cliente=cliente-2 prioridad=baja
[2026-04-13 18:37:48,261] INFO - Ticket creado id=1658 cliente=cliente-1 prioridad=alta
[2026-04-13 18:37:48,272] INFO - Ticket creado id=1659 cliente=cliente-3 prioridad=baja
[2026-04-13 18:37:48,299] INFO - desk-2 atendio ticket id=1654 prioridad=alta cliente=cliente-2
[2026-04-13 18:37:48,314] INFO - Ticket creado id=1660 cliente=cliente-1 prioridad=baja
[2026-04-13 18:37:48,324] INFO - Ticket creado id=1661 cliente=cliente-3 prioridad=alta
[2026-04-13 18:37:48,344] INFO - Pantalla publica consultada: total=838 altas=2 medias=286 bajas=550
[2026-04-13 18:37:48,365] INFO - Ticket creado id=1662 cliente=cliente-1 prioridad=media
[2026-04-13 18:37:48,368] INFO - Pantalla publica consultada: total=839 altas=2 medias=287 bajas=550
[2026-04-13 18:37:48,397] INFO - Ticket creado id=1663 cliente=cliente-2 prioridad=media
[2026-04-13 18:37:48,420] INFO - Ticket creado id=1664 cliente=cliente-1 prioridad=baja
[2026-04-13 18:37:48,422] INFO - Pantalla publica consultada: total=841 altas=2 medias=288 bajas=551
[2026-04-13 18:37:48,449] INFO - Ticket creado id=1665 cliente=cliente-2 prioridad=media
[2026-04-13 18:37:48,474] INFO - Ticket creado id=1666 cliente=cliente-1 prioridad=baja
[2026-04-13 18:37:48,477] INFO - Pantalla publica consultada: total=843 altas=2 medias=289 bajas=552
[2026-04-13 18:37:48,500] INFO - desk-2 atendio ticket id=1658 prioridad=alta cliente=cliente-1
[2026-04-13 18:37:48,519] INFO - Pantalla publica consultada: total=842 altas=1 medias=289 bajas=552
[2026-04-13 18:37:48,522] INFO - Pantalla publica consultada: total=842 altas=1 medias=289 bajas=552
[2026-04-13 18:37:48,552] INFO - Ticket creado id=1667 cliente=cliente-2 prioridad=alta
[2026-04-13 18:37:48,572] INFO - Ticket creado id=1668 cliente=cliente-1 prioridad=baja
[2026-04-13 18:37:48,575] INFO - Pantalla publica consultada: total=844 altas=2 medias=289 bajas=553
[2026-04-13 18:37:48,604] INFO - Ticket creado id=1669 cliente=cliente-2 prioridad=alta
[2026-04-13 18:37:48,626] INFO - desk-1 atendio ticket id=1661 prioridad=alta cliente=cliente-3
[2026-04-13 18:37:48,637] INFO - desk-3 atendio ticket id=1667 prioridad=alta cliente=cliente-2
[2026-04-13 18:37:48,657] INFO - Ticket creado id=1670 cliente=cliente-2 prioridad=baja
[2026-04-13 18:37:48,679] INFO - Ticket creado id=1671 cliente=cliente-1 prioridad=media
[2026-04-13 18:37:48,691] INFO - Ticket creado id=1672 cliente=cliente-3 prioridad=baja
[2026-04-13 18:37:48,701] INFO - Pantalla publica consultada: total=846 altas=1 medias=290 bajas=555
[2026-04-13 18:37:48,732] INFO - Ticket creado id=1673 cliente=cliente-1 prioridad=alta
[2026-04-13 18:37:48,742] INFO - Ticket creado id=1674 cliente=cliente-3 prioridad=alta
[2026-04-13 18:37:48,753] INFO - Ticket creado id=1675 cliente=cliente-2 prioridad=baja
[2026-04-13 18:37:48,786] INFO - desk-1 atendio ticket id=1669 prioridad=alta cliente=cliente-2
[2026-04-13 18:37:48,805] INFO - Ticket creado id=1676 cliente=cliente-3 prioridad=media
[2026-04-13 18:37:48,817] INFO - Ticket creado id=1677 cliente=cliente-2 prioridad=alta
[2026-04-13 18:37:48,840] INFO - Ticket creado id=1678 cliente=cliente-1 prioridad=media
[2026-04-13 18:37:48,858] INFO - desk-3 atendio ticket id=1673 prioridad=alta cliente=cliente-1
[2026-04-13 18:37:48,869] INFO - Ticket creado id=1679 cliente=cliente-2 prioridad=media
[2026-04-13 18:37:48,885] INFO - Pantalla publica consultada: total=851 altas=2 medias=293 bajas=556
[2026-04-13 18:37:48,911] INFO - Ticket creado id=1680 cliente=cliente-3 prioridad=baja
[2026-04-13 18:37:48,913] INFO - Pantalla publica consultada: total=852 altas=2 medias=293 bajas=557
[2026-04-13 18:37:48,929] INFO - Pantalla publica consultada: total=852 altas=2 medias=293 bajas=557
[2026-04-13 18:37:48,965] INFO - Ticket creado id=1681 cliente=cliente-3 prioridad=media
[2026-04-13 18:37:48,977] INFO - Ticket creado id=1682 cliente=cliente-2 prioridad=media
[2026-04-13 18:37:48,989] INFO - desk-1 atendio ticket id=1674 prioridad=alta cliente=cliente-3
[2026-04-13 18:37:49,009] INFO - Pantalla publica consultada: total=853 altas=1 medias=295 bajas=557
[2026-04-13 18:37:49,031] INFO - desk-2 atendio ticket id=1677 prioridad=alta cliente=cliente-2
[2026-04-13 18:37:49,041] INFO - desk-1 atendio ticket id=837 prioridad=media cliente=cliente-2
[2026-04-13 18:37:49,054] INFO - Pantalla publica consultada: total=851 altas=0 medias=294 bajas=557
[2026-04-13 18:37:49,075] INFO - Pantalla publica consultada: total=851 altas=0 medias=294 bajas=557
[2026-04-13 18:37:49,095] INFO - Ticket creado id=1683 cliente=cliente-1 prioridad=alta
[2026-04-13 18:37:49,098] INFO - Pantalla publica consultada: total=852 altas=1 medias=294 bajas=557
[2026-04-13 18:37:49,127] INFO - Ticket creado id=1684 cliente=cliente-2 prioridad=alta
[2026-04-13 18:37:49,139] INFO - Pantalla publica consultada: total=853 altas=2 medias=294 bajas=557
[2026-04-13 18:37:49,141] INFO - Pantalla publica consultada: total=853 altas=2 medias=294 bajas=557
[2026-04-13 18:37:49,180] INFO - Ticket creado id=1685 cliente=cliente-2 prioridad=media
[2026-04-13 18:37:49,192] INFO - Ticket creado id=1686 cliente=cliente-1 prioridad=media
[2026-04-13 18:37:49,206] INFO - Ticket creado id=1687 cliente=cliente-3 prioridad=alta
[2026-04-13 18:37:49,233] INFO - Ticket creado id=1688 cliente=cliente-2 prioridad=media
[2026-04-13 18:37:49,245] INFO - Ticket creado id=1689 cliente=cliente-1 prioridad=baja
[2026-04-13 18:37:49,250] INFO - Pantalla publica consultada: total=858 altas=3 medias=297 bajas=558
[2026-04-13 18:37:49,286] INFO - Ticket creado id=1690 cliente=cliente-2 prioridad=baja
[2026-04-13 18:37:49,298] INFO - Ticket creado id=1691 cliente=cliente-1 prioridad=media
[2026-04-13 18:37:49,311] INFO - Ticket creado id=1692 cliente=cliente-3 prioridad=baja
[2026-04-13 18:37:49,331] INFO - Pantalla publica consultada: total=861 altas=3 medias=298 bajas=560
[2026-04-13 18:37:49,346] INFO - Pantalla publica consultada: total=861 altas=3 medias=298 bajas=560
[2026-04-13 18:37:49,369] INFO - desk-3 atendio ticket id=1683 prioridad=alta cliente=cliente-1
[2026-04-13 18:37:49,376] INFO - Pantalla publica consultada: total=860 altas=2 medias=298 bajas=560
[2026-04-13 18:37:49,402] INFO - Ticket creado id=1693 cliente=cliente-1 prioridad=media
[2026-04-13 18:37:49,423] INFO - Ticket creado id=1694 cliente=cliente-3 prioridad=media
[2026-04-13 18:37:49,434] INFO - desk-2 atendio ticket id=1684 prioridad=alta cliente=cliente-2
[2026-04-13 18:37:49,454] INFO - desk-1 atendio ticket id=1687 prioridad=alta cliente=cliente-3
[2026-04-13 18:37:49,467] INFO - Pantalla publica consultada: total=860 altas=0 medias=300 bajas=560
[2026-04-13 18:37:49,478] INFO - Pantalla publica consultada: total=860 altas=0 medias=300 bajas=560
[2026-04-13 18:37:49,499] INFO - Pantalla publica consultada: total=860 altas=0 medias=300 bajas=560
[2026-04-13 18:37:49,521] INFO - Ticket creado id=1695 cliente=cliente-3 prioridad=baja
[2026-04-13 18:37:49,532] INFO - Ticket creado id=1696 cliente=cliente-2 prioridad=media
[2026-04-13 18:37:49,551] INFO - Ticket creado id=1697 cliente=cliente-1 prioridad=media
[2026-04-13 18:37:49,575] INFO - Ticket creado id=1698 cliente=cliente-3 prioridad=media
[2026-04-13 18:37:49,577] INFO - Pantalla publica consultada: total=864 altas=0 medias=303 bajas=561
[2026-04-13 18:37:49,604] INFO - desk-1 atendio ticket id=839 prioridad=media cliente=cliente-3
[2026-04-13 18:37:49,620] INFO - Pantalla publica consultada: total=863 altas=0 medias=302 bajas=561
[2026-04-13 18:37:49,631] INFO - desk-2 atendio ticket id=847 prioridad=media cliente=cliente-1
[2026-04-13 18:37:49,657] INFO - Ticket creado id=1699 cliente=cliente-1 prioridad=media
[2026-04-13 18:37:49,672] INFO - Ticket creado id=1700 cliente=cliente-3 prioridad=alta
[2026-04-13 18:37:49,675] INFO - Pantalla publica consultada: total=864 altas=1 medias=302 bajas=561
[2026-04-13 18:37:49,710] INFO - Ticket creado id=1701 cliente=cliente-1 prioridad=baja
[2026-04-13 18:37:49,725] INFO - Ticket creado id=1702 cliente=cliente-3 prioridad=alta
[2026-04-13 18:37:49,737] INFO - desk-2 atendio ticket id=1700 prioridad=alta cliente=cliente-3
[2026-04-13 18:37:49,763] INFO - desk-1 atendio ticket id=1702 prioridad=alta cliente=cliente-3
[2026-04-13 18:37:49,778] INFO - desk-3 atendio ticket id=849 prioridad=media cliente=cliente-3
[2026-04-13 18:37:49,789] INFO - desk-2 atendio ticket id=859 prioridad=media cliente=cliente-3
[2026-04-13 18:37:49,816] INFO - Ticket creado id=1703 cliente=cliente-1 prioridad=media
[2026-04-13 18:37:49,830] INFO - Ticket creado id=1704 cliente=cliente-3 prioridad=media
[2026-04-13 18:37:49,841] INFO - Ticket creado id=1705 cliente=cliente-2 prioridad=media
[2026-04-13 18:37:49,869] INFO - Ticket creado id=1706 cliente=cliente-1 prioridad=baja
[2026-04-13 18:37:49,873] INFO - Pantalla publica consultada: total=866 altas=0 medias=303 bajas=563
[2026-04-13 18:37:49,892] INFO - Ticket creado id=1707 cliente=cliente-2 prioridad=media
[2026-04-13 18:37:49,922] INFO - desk-1 atendio ticket id=862 prioridad=media cliente=cliente-1
[2026-04-13 18:37:49,933] INFO - Ticket creado id=1708 cliente=cliente-3 prioridad=baja
[2026-04-13 18:37:49,944] INFO - desk-2 atendio ticket id=863 prioridad=media cliente=cliente-1
[2026-04-13 18:37:49,978] INFO - desk-1 atendio ticket id=865 prioridad=media cliente=cliente-1
[2026-04-13 18:37:49,989] INFO - Ticket creado id=1709 cliente=cliente-3 prioridad=media
[2026-04-13 18:37:49,999] INFO - Ticket creado id=1710 cliente=cliente-2 prioridad=baja
[2026-04-13 18:37:50,023] INFO - Pantalla publica consultada: total=867 altas=0 medias=302 bajas=565
[2026-04-13 18:37:50,040] INFO - desk-3 atendio ticket id=866 prioridad=media cliente=cliente-2
[2026-04-13 18:37:50,051] INFO - Ticket creado id=1711 cliente=cliente-2 prioridad=alta
[2026-04-13 18:37:50,075] INFO - Ticket creado id=1712 cliente=cliente-1 prioridad=baja
[2026-04-13 18:37:50,093] INFO - Ticket creado id=1713 cliente=cliente-3 prioridad=media
[2026-04-13 18:37:50,104] INFO - Ticket creado id=1714 cliente=cliente-2 prioridad=baja
[2026-04-13 18:37:50,129] INFO - Ticket creado id=1715 cliente=cliente-1 prioridad=baja
[2026-04-13 18:37:50,146] INFO - Ticket creado id=1716 cliente=cliente-3 prioridad=baja
[2026-04-13 18:37:50,148] INFO - Pantalla publica consultada: total=872 altas=1 medias=302 bajas=569
[2026-04-13 18:37:50,181] INFO - desk-1 atendio ticket id=1711 prioridad=alta cliente=cliente-2
[2026-04-13 18:37:50,200] INFO - Ticket creado id=1717 cliente=cliente-3 prioridad=alta
[2026-04-13 18:37:50,202] INFO - Pantalla publica consultada: total=872 altas=1 medias=302 bajas=569
[2026-04-13 18:37:50,237] INFO - desk-1 atendio ticket id=1717 prioridad=alta cliente=cliente-3
[2026-04-13 18:37:50,246] INFO - Pantalla publica consultada: total=871 altas=0 medias=302 bajas=569
[2026-04-13 18:37:50,260] INFO - Ticket creado id=1718 cliente=cliente-2 prioridad=media
[2026-04-13 18:37:50,284] INFO - Pantalla publica consultada: total=872 altas=0 medias=303 bajas=569
[2026-04-13 18:37:50,299] INFO - Ticket creado id=1719 cliente=cliente-3 prioridad=alta
[2026-04-13 18:37:50,314] INFO - Ticket creado id=1720 cliente=cliente-2 prioridad=media
[2026-04-13 18:37:50,338] INFO - Ticket creado id=1721 cliente=cliente-1 prioridad=media
[2026-04-13 18:37:50,343] INFO - Pantalla publica consultada: total=875 altas=1 medias=305 bajas=569
[2026-04-13 18:37:50,368] INFO - desk-2 atendio ticket id=1719 prioridad=alta cliente=cliente-3
[2026-04-13 18:37:50,392] INFO - Ticket creado id=1722 cliente=cliente-1 prioridad=alta
[2026-04-13 18:37:50,394] INFO - Pantalla publica consultada: total=875 altas=1 medias=305 bajas=569
[2026-04-13 18:37:50,422] INFO - Ticket creado id=1723 cliente=cliente-2 prioridad=alta
[2026-04-13 18:37:50,440] INFO - Pantalla publica consultada: total=876 altas=2 medias=305 bajas=569
[2026-04-13 18:37:50,449] INFO - desk-3 atendio ticket id=1722 prioridad=alta cliente=cliente-1
[2026-04-13 18:37:50,476] INFO - Ticket creado id=1724 cliente=cliente-2 prioridad=alta
[2026-04-13 18:37:50,494] INFO - desk-1 atendio ticket id=1723 prioridad=alta cliente=cliente-2
[2026-04-13 18:37:50,496] INFO - Pantalla publica consultada: total=875 altas=1 medias=305 bajas=569
[2026-04-13 18:37:50,531] INFO - Ticket creado id=1725 cliente=cliente-2 prioridad=baja
[2026-04-13 18:37:50,553] INFO - desk-3 atendio ticket id=1724 prioridad=alta cliente=cliente-2
[2026-04-13 18:37:50,566] INFO - desk-1 atendio ticket id=867 prioridad=media cliente=cliente-1
[2026-04-13 18:37:50,585] INFO - Ticket creado id=1726 cliente=cliente-2 prioridad=media
[2026-04-13 18:37:50,597] INFO - Pantalla publica consultada: total=875 altas=0 medias=305 bajas=570
[2026-04-13 18:37:50,611] INFO - Pantalla publica consultada: total=875 altas=0 medias=305 bajas=570
[2026-04-13 18:37:50,637] INFO - Ticket creado id=1727 cliente=cliente-2 prioridad=media
[2026-04-13 18:37:50,649] INFO - desk-3 atendio ticket id=872 prioridad=media cliente=cliente-3
[2026-04-13 18:37:50,654] INFO - Pantalla publica consultada: total=875 altas=0 medias=305 bajas=570
[2026-04-13 18:37:50,690] INFO - Ticket creado id=1728 cliente=cliente-2 prioridad=baja
[2026-04-13 18:37:50,705] INFO - desk-3 atendio ticket id=876 prioridad=media cliente=cliente-1
[2026-04-13 18:37:50,718] INFO - Ticket creado id=1729 cliente=cliente-1 prioridad=alta
[2026-04-13 18:37:50,743] INFO - Ticket creado id=1730 cliente=cliente-2 prioridad=media
[2026-04-13 18:37:50,762] INFO - Ticket creado id=1731 cliente=cliente-3 prioridad=baja
[2026-04-13 18:37:50,775] INFO - Ticket creado id=1732 cliente=cliente-1 prioridad=alta
[2026-04-13 18:37:50,797] INFO - Ticket creado id=1733 cliente=cliente-2 prioridad=baja
[2026-04-13 18:37:50,806] INFO - Pantalla publica consultada: total=880 altas=2 medias=305 bajas=573
[2026-04-13 18:37:50,832] INFO - Ticket creado id=1734 cliente=cliente-1 prioridad=alta
[2026-04-13 18:37:50,853] INFO - Ticket creado id=1735 cliente=cliente-2 prioridad=alta
[2026-04-13 18:37:50,867] INFO - Ticket creado id=1736 cliente=cliente-3 prioridad=baja
[2026-04-13 18:37:50,884] INFO - desk-1 atendio ticket id=1729 prioridad=alta cliente=cliente-1
[2026-04-13 18:37:50,907] INFO - desk-2 atendio ticket id=1732 prioridad=alta cliente=cliente-1
[2026-04-13 18:37:50,919] INFO - Ticket creado id=1737 cliente=cliente-3 prioridad=baja
[2026-04-13 18:37:50,938] INFO - Ticket creado id=1738 cliente=cliente-1 prioridad=alta
[2026-04-13 18:37:50,950] INFO - Pantalla publica consultada: total=883 altas=3 medias=305 bajas=575
[2026-04-13 18:37:50,963] INFO - Pantalla publica consultada: total=883 altas=3 medias=305 bajas=575
[2026-04-13 18:37:50,981] INFO - Pantalla publica consultada: total=883 altas=3 medias=305 bajas=575
[2026-04-13 18:37:50,994] INFO - Pantalla publica consultada: total=883 altas=3 medias=305 bajas=575
[2026-04-13 18:37:51,015] INFO - desk-3 atendio ticket id=1734 prioridad=alta cliente=cliente-1
[2026-04-13 18:37:51,035] INFO - desk-1 atendio ticket id=1735 prioridad=alta cliente=cliente-2
[2026-04-13 18:37:51,047] INFO - desk-2 atendio ticket id=1738 prioridad=alta cliente=cliente-1
[2026-04-13 18:37:51,069] INFO - desk-3 atendio ticket id=881 prioridad=media cliente=cliente-3
[2026-04-13 18:37:51,088] INFO - desk-1 atendio ticket id=882 prioridad=media cliente=cliente-1
[2026-04-13 18:37:51,100] INFO - Ticket creado id=1739 cliente=cliente-2 prioridad=media
[2026-04-13 18:37:51,113] INFO - Pantalla publica consultada: total=879 altas=0 medias=304 bajas=575
[2026-04-13 18:37:51,141] INFO - desk-1 atendio ticket id=886 prioridad=media cliente=cliente-3
[2026-04-13 18:37:51,154] INFO - Ticket creado id=1740 cliente=cliente-2 prioridad=alta
[2026-04-13 18:37:51,157] INFO - Pantalla publica consultada: total=879 altas=1 medias=303 bajas=575
[2026-04-13 18:37:51,195] INFO - Ticket creado id=1741 cliente=cliente-1 prioridad=alta
[2026-04-13 18:37:51,207] INFO - Ticket creado id=1742 cliente=cliente-2 prioridad=media
[2026-04-13 18:37:51,219] INFO - Ticket creado id=1743 cliente=cliente-3 prioridad=media
[2026-04-13 18:37:51,248] INFO - Ticket creado id=1744 cliente=cliente-1 prioridad=baja
[2026-04-13 18:37:51,261] INFO - Ticket creado id=1745 cliente=cliente-2 prioridad=alta
[2026-04-13 18:37:51,273] INFO - Ticket creado id=1746 cliente=cliente-3 prioridad=media
[2026-04-13 18:37:51,292] INFO - Pantalla publica consultada: total=885 altas=3 medias=306 bajas=576
[2026-04-13 18:37:51,305] INFO - Pantalla publica consultada: total=885 altas=3 medias=306 bajas=576
[2026-04-13 18:37:51,325] INFO - desk-3 atendio ticket id=1740 prioridad=alta cliente=cliente-2
[2026-04-13 18:37:51,336] INFO - Pantalla publica consultada: total=884 altas=2 medias=306 bajas=576
[2026-04-13 18:37:51,349] INFO - Pantalla publica consultada: total=884 altas=2 medias=306 bajas=576
[2026-04-13 18:37:51,379] INFO - Ticket creado id=1747 cliente=cliente-3 prioridad=alta
[2026-04-13 18:37:51,382] INFO - Pantalla publica consultada: total=885 altas=3 medias=306 bajas=576
[2026-04-13 18:37:51,401] INFO - desk-2 atendio ticket id=1741 prioridad=alta cliente=cliente-1
[2026-04-13 18:37:51,424] INFO - Pantalla publica consultada: total=884 altas=2 medias=306 bajas=576
[2026-04-13 18:37:51,427] INFO - Pantalla publica consultada: total=884 altas=2 medias=306 bajas=576
[2026-04-13 18:37:51,453] INFO - Ticket creado id=1748 cliente=cliente-2 prioridad=alta
[2026-04-13 18:37:51,479] INFO - desk-3 atendio ticket id=1745 prioridad=alta cliente=cliente-2
[2026-04-13 18:37:51,490] INFO - desk-1 atendio ticket id=1747 prioridad=alta cliente=cliente-3
[2026-04-13 18:37:51,505] INFO - Ticket creado id=1749 cliente=cliente-2 prioridad=media
[2026-04-13 18:37:51,533] INFO - Ticket creado id=1750 cliente=cliente-3 prioridad=baja
[2026-04-13 18:37:51,544] INFO - Ticket creado id=1751 cliente=cliente-1 prioridad=alta
[2026-04-13 18:37:51,557] INFO - Ticket creado id=1752 cliente=cliente-2 prioridad=baja
[2026-04-13 18:37:51,577] INFO - Pantalla publica consultada: total=887 altas=2 medias=307 bajas=578
[2026-04-13 18:37:51,597] INFO - Ticket creado id=1753 cliente=cliente-1 prioridad=alta
[2026-04-13 18:37:51,610] INFO - desk-2 atendio ticket id=1748 prioridad=alta cliente=cliente-2
[2026-04-13 18:37:51,629] INFO - desk-3 atendio ticket id=1751 prioridad=alta cliente=cliente-1
[2026-04-13 18:37:51,650] INFO - Ticket creado id=1754 cliente=cliente-1 prioridad=alta
[2026-04-13 18:37:51,663] INFO - desk-2 atendio ticket id=1753 prioridad=alta cliente=cliente-1
[2026-04-13 18:37:51,681] INFO - desk-3 atendio ticket id=1754 prioridad=alta cliente=cliente-1
[2026-04-13 18:37:51,703] INFO - Ticket creado id=1755 cliente=cliente-1 prioridad=alta
[2026-04-13 18:37:51,715] INFO - desk-2 atendio ticket id=1755 prioridad=alta cliente=cliente-1
[2026-04-13 18:37:51,725] INFO - Pantalla publica consultada: total=885 altas=0 medias=307 bajas=578
[2026-04-13 18:37:51,756] INFO - Ticket creado id=1756 cliente=cliente-1 prioridad=media
[2026-04-13 18:37:51,772] INFO - desk-2 atendio ticket id=888 prioridad=media cliente=cliente-3
[2026-04-13 18:37:51,782] INFO - Ticket creado id=1757 cliente=cliente-3 prioridad=baja
[2026-04-13 18:37:51,809] INFO - desk-1 atendio ticket id=889 prioridad=media cliente=cliente-1
[2026-04-13 18:37:51,824] INFO - Ticket creado id=1758 cliente=cliente-2 prioridad=alta
[2026-04-13 18:37:51,837] INFO - desk-3 atendio ticket id=1758 prioridad=alta cliente=cliente-2
[2026-04-13 18:37:51,853] INFO - Pantalla publica consultada: total=885 altas=0 medias=306 bajas=579
[2026-04-13 18:37:51,876] INFO - desk-2 atendio ticket id=895 prioridad=media cliente=cliente-2
[2026-04-13 18:37:51,880] INFO - Pantalla publica consultada: total=884 altas=0 medias=305 bajas=579
[2026-04-13 18:37:51,897] INFO - Pantalla publica consultada: total=884 altas=0 medias=305 bajas=579
[2026-04-13 18:37:51,929] INFO - desk-2 atendio ticket id=901 prioridad=media cliente=cliente-2
[2026-04-13 18:37:51,941] INFO - Ticket creado id=1759 cliente=cliente-3 prioridad=alta
[2026-04-13 18:37:51,952] INFO - Ticket creado id=1760 cliente=cliente-1 prioridad=baja
[2026-04-13 18:37:51,973] INFO - Pantalla publica consultada: total=885 altas=1 medias=304 bajas=580
[2026-04-13 18:37:51,997] INFO - Ticket creado id=1761 cliente=cliente-3 prioridad=media
[2026-04-13 18:37:51,999] INFO - Pantalla publica consultada: total=886 altas=1 medias=305 bajas=580
[2026-04-13 18:37:52,026] INFO - Ticket creado id=1762 cliente=cliente-2 prioridad=alta
[2026-04-13 18:37:52,042] INFO - Pantalla publica consultada: total=887 altas=2 medias=305 bajas=580
[2026-04-13 18:37:52,054] INFO - Ticket creado id=1763 cliente=cliente-1 prioridad=media
[2026-04-13 18:37:52,075] INFO - Pantalla publica consultada: total=888 altas=2 medias=306 bajas=580
[2026-04-13 18:37:52,086] INFO - Pantalla publica consultada: total=888 altas=2 medias=306 bajas=580
[2026-04-13 18:37:52,108] INFO - desk-1 atendio ticket id=1759 prioridad=alta cliente=cliente-3
[2026-04-13 18:37:52,130] INFO - Ticket creado id=1764 cliente=cliente-2 prioridad=baja
[2026-04-13 18:37:52,132] INFO - Pantalla publica consultada: total=888 altas=1 medias=306 bajas=581
[2026-04-13 18:37:52,161] INFO - Ticket creado id=1765 cliente=cliente-1 prioridad=baja
[2026-04-13 18:37:52,184] INFO - desk-2 atendio ticket id=1762 prioridad=alta cliente=cliente-2
[2026-04-13 18:37:52,197] INFO - Ticket creado id=1766 cliente=cliente-3 prioridad=alta
[2026-04-13 18:37:52,205] INFO - Pantalla publica consultada: total=889 altas=1 medias=306 bajas=582
[2026-04-13 18:37:52,228] INFO - Pantalla publica consultada: total=889 altas=1 medias=306 bajas=582
[2026-04-13 18:37:52,251] INFO - desk-3 atendio ticket id=1766 prioridad=alta cliente=cliente-3
[2026-04-13 18:37:52,254] INFO - Pantalla publica consultada: total=888 altas=0 medias=306 bajas=582
[2026-04-13 18:37:52,282] INFO - Ticket creado id=1767 cliente=cliente-2 prioridad=media
[2026-04-13 18:37:52,306] INFO - Ticket creado id=1768 cliente=cliente-3 prioridad=baja
[2026-04-13 18:37:52,317] INFO - Ticket creado id=1769 cliente=cliente-1 prioridad=media
[2026-04-13 18:37:52,335] INFO - Ticket creado id=1770 cliente=cliente-2 prioridad=alta
[2026-04-13 18:37:52,360] INFO - Ticket creado id=1771 cliente=cliente-3 prioridad=alta
[2026-04-13 18:37:52,371] INFO - Ticket creado id=1772 cliente=cliente-1 prioridad=media
[2026-04-13 18:37:52,389] INFO - Ticket creado id=1773 cliente=cliente-2 prioridad=media
[2026-04-13 18:37:52,405] INFO - Pantalla publica consultada: total=895 altas=2 medias=310 bajas=583
[2026-04-13 18:37:52,425] INFO - desk-1 atendio ticket id=1770 prioridad=alta cliente=cliente-2
[2026-04-13 18:37:52,441] INFO - desk-2 atendio ticket id=1771 prioridad=alta cliente=cliente-3
[2026-04-13 18:37:52,458] INFO - Ticket creado id=1774 cliente=cliente-3 prioridad=alta
[2026-04-13 18:37:52,478] INFO - desk-1 atendio ticket id=1774 prioridad=alta cliente=cliente-3
[2026-04-13 18:37:52,485] INFO - Pantalla publica consultada: total=893 altas=0 medias=310 bajas=583
[2026-04-13 18:37:52,512] INFO - Ticket creado id=1775 cliente=cliente-3 prioridad=baja
[2026-04-13 18:37:52,531] INFO - Ticket creado id=1776 cliente=cliente-1 prioridad=media
[2026-04-13 18:37:52,544] INFO - Ticket creado id=1777 cliente=cliente-2 prioridad=media
[2026-04-13 18:37:52,557] INFO - Pantalla publica consultada: total=896 altas=0 medias=312 bajas=584
[2026-04-13 18:37:52,576] INFO - Pantalla publica consultada: total=896 altas=0 medias=312 bajas=584
[2026-04-13 18:37:52,596] INFO - Ticket creado id=1778 cliente=cliente-2 prioridad=alta
[2026-04-13 18:37:52,611] INFO - Ticket creado id=1779 cliente=cliente-3 prioridad=baja
[2026-04-13 18:37:52,629] INFO - desk-1 atendio ticket id=1778 prioridad=alta cliente=cliente-2
[2026-04-13 18:37:52,648] INFO - Ticket creado id=1780 cliente=cliente-2 prioridad=alta
[2026-04-13 18:37:52,670] INFO - Ticket creado id=1781 cliente=cliente-3 prioridad=alta
[2026-04-13 18:37:52,676] INFO - Pantalla publica consultada: total=899 altas=2 medias=312 bajas=585
[2026-04-13 18:37:52,704] INFO - desk-2 atendio ticket id=1780 prioridad=alta cliente=cliente-2
[2026-04-13 18:37:52,727] INFO - desk-3 atendio ticket id=1781 prioridad=alta cliente=cliente-3
[2026-04-13 18:37:52,739] INFO - desk-1 atendio ticket id=904 prioridad=media cliente=cliente-1
[2026-04-13 18:37:52,758] INFO - Ticket creado id=1782 cliente=cliente-2 prioridad=baja
[2026-04-13 18:37:52,772] INFO - Pantalla publica consultada: total=897 altas=0 medias=311 bajas=586
[2026-04-13 18:37:52,794] INFO - Ticket creado id=1783 cliente=cliente-1 prioridad=media
[2026-04-13 18:37:52,812] INFO - Ticket creado id=1784 cliente=cliente-2 prioridad=alta
[2026-04-13 18:37:52,825] INFO - desk-3 atendio ticket id=1784 prioridad=alta cliente=cliente-2
[2026-04-13 18:37:52,847] INFO - Ticket creado id=1785 cliente=cliente-1 prioridad=baja
[2026-04-13 18:37:52,865] INFO - desk-2 atendio ticket id=906 prioridad=media cliente=cliente-2
[2026-04-13 18:37:52,868] INFO - Pantalla publica consultada: total=898 altas=0 medias=311 bajas=587
[2026-04-13 18:37:52,901] INFO - Ticket creado id=1786 cliente=cliente-1 prioridad=baja
[2026-04-13 18:37:52,924] INFO - Ticket creado id=1787 cliente=cliente-2 prioridad=media
[2026-04-13 18:37:52,941] INFO - Ticket creado id=1788 cliente=cliente-3 prioridad=alta
[2026-04-13 18:37:52,945] INFO - Pantalla publica consultada: total=901 altas=1 medias=312 bajas=588
[2026-04-13 18:37:52,979] INFO - Ticket creado id=1789 cliente=cliente-2 prioridad=alta
[2026-04-13 18:37:52,996] INFO - Ticket creado id=1790 cliente=cliente-3 prioridad=alta
[2026-04-13 18:37:52,998] INFO - Pantalla publica consultada: total=903 altas=3 medias=312 bajas=588
[2026-04-13 18:37:53,023] INFO - Pantalla publica consultada: total=903 altas=3 medias=312 bajas=588
[2026-04-13 18:37:53,050] INFO - desk-3 atendio ticket id=1788 prioridad=alta cliente=cliente-3
[2026-04-13 18:37:53,062] INFO - Ticket creado id=1791 cliente=cliente-1 prioridad=media
[2026-04-13 18:37:53,077] INFO - desk-2 atendio ticket id=1789 prioridad=alta cliente=cliente-2
[2026-04-13 18:37:53,094] INFO - Pantalla publica consultada: total=902 altas=1 medias=313 bajas=588
[2026-04-13 18:37:53,115] INFO - Ticket creado id=1792 cliente=cliente-1 prioridad=baja
[2026-04-13 18:37:53,130] INFO - desk-2 atendio ticket id=1790 prioridad=alta cliente=cliente-3
[2026-04-13 18:37:53,148] INFO - Ticket creado id=1793 cliente=cliente-3 prioridad=baja
[2026-04-13 18:37:53,160] INFO - Pantalla publica consultada: total=903 altas=0 medias=313 bajas=590
[2026-04-13 18:37:53,184] INFO - Ticket creado id=1794 cliente=cliente-2 prioridad=alta
[2026-04-13 18:37:53,192] INFO - Pantalla publica consultada: total=904 altas=1 medias=313 bajas=590
[2026-04-13 18:37:53,213] INFO - desk-1 atendio ticket id=1794 prioridad=alta cliente=cliente-2
[2026-04-13 18:37:53,238] INFO - Ticket creado id=1795 cliente=cliente-2 prioridad=media
[2026-04-13 18:37:53,252] INFO - desk-3 atendio ticket id=907 prioridad=media cliente=cliente-3
[2026-04-13 18:37:53,257] INFO - Pantalla publica consultada: total=903 altas=0 medias=313 bajas=590
[2026-04-13 18:37:53,295] INFO - desk-2 atendio ticket id=910 prioridad=media cliente=cliente-3
[2026-04-13 18:37:53,308] INFO - Ticket creado id=1796 cliente=cliente-3 prioridad=baja
[2026-04-13 18:37:53,321] INFO - Ticket creado id=1797 cliente=cliente-1 prioridad=baja
[2026-04-13 18:37:53,349] INFO - desk-2 atendio ticket id=922 prioridad=media cliente=cliente-1
[2026-04-13 18:37:53,362] INFO - Ticket creado id=1798 cliente=cliente-3 prioridad=baja
[2026-04-13 18:37:53,375] INFO - Ticket creado id=1799 cliente=cliente-1 prioridad=alta
[2026-04-13 18:37:53,405] INFO - Ticket creado id=1800 cliente=cliente-2 prioridad=media
[2026-04-13 18:37:53,407] INFO - Pantalla publica consultada: total=906 altas=1 medias=312 bajas=593
[2026-04-13 18:37:53,420] INFO - Pantalla publica consultada: total=906 altas=1 medias=312 bajas=593
[2026-04-13 18:37:53,460] INFO - Ticket creado id=1801 cliente=cliente-2 prioridad=baja
[2026-04-13 18:37:53,462] INFO - Pantalla publica consultada: total=907 altas=1 medias=312 bajas=594
[2026-04-13 18:37:53,475] INFO - desk-1 atendio ticket id=1799 prioridad=alta cliente=cliente-1
[2026-04-13 18:37:53,504] INFO - Pantalla publica consultada: total=906 altas=0 medias=312 bajas=594
[2026-04-13 18:37:53,517] INFO - desk-3 atendio ticket id=924 prioridad=media cliente=cliente-1
[2026-04-13 18:37:53,529] INFO - Ticket creado id=1802 cliente=cliente-1 prioridad=alta
[2026-04-13 18:37:53,559] INFO - desk-2 atendio ticket id=1802 prioridad=alta cliente=cliente-1
[2026-04-13 18:37:53,573] INFO - Ticket creado id=1803 cliente=cliente-3 prioridad=baja
[2026-04-13 18:37:53,587] INFO - Ticket creado id=1804 cliente=cliente-1 prioridad=media
[2026-04-13 18:37:53,603] INFO - Pantalla publica consultada: total=907 altas=0 medias=312 bajas=595
[2026-04-13 18:37:53,628] INFO - Ticket creado id=1805 cliente=cliente-3 prioridad=media
[2026-04-13 18:37:53,640] INFO - desk-1 atendio ticket id=925 prioridad=media cliente=cliente-3
[2026-04-13 18:37:53,647] INFO - Pantalla publica consultada: total=907 altas=0 medias=312 bajas=595
[2026-04-13 18:37:53,671] INFO - Pantalla publica consultada: total=907 altas=0 medias=312 bajas=595
[2026-04-13 18:37:53,684] INFO - Pantalla publica consultada: total=907 altas=0 medias=312 bajas=595
[2026-04-13 18:37:53,700] INFO - Ticket creado id=1806 cliente=cliente-2 prioridad=baja
[2026-04-13 18:37:53,715] INFO - Pantalla publica consultada: total=908 altas=0 medias=312 bajas=596
[2026-04-13 18:37:53,738] INFO - Ticket creado id=1807 cliente=cliente-1 prioridad=alta
[2026-04-13 18:37:53,754] INFO - desk-2 atendio ticket id=1807 prioridad=alta cliente=cliente-1
[2026-04-13 18:37:53,758] INFO - Pantalla publica consultada: total=908 altas=0 medias=312 bajas=596
[2026-04-13 18:37:53,791] INFO - Ticket creado id=1808 cliente=cliente-1 prioridad=media
[2026-04-13 18:37:53,808] INFO - Ticket creado id=1809 cliente=cliente-2 prioridad=baja
[2026-04-13 18:37:53,820] INFO - Ticket creado id=1810 cliente=cliente-3 prioridad=media
[2026-04-13 18:37:53,835] INFO - Pantalla publica consultada: total=911 altas=0 medias=314 bajas=597
[2026-04-13 18:37:53,852] INFO - Pantalla publica consultada: total=911 altas=0 medias=314 bajas=597
[2026-04-13 18:37:53,875] INFO - Ticket creado id=1811 cliente=cliente-3 prioridad=alta
[2026-04-13 18:37:53,888] INFO - desk-1 atendio ticket id=1811 prioridad=alta cliente=cliente-3
[2026-04-13 18:37:53,906] INFO - Ticket creado id=1812 cliente=cliente-2 prioridad=media
[2026-04-13 18:37:53,929] INFO - Ticket creado id=1813 cliente=cliente-3 prioridad=media
[2026-04-13 18:37:53,941] INFO - Ticket creado id=1814 cliente=cliente-1 prioridad=alta
[2026-04-13 18:37:53,961] INFO - desk-2 atendio ticket id=1814 prioridad=alta cliente=cliente-1
[2026-04-13 18:37:53,982] INFO - Ticket creado id=1815 cliente=cliente-3 prioridad=media
[2026-04-13 18:37:53,995] INFO - desk-1 atendio ticket id=929 prioridad=media cliente=cliente-2
[2026-04-13 18:37:54,006] INFO - Pantalla publica consultada: total=913 altas=0 medias=316 bajas=597
[2026-04-13 18:37:54,044] INFO - Ticket creado id=1816 cliente=cliente-3 prioridad=media
[2026-04-13 18:37:54,058] INFO - desk-1 atendio ticket id=930 prioridad=media cliente=cliente-1
[2026-04-13 18:37:54,072] INFO - Ticket creado id=1817 cliente=cliente-2 prioridad=media
[2026-04-13 18:37:54,089] INFO - Pantalla publica consultada: total=914 altas=0 medias=317 bajas=597
[2026-04-13 18:37:54,113] INFO - Ticket creado id=1818 cliente=cliente-1 prioridad=baja
[2026-04-13 18:37:54,126] INFO - Ticket creado id=1819 cliente=cliente-2 prioridad=alta
[2026-04-13 18:37:54,145] INFO - Ticket creado id=1820 cliente=cliente-3 prioridad=baja
[2026-04-13 18:37:54,167] INFO - Ticket creado id=1821 cliente=cliente-1 prioridad=baja
[2026-04-13 18:37:54,182] INFO - Ticket creado id=1822 cliente=cliente-2 prioridad=alta
[2026-04-13 18:37:54,190] INFO - Pantalla publica consultada: total=919 altas=2 medias=317 bajas=600
[2026-04-13 18:37:54,221] INFO - Ticket creado id=1823 cliente=cliente-1 prioridad=baja
[2026-04-13 18:37:54,238] INFO - desk-2 atendio ticket id=1819 prioridad=alta cliente=cliente-2
[2026-04-13 18:37:54,251] INFO - Ticket creado id=1824 cliente=cliente-3 prioridad=alta
[2026-04-13 18:37:54,277] INFO - Ticket creado id=1825 cliente=cliente-1 prioridad=media
[2026-04-13 18:37:54,283] INFO - Pantalla publica consultada: total=921 altas=2 medias=318 bajas=601
[2026-04-13 18:37:54,307] INFO - desk-3 atendio ticket id=1822 prioridad=alta cliente=cliente-2
[2026-04-13 18:37:54,332] INFO - Ticket creado id=1826 cliente=cliente-1 prioridad=media
[2026-04-13 18:37:54,334] INFO - Pantalla publica consultada: total=921 altas=1 medias=319 bajas=601
[2026-04-13 18:37:54,361] INFO - desk-3 atendio ticket id=1824 prioridad=alta cliente=cliente-3
[2026-04-13 18:37:54,376] INFO - Pantalla publica consultada: total=920 altas=0 medias=319 bajas=601
[2026-04-13 18:37:54,389] INFO - Ticket creado id=1827 cliente=cliente-2 prioridad=alta
[2026-04-13 18:37:54,405] INFO - Pantalla publica consultada: total=921 altas=1 medias=319 bajas=601
[2026-04-13 18:37:54,429] INFO - Ticket creado id=1828 cliente=cliente-1 prioridad=baja
[2026-04-13 18:37:54,434] INFO - Pantalla publica consultada: total=922 altas=1 medias=319 bajas=602
[2026-04-13 18:37:54,459] INFO - desk-3 atendio ticket id=1827 prioridad=alta cliente=cliente-2
[2026-04-13 18:37:54,485] INFO - Ticket creado id=1829 cliente=cliente-1 prioridad=media
[2026-04-13 18:37:54,497] INFO - Ticket creado id=1830 cliente=cliente-2 prioridad=baja
[2026-04-13 18:37:54,513] INFO - Ticket creado id=1831 cliente=cliente-3 prioridad=baja
[2026-04-13 18:37:54,543] INFO - Ticket creado id=1832 cliente=cliente-1 prioridad=alta
[2026-04-13 18:37:54,546] INFO - Pantalla publica consultada: total=925 altas=1 medias=320 bajas=604
[2026-04-13 18:37:54,557] INFO - Pantalla publica consultada: total=925 altas=1 medias=320 bajas=604
[2026-04-13 18:37:54,588] INFO - Pantalla publica consultada: total=925 altas=1 medias=320 bajas=604
[2026-04-13 18:37:54,603] INFO - Ticket creado id=1833 cliente=cliente-2 prioridad=media
[2026-04-13 18:37:54,615] INFO - Ticket creado id=1834 cliente=cliente-3 prioridad=baja
[2026-04-13 18:37:54,643] INFO - Ticket creado id=1835 cliente=cliente-1 prioridad=baja
[2026-04-13 18:37:54,647] INFO - Pantalla publica consultada: total=928 altas=1 medias=321 bajas=606
[2026-04-13 18:37:54,668] INFO - desk-3 atendio ticket id=1832 prioridad=alta cliente=cliente-1
[2026-04-13 18:37:54,697] INFO - Ticket creado id=1836 cliente=cliente-1 prioridad=baja
[2026-04-13 18:37:54,709] INFO - Ticket creado id=1837 cliente=cliente-2 prioridad=baja
[2026-04-13 18:37:54,722] INFO - desk-3 atendio ticket id=934 prioridad=media cliente=cliente-3
[2026-04-13 18:37:54,750] INFO - Ticket creado id=1838 cliente=cliente-1 prioridad=baja
[2026-04-13 18:37:54,753] INFO - Pantalla publica consultada: total=929 altas=0 medias=320 bajas=609
[2026-04-13 18:37:54,775] INFO - desk-3 atendio ticket id=942 prioridad=media cliente=cliente-3
[2026-04-13 18:37:54,794] INFO - Pantalla publica consultada: total=928 altas=0 medias=319 bajas=609
[2026-04-13 18:37:54,806] INFO - Ticket creado id=1839 cliente=cliente-2 prioridad=baja
[2026-04-13 18:37:54,828] INFO - Ticket creado id=1840 cliente=cliente-3 prioridad=media
[2026-04-13 18:37:54,838] INFO - Pantalla publica consultada: total=930 altas=0 medias=320 bajas=610
[2026-04-13 18:37:54,851] INFO - Pantalla publica consultada: total=930 altas=0 medias=320 bajas=610
[2026-04-13 18:37:54,883] INFO - desk-3 atendio ticket id=947 prioridad=media cliente=cliente-1
[2026-04-13 18:37:54,898] INFO - Ticket creado id=1841 cliente=cliente-1 prioridad=baja
[2026-04-13 18:37:54,901] INFO - Pantalla publica consultada: total=930 altas=0 medias=319 bajas=611
[2026-04-13 18:37:54,928] INFO - Pantalla publica consultada: total=930 altas=0 medias=319 bajas=611
[2026-04-13 18:37:54,954] INFO - desk-1 atendio ticket id=948 prioridad=media cliente=cliente-2
[2026-04-13 18:37:54,957] INFO - Pantalla publica consultada: total=929 altas=0 medias=318 bajas=611
[2026-04-13 18:37:54,983] INFO - Ticket creado id=1842 cliente=cliente-3 prioridad=alta
[2026-04-13 18:37:55,012] INFO - Ticket creado id=1843 cliente=cliente-1 prioridad=media
[2026-04-13 18:37:55,024] INFO - desk-2 atendio ticket id=1842 prioridad=alta cliente=cliente-3
[2026-04-13 18:37:55,036] INFO - Ticket creado id=1844 cliente=cliente-3 prioridad=alta
[2026-04-13 18:37:55,068] INFO - Ticket creado id=1845 cliente=cliente-1 prioridad=alta
[2026-04-13 18:37:55,081] INFO - Ticket creado id=1846 cliente=cliente-2 prioridad=baja
[2026-04-13 18:37:55,092] INFO - desk-3 atendio ticket id=1844 prioridad=alta cliente=cliente-3
[2026-04-13 18:37:55,113] INFO - Pantalla publica consultada: total=932 altas=1 medias=319 bajas=612
[2026-04-13 18:37:55,137] INFO - Ticket creado id=1847 cliente=cliente-2 prioridad=media
[2026-04-13 18:37:55,150] INFO - Ticket creado id=1848 cliente=cliente-3 prioridad=alta
[2026-04-13 18:37:55,166] INFO - desk-1 atendio ticket id=1845 prioridad=alta cliente=cliente-1
[2026-04-13 18:37:55,192] INFO - desk-2 atendio ticket id=1848 prioridad=alta cliente=cliente-3
[2026-04-13 18:37:55,205] INFO - Ticket creado id=1849 cliente=cliente-3 prioridad=media
[2026-04-13 18:37:55,221] INFO - Ticket creado id=1850 cliente=cliente-1 prioridad=media
[2026-04-13 18:37:55,236] INFO - Pantalla publica consultada: total=934 altas=0 medias=322 bajas=612
[2026-04-13 18:37:55,260] INFO - Ticket creado id=1851 cliente=cliente-3 prioridad=alta
[2026-04-13 18:37:55,274] INFO - Ticket creado id=1852 cliente=cliente-1 prioridad=baja
[2026-04-13 18:37:55,290] INFO - Ticket creado id=1853 cliente=cliente-2 prioridad=media
[2026-04-13 18:37:55,315] INFO - desk-3 atendio ticket id=1851 prioridad=alta cliente=cliente-3
[2026-04-13 18:37:55,327] INFO - Ticket creado id=1854 cliente=cliente-1 prioridad=media
[2026-04-13 18:37:55,343] INFO - Ticket creado id=1855 cliente=cliente-2 prioridad=media
[2026-04-13 18:37:55,370] INFO - desk-3 atendio ticket id=950 prioridad=media cliente=cliente-1
[2026-04-13 18:37:55,383] INFO - Ticket creado id=1856 cliente=cliente-1 prioridad=alta
[2026-04-13 18:37:55,387] INFO - Pantalla publica consultada: total=938 altas=1 medias=324 bajas=613
[2026-04-13 18:37:55,414] INFO - Pantalla publica consultada: total=938 altas=1 medias=324 bajas=613
[2026-04-13 18:37:55,439] INFO - Ticket creado id=1857 cliente=cliente-1 prioridad=alta
[2026-04-13 18:37:55,451] INFO - desk-2 atendio ticket id=1856 prioridad=alta cliente=cliente-1
[2026-04-13 18:37:55,458] INFO - Pantalla publica consultada: total=938 altas=1 medias=324 bajas=613
[2026-04-13 18:37:55,484] INFO - Pantalla publica consultada: total=938 altas=1 medias=324 bajas=613
[2026-04-13 18:37:55,507] INFO - Ticket creado id=1858 cliente=cliente-2 prioridad=alta
[2026-04-13 18:37:55,511] INFO - Pantalla publica consultada: total=939 altas=2 medias=324 bajas=613
[2026-04-13 18:37:55,539] INFO - desk-1 atendio ticket id=1857 prioridad=alta cliente=cliente-1
[2026-04-13 18:37:55,565] INFO - Ticket creado id=1859 cliente=cliente-2 prioridad=baja
[2026-04-13 18:37:55,567] INFO - Pantalla publica consultada: total=939 altas=1 medias=324 bajas=614
[2026-04-13 18:37:55,593] INFO - Ticket creado id=1860 cliente=cliente-1 prioridad=baja
[2026-04-13 18:37:55,609] INFO - Pantalla publica consultada: total=940 altas=1 medias=324 bajas=615
[2026-04-13 18:37:55,623] INFO - Ticket creado id=1861 cliente=cliente-3 prioridad=media
[2026-04-13 18:37:55,647] INFO - Ticket creado id=1862 cliente=cliente-1 prioridad=media
[2026-04-13 18:37:55,663] INFO - Ticket creado id=1863 cliente=cliente-2 prioridad=media
[2026-04-13 18:37:55,676] INFO - desk-3 atendio ticket id=1858 prioridad=alta cliente=cliente-2
[2026-04-13 18:37:55,700] INFO - Ticket creado id=1864 cliente=cliente-1 prioridad=media
[2026-04-13 18:37:55,717] INFO - desk-2 atendio ticket id=951 prioridad=media cliente=cliente-2
[2026-04-13 18:37:55,729] INFO - desk-3 atendio ticket id=957 prioridad=media cliente=cliente-2
[2026-04-13 18:37:55,744] INFO - Pantalla publica consultada: total=941 altas=0 medias=326 bajas=615
[2026-04-13 18:37:55,772] INFO - Ticket creado id=1865 cliente=cliente-2 prioridad=baja
[2026-04-13 18:37:55,774] INFO - Pantalla publica consultada: total=942 altas=0 medias=326 bajas=616
[2026-04-13 18:37:55,807] INFO - Ticket creado id=1866 cliente=cliente-1 prioridad=baja
[2026-04-13 18:37:55,817] INFO - Pantalla publica consultada: total=943 altas=0 medias=326 bajas=617
[2026-04-13 18:37:55,830] INFO - Ticket creado id=1867 cliente=cliente-3 prioridad=baja
[2026-04-13 18:37:55,861] INFO - Ticket creado id=1868 cliente=cliente-1 prioridad=alta
[2026-04-13 18:37:55,873] INFO - Ticket creado id=1869 cliente=cliente-2 prioridad=media
[2026-04-13 18:37:55,876] INFO - Pantalla publica consultada: total=946 altas=1 medias=327 bajas=618
[2026-04-13 18:37:55,914] INFO - Ticket creado id=1870 cliente=cliente-1 prioridad=alta
[2026-04-13 18:37:55,917] INFO - Pantalla publica consultada: total=947 altas=2 medias=327 bajas=618
[2026-04-13 18:37:55,929] INFO - Ticket creado id=1871 cliente=cliente-3 prioridad=media
[2026-04-13 18:37:55,970] INFO - Ticket creado id=1872 cliente=cliente-1 prioridad=alta
[2026-04-13 18:37:55,982] INFO - desk-2 atendio ticket id=1868 prioridad=alta cliente=cliente-1
[2026-04-13 18:37:55,995] INFO - Ticket creado id=1873 cliente=cliente-3 prioridad=media
[2026-04-13 18:37:56,024] INFO - Ticket creado id=1874 cliente=cliente-1 prioridad=media
[2026-04-13 18:37:56,047] INFO - desk-2 atendio ticket id=1870 prioridad=alta cliente=cliente-1
[2026-04-13 18:37:56,060] INFO - desk-3 atendio ticket id=1872 prioridad=alta cliente=cliente-1
[2026-04-13 18:37:56,070] INFO - Pantalla publica consultada: total=948 altas=0 medias=330 bajas=618
[2026-04-13 18:37:56,101] INFO - desk-2 atendio ticket id=960 prioridad=media cliente=cliente-1
[2026-04-13 18:37:56,115] INFO - Ticket creado id=1875 cliente=cliente-3 prioridad=alta
[2026-04-13 18:37:56,128] INFO - desk-1 atendio ticket id=1875 prioridad=alta cliente=cliente-3
[2026-04-13 18:37:56,155] INFO - Ticket creado id=1876 cliente=cliente-2 prioridad=alta
[2026-04-13 18:37:56,168] INFO - Ticket creado id=1877 cliente=cliente-3 prioridad=baja
[2026-04-13 18:37:56,171] INFO - Pantalla publica consultada: total=949 altas=1 medias=329 bajas=619
[2026-04-13 18:37:56,208] INFO - desk-2 atendio ticket id=1876 prioridad=alta cliente=cliente-2
[2026-04-13 18:37:56,221] INFO - desk-3 atendio ticket id=965 prioridad=media cliente=cliente-1
[2026-04-13 18:37:56,223] INFO - Pantalla publica consultada: total=947 altas=0 medias=328 bajas=619
[2026-04-13 18:37:56,253] INFO - Pantalla publica consultada: total=947 altas=0 medias=328 bajas=619
[2026-04-13 18:37:56,266] INFO - Pantalla publica consultada: total=947 altas=0 medias=328 bajas=619
[2026-04-13 18:37:56,278] INFO - Ticket creado id=1878 cliente=cliente-1 prioridad=media
[2026-04-13 18:37:56,307] INFO - Ticket creado id=1879 cliente=cliente-2 prioridad=baja
[2026-04-13 18:37:56,319] INFO - Ticket creado id=1880 cliente=cliente-3 prioridad=alta
[2026-04-13 18:37:56,333] INFO - Ticket creado id=1881 cliente=cliente-1 prioridad=media
[2026-04-13 18:37:56,362] INFO - Ticket creado id=1882 cliente=cliente-2 prioridad=alta
[2026-04-13 18:37:56,377] INFO - Ticket creado id=1883 cliente=cliente-3 prioridad=baja
[2026-04-13 18:37:56,390] INFO - Ticket creado id=1884 cliente=cliente-1 prioridad=media
[2026-04-13 18:37:56,416] INFO - Ticket creado id=1885 cliente=cliente-2 prioridad=baja
[2026-04-13 18:37:56,430] INFO - desk-3 atendio ticket id=1880 prioridad=alta cliente=cliente-3
[2026-04-13 18:37:56,445] INFO - Ticket creado id=1886 cliente=cliente-1 prioridad=alta
[2026-04-13 18:37:56,471] INFO - Ticket creado id=1887 cliente=cliente-2 prioridad=baja
[2026-04-13 18:37:56,475] INFO - Pantalla publica consultada: total=956 altas=2 medias=331 bajas=623
[2026-04-13 18:37:56,501] INFO - Ticket creado id=1888 cliente=cliente-1 prioridad=alta
[2026-04-13 18:37:56,531] INFO - Ticket creado id=1889 cliente=cliente-2 prioridad=baja
[2026-04-13 18:37:56,544] INFO - Ticket creado id=1890 cliente=cliente-3 prioridad=alta
[2026-04-13 18:37:56,546] INFO - Pantalla publica consultada: total=959 altas=4 medias=331 bajas=624
[2026-04-13 18:37:56,585] INFO - Ticket creado id=1891 cliente=cliente-2 prioridad=alta
[2026-04-13 18:37:56,588] INFO - Pantalla publica consultada: total=960 altas=5 medias=331 bajas=624
[2026-04-13 18:37:56,601] INFO - Ticket creado id=1892 cliente=cliente-1 prioridad=baja
[2026-04-13 18:37:56,642] INFO - Ticket creado id=1893 cliente=cliente-2 prioridad=media
[2026-04-13 18:37:56,644] INFO - Pantalla publica consultada: total=962 altas=5 medias=332 bajas=625
[2026-04-13 18:37:56,656] INFO - Ticket creado id=1894 cliente=cliente-1 prioridad=media
[2026-04-13 18:37:56,697] INFO - Ticket creado id=1895 cliente=cliente-2 prioridad=alta
[2026-04-13 18:37:56,710] INFO - Ticket creado id=1896 cliente=cliente-3 prioridad=media
[2026-04-13 18:37:56,723] INFO - Ticket creado id=1897 cliente=cliente-1 prioridad=media
[2026-04-13 18:37:56,741] INFO - Pantalla publica consultada: total=966 altas=6 medias=335 bajas=625
[2026-04-13 18:37:56,766] INFO - Ticket creado id=1898 cliente=cliente-3 prioridad=media
[2026-04-13 18:37:56,779] INFO - Ticket creado id=1899 cliente=cliente-1 prioridad=baja
[2026-04-13 18:37:56,795] INFO - desk-2 atendio ticket id=1882 prioridad=alta cliente=cliente-2
[2026-04-13 18:37:56,815] INFO - Pantalla publica consultada: total=967 altas=5 medias=336 bajas=626
[2026-04-13 18:37:56,832] INFO - Ticket creado id=1900 cliente=cliente-1 prioridad=baja
[2026-04-13 18:37:56,839] INFO - Pantalla publica consultada: total=968 altas=5 medias=336 bajas=627
[2026-04-13 18:37:56,859] INFO - Pantalla publica consultada: total=968 altas=5 medias=336 bajas=627
[2026-04-13 18:37:56,877] INFO - Pantalla publica consultada: total=968 altas=5 medias=336 bajas=627
[2026-04-13 18:37:56,892] INFO - Ticket creado id=1901 cliente=cliente-2 prioridad=media
[2026-04-13 18:37:56,913] INFO - desk-3 atendio ticket id=1886 prioridad=alta cliente=cliente-1
[2026-04-13 18:37:56,931] INFO - Ticket creado id=1902 cliente=cliente-1 prioridad=alta
[2026-04-13 18:37:56,945] INFO - Ticket creado id=1903 cliente=cliente-2 prioridad=baja
[2026-04-13 18:37:56,966] INFO - Ticket creado id=1904 cliente=cliente-3 prioridad=media
[2026-04-13 18:37:56,984] INFO - desk-1 atendio ticket id=1888 prioridad=alta cliente=cliente-1
[2026-04-13 18:37:56,998] INFO - Ticket creado id=1905 cliente=cliente-2 prioridad=media
[2026-04-13 18:37:57,020] INFO - Ticket creado id=1906 cliente=cliente-3 prioridad=baja
[2026-04-13 18:37:57,039] INFO - desk-1 atendio ticket id=1890 prioridad=alta cliente=cliente-3
[2026-04-13 18:37:57,054] INFO - Ticket creado id=1907 cliente=cliente-2 prioridad=media
[2026-04-13 18:37:57,064] INFO - Pantalla publica consultada: total=972 altas=3 medias=340 bajas=629
[2026-04-13 18:37:57,095] INFO - desk-1 atendio ticket id=1891 prioridad=alta cliente=cliente-2
[2026-04-13 18:37:57,109] INFO - Ticket creado id=1908 cliente=cliente-2 prioridad=media
[2026-04-13 18:37:57,123] INFO - Ticket creado id=1909 cliente=cliente-3 prioridad=baja
[2026-04-13 18:37:57,149] INFO - desk-1 atendio ticket id=1895 prioridad=alta cliente=cliente-2
[2026-04-13 18:37:57,163] INFO - Ticket creado id=1910 cliente=cliente-2 prioridad=media
[2026-04-13 18:37:57,175] INFO - desk-3 atendio ticket id=1902 prioridad=alta cliente=cliente-1
[2026-04-13 18:37:57,203] INFO - Ticket creado id=1911 cliente=cliente-1 prioridad=alta
[2026-04-13 18:37:57,206] INFO - Pantalla publica consultada: total=973 altas=1 medias=342 bajas=630
[2026-04-13 18:37:57,219] INFO - Pantalla publica consultada: total=973 altas=1 medias=342 bajas=630
